sample_id,condition_group_id,canonical_vin_set_group_v,frequency_set_hz,core_id,repeat_id,split
session_20260802_061432_FE_F4500_V2p8_R01_20260802_061439_822874,F4500_V2p8_RL49p6025_SINE,2.8,4500.0,FE,1,train
session_20260802_061432_FE_F4500_V2p8_R02_20260802_061443_629281,F4500_V2p8_RL49p6025_SINE,2.8,4500.0,FE,2,train
session_20260802_061432_FE_F4500_V2p8_R03_20260802_061447_451288,F4500_V2p8_RL49p6025_SINE,2.8,4500.0,FE,3,train
session_20260802_061432_FE_F4500_V2p8_R04_20260802_061451_273294,F4500_V2p8_RL49p6025_SINE,2.8,4500.0,FE,4,train
session_20260802_061432_FE_F4500_V2p8_R05_20260802_061455_095301,F4500_V2p8_RL49p6025_SINE,2.8,4500.0,FE,5,train
session_20260802_061432_FE_F4250_V2p8_R01_20260802_061505_328919,F4250_V2p8_RL49p6025_SINE,2.8,4250.0,FE,1,train
session_20260802_061432_FE_F4250_V2p8_R02_20260802_061509_150926,F4250_V2p8_RL49p6025_SINE,2.8,4250.0,FE,2,train
session_20260802_061432_FE_F4250_V2p8_R03_20260802_061512_957333,F4250_V2p8_RL49p6025_SINE,2.8,4250.0,FE,3,train
session_20260802_061432_FE_F4250_V2p8_R04_20260802_061516_779339,F4250_V2p8_RL49p6025_SINE,2.8,4250.0,FE,4,train
session_20260802_061432_FE_F4250_V2p8_R05_20260802_061520_585746,F4250_V2p8_RL49p6025_SINE,2.8,4250.0,FE,5,train
session_20260802_061432_FE_F4000_V2p8_R01_20260802_061530_834964,F4000_V2p8_RL49p6025_SINE,2.8,4000.0,FE,1,train
session_20260802_061432_FE_F4000_V2p8_R02_20260802_061534_641371,F4000_V2p8_RL49p6025_SINE,2.8,4000.0,FE,2,train
session_20260802_061432_FE_F4000_V2p8_R03_20260802_061538_463377,F4000_V2p8_RL49p6025_SINE,2.8,4000.0,FE,3,train
session_20260802_061432_FE_F4000_V2p8_R04_20260802_061542_269784,F4000_V2p8_RL49p6025_SINE,2.8,4000.0,FE,4,train
session_20260802_061432_FE_F4000_V2p8_R05_20260802_061545_966991,F4000_V2p8_RL49p6025_SINE,2.8,4000.0,FE,5,train
session_20260802_061432_FE_F3750_V2p8_R01_20260802_061556_341009,F3750_V2p8_RL49p6025_SINE,2.8,3750.0,FE,1,test
session_20260802_061432_FE_F3750_V2p8_R02_20260802_061600_147415,F3750_V2p8_RL49p6025_SINE,2.8,3750.0,FE,2,test
session_20260802_061432_FE_F3750_V2p8_R03_20260802_061603_953822,F3750_V2p8_RL49p6025_SINE,2.8,3750.0,FE,3,test
session_20260802_061432_FE_F3750_V2p8_R04_20260802_061607_775829,F3750_V2p8_RL49p6025_SINE,2.8,3750.0,FE,4,test
session_20260802_061432_FE_F3750_V2p8_R05_20260802_061611_597836,F3750_V2p8_RL49p6025_SINE,2.8,3750.0,FE,5,test
session_20260802_061432_FE_F3500_V2p8_R01_20260802_061621_893854,F3500_V2p8_RL49p6025_SINE,2.8,3500.0,FE,1,train
session_20260802_061432_FE_F3500_V2p8_R02_20260802_061625_653460,F3500_V2p8_RL49p6025_SINE,2.8,3500.0,FE,2,train
session_20260802_061432_FE_F3500_V2p8_R03_20260802_061629_459867,F3500_V2p8_RL49p6025_SINE,2.8,3500.0,FE,3,train
session_20260802_061432_FE_F3500_V2p8_R04_20260802_061633_281874,F3500_V2p8_RL49p6025_SINE,2.8,3500.0,FE,4,train
session_20260802_061432_FE_F3500_V2p8_R05_20260802_061637_103880,F3500_V2p8_RL49p6025_SINE,2.8,3500.0,FE,5,train
session_20260802_061432_FE_F3250_V2p8_R01_20260802_061647_337498,F3250_V2p8_RL49p6025_SINE,2.8,3250.0,FE,1,train
session_20260802_061432_FE_F3250_V2p8_R02_20260802_061651_143905,F3250_V2p8_RL49p6025_SINE,2.8,3250.0,FE,2,train
session_20260802_061432_FE_F3250_V2p8_R03_20260802_061654_965912,F3250_V2p8_RL49p6025_SINE,2.8,3250.0,FE,3,train
session_20260802_061432_FE_F3250_V2p8_R04_20260802_061658_787918,F3250_V2p8_RL49p6025_SINE,2.8,3250.0,FE,4,train
session_20260802_061432_FE_F3250_V2p8_R05_20260802_061702_609925,F3250_V2p8_RL49p6025_SINE,2.8,3250.0,FE,5,train
session_20260802_061432_FE_F3000_V2p8_R01_20260802_061714_044745,F3000_V2p8_RL49p6025_SINE,2.8,3000.0,FE,1,train
session_20260802_061432_FE_F3000_V2p8_R02_20260802_061717_866752,F3000_V2p8_RL49p6025_SINE,2.8,3000.0,FE,2,train
session_20260802_061432_FE_F3000_V2p8_R03_20260802_061721_673159,F3000_V2p8_RL49p6025_SINE,2.8,3000.0,FE,3,train
session_20260802_061432_FE_F3000_V2p8_R04_20260802_061725_510765,F3000_V2p8_RL49p6025_SINE,2.8,3000.0,FE,4,train
session_20260802_061432_FE_F3000_V2p8_R05_20260802_061729_317172,F3000_V2p8_RL49p6025_SINE,2.8,3000.0,FE,5,train
session_20260802_061432_FE_F2750_V2p8_R01_20260802_061740_751992,F2750_V2p8_RL49p6025_SINE,2.8,2750.0,FE,1,train
session_20260802_061432_FE_F2750_V2p8_R02_20260802_061744_573999,F2750_V2p8_RL49p6025_SINE,2.8,2750.0,FE,2,train
session_20260802_061432_FE_F2750_V2p8_R03_20260802_061748_396006,F2750_V2p8_RL49p6025_SINE,2.8,2750.0,FE,3,train
session_20260802_061432_FE_F2750_V2p8_R04_20260802_061752_202412,F2750_V2p8_RL49p6025_SINE,2.8,2750.0,FE,4,train
session_20260802_061432_FE_F2750_V2p8_R05_20260802_061756_024419,F2750_V2p8_RL49p6025_SINE,2.8,2750.0,FE,5,train
session_20260802_061432_FE_F2500_V2p8_R01_20260802_061807_459239,F2500_V2p8_RL49p6025_SINE,2.8,2500.0,FE,1,test
session_20260802_061432_FE_F2500_V2p8_R02_20260802_061811_281246,F2500_V2p8_RL49p6025_SINE,2.8,2500.0,FE,2,test
session_20260802_061432_FE_F2500_V2p8_R03_20260802_061815_103252,F2500_V2p8_RL49p6025_SINE,2.8,2500.0,FE,3,test
session_20260802_061432_FE_F2500_V2p8_R04_20260802_061818_894059,F2500_V2p8_RL49p6025_SINE,2.8,2500.0,FE,4,test
session_20260802_061432_FE_F2500_V2p8_R05_20260802_061822_716066,F2500_V2p8_RL49p6025_SINE,2.8,2500.0,FE,5,test
session_20260802_061432_FE_F2250_V2p8_R01_20260802_061834_166486,F2250_V2p8_RL49p6025_SINE,2.8,2250.0,FE,1,train
session_20260802_061432_FE_F2250_V2p8_R02_20260802_061837_988493,F2250_V2p8_RL49p6025_SINE,2.8,2250.0,FE,2,train
session_20260802_061432_FE_F2250_V2p8_R03_20260802_061841_794899,F2250_V2p8_RL49p6025_SINE,2.8,2250.0,FE,3,train
session_20260802_061432_FE_F2250_V2p8_R04_20260802_061845_616906,F2250_V2p8_RL49p6025_SINE,2.8,2250.0,FE,4,train
session_20260802_061432_FE_F2250_V2p8_R05_20260802_061849_470113,F2250_V2p8_RL49p6025_SINE,2.8,2250.0,FE,5,train
session_20260802_061432_FE_F2000_V2p8_R01_20260802_061900_873733,F2000_V2p8_RL49p6025_SINE,2.8,2000.0,FE,1,train
session_20260802_061432_FE_F2000_V2p8_R02_20260802_061904_711340,F2000_V2p8_RL49p6025_SINE,2.8,2000.0,FE,2,train
session_20260802_061432_FE_F2000_V2p8_R03_20260802_061908_517746,F2000_V2p8_RL49p6025_SINE,2.8,2000.0,FE,3,train
session_20260802_061432_FE_F2000_V2p8_R04_20260802_061912_324153,F2000_V2p8_RL49p6025_SINE,2.8,2000.0,FE,4,train
session_20260802_061432_FE_F2000_V2p8_R05_20260802_061916_146160,F2000_V2p8_RL49p6025_SINE,2.8,2000.0,FE,5,train
session_20260802_061432_FE_F1750_V2p8_R01_20260802_061927_596580,F1750_V2p8_RL49p6025_SINE,2.8,1750.0,FE,1,train
session_20260802_061432_FE_F1750_V2p8_R02_20260802_061931_402986,F1750_V2p8_RL49p6025_SINE,2.8,1750.0,FE,2,train
session_20260802_061432_FE_F1750_V2p8_R03_20260802_061935_240593,F1750_V2p8_RL49p6025_SINE,2.8,1750.0,FE,3,train
session_20260802_061432_FE_F1750_V2p8_R04_20260802_061939_047000,F1750_V2p8_RL49p6025_SINE,2.8,1750.0,FE,4,train
session_20260802_061432_FE_F1750_V2p8_R05_20260802_061942_853407,F1750_V2p8_RL49p6025_SINE,2.8,1750.0,FE,5,train
session_20260802_061432_FE_F1500_V2p8_R01_20260802_061954_303827,F1500_V2p8_RL49p6025_SINE,2.8,1500.0,FE,1,test
session_20260802_061432_FE_F1500_V2p8_R02_20260802_061958_110233,F1500_V2p8_RL49p6025_SINE,2.8,1500.0,FE,2,test
session_20260802_061432_FE_F1500_V2p8_R03_20260802_062001_916640,F1500_V2p8_RL49p6025_SINE,2.8,1500.0,FE,3,test
session_20260802_061432_FE_F1500_V2p8_R04_20260802_062005_738647,F1500_V2p8_RL49p6025_SINE,2.8,1500.0,FE,4,test
session_20260802_061432_FE_F1500_V2p8_R05_20260802_062009_404653,F1500_V2p8_RL49p6025_SINE,2.8,1500.0,FE,5,test
session_20260802_061432_FE_F1250_V2p8_R01_20260802_062020_839473,F1250_V2p8_RL49p6025_SINE,2.8,1250.0,FE,1,train
session_20260802_061432_FE_F1250_V2p8_R02_20260802_062024_614680,F1250_V2p8_RL49p6025_SINE,2.8,1250.0,FE,2,train
session_20260802_061432_FE_F1250_V2p8_R03_20260802_062028_452287,F1250_V2p8_RL49p6025_SINE,2.8,1250.0,FE,3,train
session_20260802_061432_FE_F1250_V2p8_R04_20260802_062032_258693,F1250_V2p8_RL49p6025_SINE,2.8,1250.0,FE,4,train
session_20260802_061432_FE_F1250_V2p8_R05_20260802_062036_065100,F1250_V2p8_RL49p6025_SINE,2.8,1250.0,FE,5,train
session_20260802_061432_FE_F1000_V2p8_R01_20260802_062047_515520,F1000_V2p8_RL49p6025_SINE,2.8,1000.0,FE,1,train
session_20260802_061432_FE_F1000_V2p8_R02_20260802_062051_337527,F1000_V2p8_RL49p6025_SINE,2.8,1000.0,FE,2,train
session_20260802_061432_FE_F1000_V2p8_R03_20260802_062055_143934,F1000_V2p8_RL49p6025_SINE,2.8,1000.0,FE,3,train
session_20260802_061432_FE_F1000_V2p8_R04_20260802_062058_950340,F1000_V2p8_RL49p6025_SINE,2.8,1000.0,FE,4,train
session_20260802_061432_FE_F1000_V2p8_R05_20260802_062102_772347,F1000_V2p8_RL49p6025_SINE,2.8,1000.0,FE,5,train
session_20260802_062319_FE_F4500_V3p3_R01_20260802_062326_901000,F4500_V3p3_RL49p6025_SINE,3.3,4500.0,FE,1,train
session_20260802_062319_FE_F4500_V3p3_R02_20260802_062330_723007,F4500_V3p3_RL49p6025_SINE,3.3,4500.0,FE,2,train
session_20260802_062319_FE_F4500_V3p3_R03_20260802_062334_513813,F4500_V3p3_RL49p6025_SINE,3.3,4500.0,FE,3,train
session_20260802_062319_FE_F4500_V3p3_R04_20260802_062338_289020,F4500_V3p3_RL49p6025_SINE,3.3,4500.0,FE,4,train
session_20260802_062319_FE_F4500_V3p3_R05_20260802_062342_111027,F4500_V3p3_RL49p6025_SINE,3.3,4500.0,FE,5,train
session_20260802_062319_FE_F4250_V3p3_R01_20260802_062353_545847,F4250_V3p3_RL49p6025_SINE,3.3,4250.0,FE,1,train
session_20260802_062319_FE_F4250_V3p3_R02_20260802_062357_367854,F4250_V3p3_RL49p6025_SINE,3.3,4250.0,FE,2,train
session_20260802_062319_FE_F4250_V3p3_R03_20260802_062401_174260,F4250_V3p3_RL49p6025_SINE,3.3,4250.0,FE,3,train
session_20260802_062319_FE_F4250_V3p3_R04_20260802_062404_980667,F4250_V3p3_RL49p6025_SINE,3.3,4250.0,FE,4,train
session_20260802_062319_FE_F4250_V3p3_R05_20260802_062408_818274,F4250_V3p3_RL49p6025_SINE,3.3,4250.0,FE,5,train
session_20260802_062319_FE_F4000_V3p3_R01_20260802_062419_067492,F4000_V3p3_RL49p6025_SINE,3.3,4000.0,FE,1,train
session_20260802_062319_FE_F4000_V3p3_R02_20260802_062422_873898,F4000_V3p3_RL49p6025_SINE,3.3,4000.0,FE,2,train
session_20260802_062319_FE_F4000_V3p3_R03_20260802_062426_680305,F4000_V3p3_RL49p6025_SINE,3.3,4000.0,FE,3,train
session_20260802_062319_FE_F4000_V3p3_R04_20260802_062430_486712,F4000_V3p3_RL49p6025_SINE,3.3,4000.0,FE,4,train
session_20260802_062319_FE_F4000_V3p3_R05_20260802_062434_324319,F4000_V3p3_RL49p6025_SINE,3.3,4000.0,FE,5,train
session_20260802_062319_FE_F3750_V3p3_R01_20260802_062444_557937,F3750_V3p3_RL49p6025_SINE,3.3,3750.0,FE,1,train
session_20260802_062319_FE_F3750_V3p3_R02_20260802_062448_364343,F3750_V3p3_RL49p6025_SINE,3.3,3750.0,FE,2,train
session_20260802_062319_FE_F3750_V3p3_R03_20260802_062452_186350,F3750_V3p3_RL49p6025_SINE,3.3,3750.0,FE,3,train
session_20260802_062319_FE_F3750_V3p3_R04_20260802_062456_008357,F3750_V3p3_RL49p6025_SINE,3.3,3750.0,FE,4,train
session_20260802_062319_FE_F3750_V3p3_R05_20260802_062459_814763,F3750_V3p3_RL49p6025_SINE,3.3,3750.0,FE,5,train
session_20260802_062319_FE_F3500_V3p3_R01_20260802_062510_079581,F3500_V3p3_RL49p6025_SINE,3.3,3500.0,FE,1,train
session_20260802_062319_FE_F3500_V3p3_R02_20260802_062513_885988,F3500_V3p3_RL49p6025_SINE,3.3,3500.0,FE,2,train
session_20260802_062319_FE_F3500_V3p3_R03_20260802_062517_692395,F3500_V3p3_RL49p6025_SINE,3.3,3500.0,FE,3,train
session_20260802_062319_FE_F3500_V3p3_R04_20260802_062521_514401,F3500_V3p3_RL49p6025_SINE,3.3,3500.0,FE,4,train
session_20260802_062319_FE_F3500_V3p3_R05_20260802_062525_320808,F3500_V3p3_RL49p6025_SINE,3.3,3500.0,FE,5,train
session_20260802_062319_FE_F3250_V3p3_R01_20260802_062535_585626,F3250_V3p3_RL49p6025_SINE,3.3,3250.0,FE,1,train
session_20260802_062319_FE_F3250_V3p3_R02_20260802_062539_376433,F3250_V3p3_RL49p6025_SINE,3.3,3250.0,FE,2,train
session_20260802_062319_FE_F3250_V3p3_R03_20260802_062543_198440,F3250_V3p3_RL49p6025_SINE,3.3,3250.0,FE,3,train
session_20260802_062319_FE_F3250_V3p3_R04_20260802_062547_004846,F3250_V3p3_RL49p6025_SINE,3.3,3250.0,FE,4,train
session_20260802_062319_FE_F3250_V3p3_R05_20260802_062550_826853,F3250_V3p3_RL49p6025_SINE,3.3,3250.0,FE,5,train
session_20260802_062319_FE_F3000_V3p3_R01_20260802_062601_138471,F3000_V3p3_RL49p6025_SINE,3.3,3000.0,FE,1,train
session_20260802_062319_FE_F3000_V3p3_R02_20260802_062604_913678,F3000_V3p3_RL49p6025_SINE,3.3,3000.0,FE,2,train
session_20260802_062319_FE_F3000_V3p3_R03_20260802_062608_735684,F3000_V3p3_RL49p6025_SINE,3.3,3000.0,FE,3,train
session_20260802_062319_FE_F3000_V3p3_R04_20260802_062612_510891,F3000_V3p3_RL49p6025_SINE,3.3,3000.0,FE,4,train
session_20260802_062319_FE_F3000_V3p3_R05_20260802_062616_317298,F3000_V3p3_RL49p6025_SINE,3.3,3000.0,FE,5,train
session_20260802_062319_FE_F2750_V3p3_R01_20260802_062627_783318,F2750_V3p3_RL49p6025_SINE,3.3,2750.0,FE,1,train
session_20260802_062319_FE_F2750_V3p3_R02_20260802_062631_605325,F2750_V3p3_RL49p6025_SINE,3.3,2750.0,FE,2,train
session_20260802_062319_FE_F2750_V3p3_R03_20260802_062635_442931,F2750_V3p3_RL49p6025_SINE,3.3,2750.0,FE,3,train
session_20260802_062319_FE_F2750_V3p3_R04_20260802_062639_233738,F2750_V3p3_RL49p6025_SINE,3.3,2750.0,FE,4,train
session_20260802_062319_FE_F2750_V3p3_R05_20260802_062643_040145,F2750_V3p3_RL49p6025_SINE,3.3,2750.0,FE,5,train
session_20260802_062319_FE_F2500_V3p3_R01_20260802_062654_490565,F2500_V3p3_RL49p6025_SINE,3.3,2500.0,FE,1,train
session_20260802_062319_FE_F2500_V3p3_R02_20260802_062658_312571,F2500_V3p3_RL49p6025_SINE,3.3,2500.0,FE,2,train
session_20260802_062319_FE_F2500_V3p3_R03_20260802_062702_118978,F2500_V3p3_RL49p6025_SINE,3.3,2500.0,FE,3,train
session_20260802_062319_FE_F2500_V3p3_R04_20260802_062705_940985,F2500_V3p3_RL49p6025_SINE,3.3,2500.0,FE,4,train
session_20260802_062319_FE_F2500_V3p3_R05_20260802_062709_747392,F2500_V3p3_RL49p6025_SINE,3.3,2500.0,FE,5,train
session_20260802_062319_FE_F2250_V3p3_R01_20260802_062721_182212,F2250_V3p3_RL49p6025_SINE,3.3,2250.0,FE,1,train
session_20260802_062319_FE_F2250_V3p3_R02_20260802_062725_004218,F2250_V3p3_RL49p6025_SINE,3.3,2250.0,FE,2,train
session_20260802_062319_FE_F2250_V3p3_R03_20260802_062728_826225,F2250_V3p3_RL49p6025_SINE,3.3,2250.0,FE,3,train
session_20260802_062319_FE_F2250_V3p3_R04_20260802_062732_632632,F2250_V3p3_RL49p6025_SINE,3.3,2250.0,FE,4,train
session_20260802_062319_FE_F2250_V3p3_R05_20260802_062736_454638,F2250_V3p3_RL49p6025_SINE,3.3,2250.0,FE,5,train
session_20260802_062319_FE_F2000_V3p3_R01_20260802_062747_889459,F2000_V3p3_RL49p6025_SINE,3.3,2000.0,FE,1,train
session_20260802_062319_FE_F2000_V3p3_R02_20260802_062751_727065,F2000_V3p3_RL49p6025_SINE,3.3,2000.0,FE,2,train
session_20260802_062319_FE_F2000_V3p3_R03_20260802_062755_533472,F2000_V3p3_RL49p6025_SINE,3.3,2000.0,FE,3,train
session_20260802_062319_FE_F2000_V3p3_R04_20260802_062759_230678,F2000_V3p3_RL49p6025_SINE,3.3,2000.0,FE,4,train
session_20260802_062319_FE_F2000_V3p3_R05_20260802_062803_037085,F2000_V3p3_RL49p6025_SINE,3.3,2000.0,FE,5,train
session_20260802_062319_FE_F1750_V3p3_R01_20260802_062814_612305,F1750_V3p3_RL49p6025_SINE,3.3,1750.0,FE,1,validation
session_20260802_062319_FE_F1750_V3p3_R02_20260802_062818_418712,F1750_V3p3_RL49p6025_SINE,3.3,1750.0,FE,2,validation
session_20260802_062319_FE_F1750_V3p3_R03_20260802_062822_225119,F1750_V3p3_RL49p6025_SINE,3.3,1750.0,FE,3,validation
session_20260802_062319_FE_F1750_V3p3_R04_20260802_062826_047126,F1750_V3p3_RL49p6025_SINE,3.3,1750.0,FE,4,validation
session_20260802_062319_FE_F1750_V3p3_R05_20260802_062829_853532,F1750_V3p3_RL49p6025_SINE,3.3,1750.0,FE,5,validation
session_20260802_062319_FE_F1500_V3p3_R01_20260802_062841_335152,F1500_V3p3_RL49p6025_SINE,3.3,1500.0,FE,1,test
session_20260802_062319_FE_F1500_V3p3_R02_20260802_062845_125959,F1500_V3p3_RL49p6025_SINE,3.3,1500.0,FE,2,test
session_20260802_062319_FE_F1500_V3p3_R03_20260802_062848_947966,F1500_V3p3_RL49p6025_SINE,3.3,1500.0,FE,3,test
session_20260802_062319_FE_F1500_V3p3_R04_20260802_062852_754372,F1500_V3p3_RL49p6025_SINE,3.3,1500.0,FE,4,test
session_20260802_062319_FE_F1500_V3p3_R05_20260802_062856_576379,F1500_V3p3_RL49p6025_SINE,3.3,1500.0,FE,5,test
session_20260802_062319_FE_F1250_V3p3_R01_20260802_062908_011199,F1250_V3p3_RL49p6025_SINE,3.3,1250.0,FE,1,train
session_20260802_062319_FE_F1250_V3p3_R02_20260802_062911_833206,F1250_V3p3_RL49p6025_SINE,3.3,1250.0,FE,2,train
session_20260802_062319_FE_F1250_V3p3_R03_20260802_062915_655213,F1250_V3p3_RL49p6025_SINE,3.3,1250.0,FE,3,train
session_20260802_062319_FE_F1250_V3p3_R04_20260802_062919_477219,F1250_V3p3_RL49p6025_SINE,3.3,1250.0,FE,4,train
session_20260802_062319_FE_F1250_V3p3_R05_20260802_062923_283626,F1250_V3p3_RL49p6025_SINE,3.3,1250.0,FE,5,train
session_20260802_062319_FE_F1000_V3p3_R01_20260802_062934_749646,F1000_V3p3_RL49p6025_SINE,3.3,1000.0,FE,1,train
session_20260802_062319_FE_F1000_V3p3_R02_20260802_062938_556053,F1000_V3p3_RL49p6025_SINE,3.3,1000.0,FE,2,train
session_20260802_062319_FE_F1000_V3p3_R03_20260802_062942_378060,F1000_V3p3_RL49p6025_SINE,3.3,1000.0,FE,3,train
session_20260802_062319_FE_F1000_V3p3_R04_20260802_062946_168866,F1000_V3p3_RL49p6025_SINE,3.3,1000.0,FE,4,train
session_20260802_062319_FE_F1000_V3p3_R05_20260802_062949_990873,F1000_V3p3_RL49p6025_SINE,3.3,1000.0,FE,5,train
session_20260802_063131_FE_F4500_V3p9_R01_20260802_063139_409465,F4500_V3p9_RL49p6025_SINE,3.9,4500.0,FE,1,train
session_20260802_063131_FE_F4500_V3p9_R02_20260802_063143_200272,F4500_V3p9_RL49p6025_SINE,3.9,4500.0,FE,2,train
session_20260802_063131_FE_F4500_V3p9_R03_20260802_063146_881878,F4500_V3p9_RL49p6025_SINE,3.9,4500.0,FE,3,train
session_20260802_063131_FE_F4500_V3p9_R04_20260802_063150_625885,F4500_V3p9_RL49p6025_SINE,3.9,4500.0,FE,4,train
session_20260802_063131_FE_F4500_V3p9_R05_20260802_063154_447892,F4500_V3p9_RL49p6025_SINE,3.9,4500.0,FE,5,train
session_20260802_063131_FE_F4250_V3p9_R01_20260802_063204_681510,F4250_V3p9_RL49p6025_SINE,3.9,4250.0,FE,1,validation
session_20260802_063131_FE_F4250_V3p9_R02_20260802_063208_487916,F4250_V3p9_RL49p6025_SINE,3.9,4250.0,FE,2,validation
session_20260802_063131_FE_F4250_V3p9_R03_20260802_063212_294323,F4250_V3p9_RL49p6025_SINE,3.9,4250.0,FE,3,validation
session_20260802_063131_FE_F4250_V3p9_R04_20260802_063216_116330,F4250_V3p9_RL49p6025_SINE,3.9,4250.0,FE,4,validation
session_20260802_063131_FE_F4250_V3p9_R05_20260802_063219_938336,F4250_V3p9_RL49p6025_SINE,3.9,4250.0,FE,5,validation
session_20260802_063131_FE_F4000_V3p9_R01_20260802_063230_187554,F4000_V3p9_RL49p6025_SINE,3.9,4000.0,FE,1,train
session_20260802_063131_FE_F4000_V3p9_R02_20260802_063234_009561,F4000_V3p9_RL49p6025_SINE,3.9,4000.0,FE,2,train
session_20260802_063131_FE_F4000_V3p9_R03_20260802_063237_815968,F4000_V3p9_RL49p6025_SINE,3.9,4000.0,FE,3,train
session_20260802_063131_FE_F4000_V3p9_R04_20260802_063241_622374,F4000_V3p9_RL49p6025_SINE,3.9,4000.0,FE,4,train
session_20260802_063131_FE_F4000_V3p9_R05_20260802_063245_444381,F4000_V3p9_RL49p6025_SINE,3.9,4000.0,FE,5,train
session_20260802_063131_FE_F3750_V3p9_R01_20260802_063255_693599,F3750_V3p9_RL49p6025_SINE,3.9,3750.0,FE,1,train
session_20260802_063131_FE_F3750_V3p9_R02_20260802_063259_484406,F3750_V3p9_RL49p6025_SINE,3.9,3750.0,FE,2,train
session_20260802_063131_FE_F3750_V3p9_R03_20260802_063303_306413,F3750_V3p9_RL49p6025_SINE,3.9,3750.0,FE,3,train
session_20260802_063131_FE_F3750_V3p9_R04_20260802_063307_128419,F3750_V3p9_RL49p6025_SINE,3.9,3750.0,FE,4,train
session_20260802_063131_FE_F3750_V3p9_R05_20260802_063310_950426,F3750_V3p9_RL49p6025_SINE,3.9,3750.0,FE,5,train
session_20260802_063131_FE_F3500_V3p9_R01_20260802_063321_184044,F3500_V3p9_RL49p6025_SINE,3.9,3500.0,FE,1,train
session_20260802_063131_FE_F3500_V3p9_R02_20260802_063325_006051,F3500_V3p9_RL49p6025_SINE,3.9,3500.0,FE,2,train
session_20260802_063131_FE_F3500_V3p9_R03_20260802_063328_812457,F3500_V3p9_RL49p6025_SINE,3.9,3500.0,FE,3,train
session_20260802_063131_FE_F3500_V3p9_R04_20260802_063332_618864,F3500_V3p9_RL49p6025_SINE,3.9,3500.0,FE,4,train
session_20260802_063131_FE_F3500_V3p9_R05_20260802_063336_331671,F3500_V3p9_RL49p6025_SINE,3.9,3500.0,FE,5,train
session_20260802_063131_FE_F3250_V3p9_R01_20260802_063347_688490,F3250_V3p9_RL49p6025_SINE,3.9,3250.0,FE,1,train
session_20260802_063131_FE_F3250_V3p9_R02_20260802_063351_510497,F3250_V3p9_RL49p6025_SINE,3.9,3250.0,FE,2,train
session_20260802_063131_FE_F3250_V3p9_R03_20260802_063405_956123,F3250_V3p9_RL49p6025_SINE,3.9,3250.0,FE,3,train
session_20260802_063131_FE_F3250_V3p9_R04_20260802_063409_778129,F3250_V3p9_RL49p6025_SINE,3.9,3250.0,FE,4,train
session_20260802_063131_FE_F3250_V3p9_R05_20260802_063413_600136,F3250_V3p9_RL49p6025_SINE,3.9,3250.0,FE,5,train
session_20260802_063131_FE_F3000_V3p9_R01_20260802_063423_833754,F3000_V3p9_RL49p6025_SINE,3.9,3000.0,FE,1,train
session_20260802_063131_FE_F3000_V3p9_R02_20260802_063427_640161,F3000_V3p9_RL49p6025_SINE,3.9,3000.0,FE,2,train
session_20260802_063131_FE_F3000_V3p9_R03_20260802_063431_462167,F3000_V3p9_RL49p6025_SINE,3.9,3000.0,FE,3,train
session_20260802_063131_FE_F3000_V3p9_R04_20260802_063435_284174,F3000_V3p9_RL49p6025_SINE,3.9,3000.0,FE,4,train
session_20260802_063131_FE_F3000_V3p9_R05_20260802_063439_090581,F3000_V3p9_RL49p6025_SINE,3.9,3000.0,FE,5,train
session_20260802_063131_FE_F2750_V3p9_R01_20260802_063450_338201,F2750_V3p9_RL49p6025_SINE,3.9,2750.0,FE,1,train
session_20260802_063131_FE_F2750_V3p9_R02_20260802_063454_144607,F2750_V3p9_RL49p6025_SINE,3.9,2750.0,FE,2,train
session_20260802_063131_FE_F2750_V3p9_R03_20260802_063457_966614,F2750_V3p9_RL49p6025_SINE,3.9,2750.0,FE,3,train
session_20260802_063131_FE_F2750_V3p9_R04_20260802_063501_788621,F2750_V3p9_RL49p6025_SINE,3.9,2750.0,FE,4,train
session_20260802_063131_FE_F2750_V3p9_R05_20260802_063505_610627,F2750_V3p9_RL49p6025_SINE,3.9,2750.0,FE,5,train
session_20260802_063131_FE_F2500_V3p9_R01_20260802_063517_045447,F2500_V3p9_RL49p6025_SINE,3.9,2500.0,FE,1,train
session_20260802_063131_FE_F2500_V3p9_R02_20260802_063520_851854,F2500_V3p9_RL49p6025_SINE,3.9,2500.0,FE,2,train
session_20260802_063131_FE_F2500_V3p9_R03_20260802_063524_689461,F2500_V3p9_RL49p6025_SINE,3.9,2500.0,FE,3,train
session_20260802_063131_FE_F2500_V3p9_R04_20260802_063528_495868,F2500_V3p9_RL49p6025_SINE,3.9,2500.0,FE,4,train
session_20260802_063131_FE_F2500_V3p9_R05_20260802_063532_317874,F2500_V3p9_RL49p6025_SINE,3.9,2500.0,FE,5,train
session_20260802_063131_FE_F2250_V3p9_R01_20260802_063543_768294,F2250_V3p9_RL49p6025_SINE,3.9,2250.0,FE,1,train
session_20260802_063131_FE_F2250_V3p9_R02_20260802_063547_559101,F2250_V3p9_RL49p6025_SINE,3.9,2250.0,FE,2,train
session_20260802_063131_FE_F2250_V3p9_R03_20260802_063551_396708,F2250_V3p9_RL49p6025_SINE,3.9,2250.0,FE,3,train
session_20260802_063131_FE_F2250_V3p9_R04_20260802_063555_203114,F2250_V3p9_RL49p6025_SINE,3.9,2250.0,FE,4,train
session_20260802_063131_FE_F2250_V3p9_R05_20260802_063559_009521,F2250_V3p9_RL49p6025_SINE,3.9,2250.0,FE,5,train
session_20260802_063131_FE_F2000_V3p9_R01_20260802_063610_475541,F2000_V3p9_RL49p6025_SINE,3.9,2000.0,FE,1,train
session_20260802_063131_FE_F2000_V3p9_R02_20260802_063614_281948,F2000_V3p9_RL49p6025_SINE,3.9,2000.0,FE,2,train
session_20260802_063131_FE_F2000_V3p9_R03_20260802_063618_088355,F2000_V3p9_RL49p6025_SINE,3.9,2000.0,FE,3,train
session_20260802_063131_FE_F2000_V3p9_R04_20260802_063621_894761,F2000_V3p9_RL49p6025_SINE,3.9,2000.0,FE,4,train
session_20260802_063131_FE_F2000_V3p9_R05_20260802_063625_716768,F2000_V3p9_RL49p6025_SINE,3.9,2000.0,FE,5,train
session_20260802_063131_FE_F1750_V3p9_R01_20260802_063637_167188,F1750_V3p9_RL49p6025_SINE,3.9,1750.0,FE,1,train
session_20260802_063131_FE_F1750_V3p9_R02_20260802_063641_004795,F1750_V3p9_RL49p6025_SINE,3.9,1750.0,FE,2,train
session_20260802_063131_FE_F1750_V3p9_R03_20260802_063644_811202,F1750_V3p9_RL49p6025_SINE,3.9,1750.0,FE,3,train
session_20260802_063131_FE_F1750_V3p9_R04_20260802_063648_617608,F1750_V3p9_RL49p6025_SINE,3.9,1750.0,FE,4,train
session_20260802_063131_FE_F1750_V3p9_R05_20260802_063652_439615,F1750_V3p9_RL49p6025_SINE,3.9,1750.0,FE,5,train
session_20260802_063131_FE_F1500_V3p9_R01_20260802_063703_874435,F1500_V3p9_RL49p6025_SINE,3.9,1500.0,FE,1,test
session_20260802_063131_FE_F1500_V3p9_R02_20260802_063707_696442,F1500_V3p9_RL49p6025_SINE,3.9,1500.0,FE,2,test
session_20260802_063131_FE_F1500_V3p9_R03_20260802_063711_518448,F1500_V3p9_RL49p6025_SINE,3.9,1500.0,FE,3,test
session_20260802_063131_FE_F1500_V3p9_R04_20260802_063715_324855,F1500_V3p9_RL49p6025_SINE,3.9,1500.0,FE,4,test
session_20260802_063131_FE_F1500_V3p9_R05_20260802_063719_146862,F1500_V3p9_RL49p6025_SINE,3.9,1500.0,FE,5,test
session_20260802_063131_FE_F1250_V3p9_R01_20260802_063730_456882,F1250_V3p9_RL49p6025_SINE,3.9,1250.0,FE,1,test
session_20260802_063131_FE_F1250_V3p9_R02_20260802_063734_200888,F1250_V3p9_RL49p6025_SINE,3.9,1250.0,FE,2,test
session_20260802_063131_FE_F1250_V3p9_R03_20260802_063737_898095,F1250_V3p9_RL49p6025_SINE,3.9,1250.0,FE,3,test
session_20260802_063131_FE_F1250_V3p9_R04_20260802_063741_642101,F1250_V3p9_RL49p6025_SINE,3.9,1250.0,FE,4,test
session_20260802_063131_FE_F1250_V3p9_R05_20260802_063745_448508,F1250_V3p9_RL49p6025_SINE,3.9,1250.0,FE,5,test
session_20260802_063131_FE_F1000_V3p9_R01_20260802_063756_883328,F1000_V3p9_RL49p6025_SINE,3.9,1000.0,FE,1,train
session_20260802_063131_FE_F1000_V3p9_R02_20260802_063800_564935,F1000_V3p9_RL49p6025_SINE,3.9,1000.0,FE,2,train
session_20260802_063131_FE_F1000_V3p9_R03_20260802_063804_340141,F1000_V3p9_RL49p6025_SINE,3.9,1000.0,FE,3,train
session_20260802_063131_FE_F1000_V3p9_R04_20260802_063808_146548,F1000_V3p9_RL49p6025_SINE,3.9,1000.0,FE,4,train
session_20260802_063131_FE_F1000_V3p9_R05_20260802_063811_952955,F1000_V3p9_RL49p6025_SINE,3.9,1000.0,FE,5,train
session_20260802_063853_FE_F4500_V4p5_R01_20260802_063900_859041,F4500_V4p5_RL49p6025_SINE,4.5,4500.0,FE,1,train
session_20260802_063853_FE_F4500_V4p5_R02_20260802_063904_681047,F4500_V4p5_RL49p6025_SINE,4.5,4500.0,FE,2,train
session_20260802_063853_FE_F4500_V4p5_R03_20260802_063908_503054,F4500_V4p5_RL49p6025_SINE,4.5,4500.0,FE,3,train
session_20260802_063853_FE_F4500_V4p5_R04_20260802_063912_309461,F4500_V4p5_RL49p6025_SINE,4.5,4500.0,FE,4,train
session_20260802_063853_FE_F4500_V4p5_R05_20260802_063916_115867,F4500_V4p5_RL49p6025_SINE,4.5,4500.0,FE,5,train
session_20260802_063853_FE_F4250_V4p5_R01_20260802_063926_552286,F4250_V4p5_RL49p6025_SINE,4.5,4250.0,FE,1,train
session_20260802_063853_FE_F4250_V4p5_R02_20260802_063930_374292,F4250_V4p5_RL49p6025_SINE,4.5,4250.0,FE,2,train
session_20260802_063853_FE_F4250_V4p5_R03_20260802_063934_165099,F4250_V4p5_RL49p6025_SINE,4.5,4250.0,FE,3,train
session_20260802_063853_FE_F4250_V4p5_R04_20260802_063937_987106,F4250_V4p5_RL49p6025_SINE,4.5,4250.0,FE,4,train
session_20260802_063853_FE_F4250_V4p5_R05_20260802_063941_809112,F4250_V4p5_RL49p6025_SINE,4.5,4250.0,FE,5,train
session_20260802_063853_FE_F4000_V4p5_R01_20260802_063953_243933,F4000_V4p5_RL49p6025_SINE,4.5,4000.0,FE,1,validation
session_20260802_063853_FE_F4000_V4p5_R02_20260802_063957_065939,F4000_V4p5_RL49p6025_SINE,4.5,4000.0,FE,2,validation
session_20260802_063853_FE_F4000_V4p5_R03_20260802_064000_887946,F4000_V4p5_RL49p6025_SINE,4.5,4000.0,FE,3,validation
session_20260802_063853_FE_F4000_V4p5_R04_20260802_064004_709953,F4000_V4p5_RL49p6025_SINE,4.5,4000.0,FE,4,validation
session_20260802_063853_FE_F4000_V4p5_R05_20260802_064008_531959,F4000_V4p5_RL49p6025_SINE,4.5,4000.0,FE,5,validation
session_20260802_063853_FE_F3750_V4p5_R01_20260802_064018_843578,F3750_V4p5_RL49p6025_SINE,4.5,3750.0,FE,1,train
session_20260802_063853_FE_F3750_V4p5_R02_20260802_064022_649984,F3750_V4p5_RL49p6025_SINE,4.5,3750.0,FE,2,train
session_20260802_063853_FE_F3750_V4p5_R03_20260802_064026_581191,F3750_V4p5_RL49p6025_SINE,4.5,3750.0,FE,3,train
session_20260802_063853_FE_F3750_V4p5_R04_20260802_064030_403198,F3750_V4p5_RL49p6025_SINE,4.5,3750.0,FE,4,train
session_20260802_063853_FE_F3750_V4p5_R05_20260802_064034_225205,F3750_V4p5_RL49p6025_SINE,4.5,3750.0,FE,5,train
session_20260802_063853_FE_F3500_V4p5_R01_20260802_064044_490023,F3500_V4p5_RL49p6025_SINE,4.5,3500.0,FE,1,train
session_20260802_063853_FE_F3500_V4p5_R02_20260802_064048_296429,F3500_V4p5_RL49p6025_SINE,4.5,3500.0,FE,2,train
session_20260802_063853_FE_F3500_V4p5_R03_20260802_064052_087236,F3500_V4p5_RL49p6025_SINE,4.5,3500.0,FE,3,train
session_20260802_063853_FE_F3500_V4p5_R04_20260802_064055_909243,F3500_V4p5_RL49p6025_SINE,4.5,3500.0,FE,4,train
session_20260802_063853_FE_F3500_V4p5_R05_20260802_064059_731249,F3500_V4p5_RL49p6025_SINE,4.5,3500.0,FE,5,train
session_20260802_063853_FE_F3250_V4p5_R01_20260802_064110_011667,F3250_V4p5_RL49p6025_SINE,4.5,3250.0,FE,1,train
session_20260802_063853_FE_F3250_V4p5_R02_20260802_064113_833674,F3250_V4p5_RL49p6025_SINE,4.5,3250.0,FE,2,train
session_20260802_063853_FE_F3250_V4p5_R03_20260802_064117_608881,F3250_V4p5_RL49p6025_SINE,4.5,3250.0,FE,3,train
session_20260802_063853_FE_F3250_V4p5_R04_20260802_064121_415287,F3250_V4p5_RL49p6025_SINE,4.5,3250.0,FE,4,train
session_20260802_063853_FE_F3250_V4p5_R05_20260802_064125_237294,F3250_V4p5_RL49p6025_SINE,4.5,3250.0,FE,5,train
session_20260802_063853_FE_F3000_V4p5_R01_20260802_064135_470912,F3000_V4p5_RL49p6025_SINE,4.5,3000.0,FE,1,train
session_20260802_063853_FE_F3000_V4p5_R02_20260802_064139_277319,F3000_V4p5_RL49p6025_SINE,4.5,3000.0,FE,2,train
session_20260802_063853_FE_F3000_V4p5_R03_20260802_064143_099325,F3000_V4p5_RL49p6025_SINE,4.5,3000.0,FE,3,train
session_20260802_063853_FE_F3000_V4p5_R04_20260802_064146_921332,F3000_V4p5_RL49p6025_SINE,4.5,3000.0,FE,4,train
session_20260802_063853_FE_F3000_V4p5_R05_20260802_064150_743339,F3000_V4p5_RL49p6025_SINE,4.5,3000.0,FE,5,train
session_20260802_063853_FE_F2750_V4p5_R01_20260802_064202_256159,F2750_V4p5_RL49p6025_SINE,4.5,2750.0,FE,1,train
session_20260802_063853_FE_F2750_V4p5_R02_20260802_064206_046966,F2750_V4p5_RL49p6025_SINE,4.5,2750.0,FE,2,train
session_20260802_063853_FE_F2750_V4p5_R03_20260802_064209_853372,F2750_V4p5_RL49p6025_SINE,4.5,2750.0,FE,3,train
session_20260802_063853_FE_F2750_V4p5_R04_20260802_064213_659779,F2750_V4p5_RL49p6025_SINE,4.5,2750.0,FE,4,train
session_20260802_063853_FE_F2750_V4p5_R05_20260802_064217_481786,F2750_V4p5_RL49p6025_SINE,4.5,2750.0,FE,5,train
session_20260802_063853_FE_F2500_V4p5_R01_20260802_064227_887004,F2500_V4p5_RL49p6025_SINE,4.5,2500.0,FE,1,train
session_20260802_063853_FE_F2500_V4p5_R02_20260802_064231_896211,F2500_V4p5_RL49p6025_SINE,4.5,2500.0,FE,2,train
session_20260802_063853_FE_F2500_V4p5_R03_20260802_064235_718218,F2500_V4p5_RL49p6025_SINE,4.5,2500.0,FE,3,train
session_20260802_063853_FE_F2500_V4p5_R04_20260802_064239_540225,F2500_V4p5_RL49p6025_SINE,4.5,2500.0,FE,4,train
session_20260802_063853_FE_F2500_V4p5_R05_20260802_064243_346631,F2500_V4p5_RL49p6025_SINE,4.5,2500.0,FE,5,train
session_20260802_063853_FE_F2250_V4p5_R01_20260802_064254_828251,F2250_V4p5_RL49p6025_SINE,4.5,2250.0,FE,1,train
session_20260802_063853_FE_F2250_V4p5_R02_20260802_064258_634658,F2250_V4p5_RL49p6025_SINE,4.5,2250.0,FE,2,train
session_20260802_063853_FE_F2250_V4p5_R03_20260802_064302_409865,F2250_V4p5_RL49p6025_SINE,4.5,2250.0,FE,3,train
session_20260802_063853_FE_F2250_V4p5_R04_20260802_064306_231872,F2250_V4p5_RL49p6025_SINE,4.5,2250.0,FE,4,train
session_20260802_063853_FE_F2250_V4p5_R05_20260802_064310_053878,F2250_V4p5_RL49p6025_SINE,4.5,2250.0,FE,5,train
session_20260802_063853_FE_F2000_V4p5_R01_20260802_064321_488698,F2000_V4p5_RL49p6025_SINE,4.5,2000.0,FE,1,train
session_20260802_063853_FE_F2000_V4p5_R02_20260802_064325_310705,F2000_V4p5_RL49p6025_SINE,4.5,2000.0,FE,2,train
session_20260802_063853_FE_F2000_V4p5_R03_20260802_064329_132712,F2000_V4p5_RL49p6025_SINE,4.5,2000.0,FE,3,train
session_20260802_063853_FE_F2000_V4p5_R04_20260802_064332_939118,F2000_V4p5_RL49p6025_SINE,4.5,2000.0,FE,4,train
session_20260802_063853_FE_F2000_V4p5_R05_20260802_064336_761125,F2000_V4p5_RL49p6025_SINE,4.5,2000.0,FE,5,train
session_20260802_063853_FE_F1750_V4p5_R01_20260802_064348_258345,F1750_V4p5_RL49p6025_SINE,4.5,1750.0,FE,1,train
session_20260802_063853_FE_F1750_V4p5_R02_20260802_064352_064752,F1750_V4p5_RL49p6025_SINE,4.5,1750.0,FE,2,train
session_20260802_063853_FE_F1750_V4p5_R03_20260802_064355_902359,F1750_V4p5_RL49p6025_SINE,4.5,1750.0,FE,3,train
session_20260802_063853_FE_F1750_V4p5_R04_20260802_064359_849166,F1750_V4p5_RL49p6025_SINE,4.5,1750.0,FE,4,train
session_20260802_063853_FE_F1750_V4p5_R05_20260802_064403_671172,F1750_V4p5_RL49p6025_SINE,4.5,1750.0,FE,5,train
session_20260802_063853_FE_F1500_V4p5_R01_20260802_064415_105992,F1500_V4p5_RL49p6025_SINE,4.5,1500.0,FE,1,train
session_20260802_063853_FE_F1500_V4p5_R02_20260802_064418_927999,F1500_V4p5_RL49p6025_SINE,4.5,1500.0,FE,2,train
session_20260802_063853_FE_F1500_V4p5_R03_20260802_064422_750006,F1500_V4p5_RL49p6025_SINE,4.5,1500.0,FE,3,train
session_20260802_063853_FE_F1500_V4p5_R04_20260802_064426_572013,F1500_V4p5_RL49p6025_SINE,4.5,1500.0,FE,4,train
session_20260802_063853_FE_F1500_V4p5_R05_20260802_064430_378419,F1500_V4p5_RL49p6025_SINE,4.5,1500.0,FE,5,train
session_20260802_063853_FE_F1250_V4p5_R01_20260802_064441_813239,F1250_V4p5_RL49p6025_SINE,4.5,1250.0,FE,1,train
session_20260802_063853_FE_F1250_V4p5_R02_20260802_064445_635246,F1250_V4p5_RL49p6025_SINE,4.5,1250.0,FE,2,train
session_20260802_063853_FE_F1250_V4p5_R03_20260802_064449_457253,F1250_V4p5_RL49p6025_SINE,4.5,1250.0,FE,3,train
session_20260802_063853_FE_F1250_V4p5_R04_20260802_064453_263660,F1250_V4p5_RL49p6025_SINE,4.5,1250.0,FE,4,train
session_20260802_063853_FE_F1250_V4p5_R05_20260802_064457_085666,F1250_V4p5_RL49p6025_SINE,4.5,1250.0,FE,5,train
session_20260802_063853_FE_F1000_V4p5_R01_20260802_064509_737288,F1000_V4p5_RL49p6025_SINE,4.5,1000.0,FE,1,train
session_20260802_063853_FE_F1000_V4p5_R02_20260802_064513_543695,F1000_V4p5_RL49p6025_SINE,4.5,1000.0,FE,2,train
session_20260802_063853_FE_F1000_V4p5_R03_20260802_064517_365702,F1000_V4p5_RL49p6025_SINE,4.5,1000.0,FE,3,train
session_20260802_063853_FE_F1000_V4p5_R04_20260802_064521_187709,F1000_V4p5_RL49p6025_SINE,4.5,1000.0,FE,4,train
session_20260802_063853_FE_F1000_V4p5_R05_20260802_064524_994115,F1000_V4p5_RL49p6025_SINE,4.5,1000.0,FE,5,train
session_20260802_064604_FE_F4500_V5p1_R01_20260802_064612_043798,F4500_V5p0_RL49p6025_SINE,5.0,4500.0,FE,1,train
session_20260802_064604_FE_F4500_V5p1_R02_20260802_064615_850205,F4500_V5p0_RL49p6025_SINE,5.0,4500.0,FE,2,train
session_20260802_064604_FE_F4500_V5p1_R03_20260802_064619_672211,F4500_V5p0_RL49p6025_SINE,5.0,4500.0,FE,3,train
session_20260802_064604_FE_F4500_V5p1_R04_20260802_064623_494218,F4500_V5p0_RL49p6025_SINE,5.0,4500.0,FE,4,train
session_20260802_064604_FE_F4500_V5p1_R05_20260802_064627_316225,F4500_V5p0_RL49p6025_SINE,5.0,4500.0,FE,5,train
session_20260802_064604_FE_F4250_V5p1_R01_20260802_064637_612243,F4250_V5p0_RL49p6025_SINE,5.0,4250.0,FE,1,train
session_20260802_064604_FE_F4250_V5p1_R02_20260802_064641_418649,F4250_V5p0_RL49p6025_SINE,5.0,4250.0,FE,2,train
session_20260802_064604_FE_F4250_V5p1_R03_20260802_064645_193856,F4250_V5p0_RL49p6025_SINE,5.0,4250.0,FE,3,train
session_20260802_064604_FE_F4250_V5p1_R04_20260802_064649_000263,F4250_V5p0_RL49p6025_SINE,5.0,4250.0,FE,4,train
session_20260802_064604_FE_F4250_V5p1_R05_20260802_064652_806669,F4250_V5p0_RL49p6025_SINE,5.0,4250.0,FE,5,train
session_20260802_064604_FE_F4000_V5p1_R01_20260802_064703_040287,F4000_V5p0_RL49p6025_SINE,5.0,4000.0,FE,1,train
session_20260802_064604_FE_F4000_V5p1_R02_20260802_064706_862294,F4000_V5p0_RL49p6025_SINE,5.0,4000.0,FE,2,train
session_20260802_064604_FE_F4000_V5p1_R03_20260802_064710_684301,F4000_V5p0_RL49p6025_SINE,5.0,4000.0,FE,3,train
session_20260802_064604_FE_F4000_V5p1_R04_20260802_064714_506308,F4000_V5p0_RL49p6025_SINE,5.0,4000.0,FE,4,train
session_20260802_064604_FE_F4000_V5p1_R05_20260802_064718_312714,F4000_V5p0_RL49p6025_SINE,5.0,4000.0,FE,5,train
session_20260802_064604_FE_F3750_V5p1_R01_20260802_064729_763134,F3750_V5p0_RL49p6025_SINE,5.0,3750.0,FE,1,train
session_20260802_064604_FE_F3750_V5p1_R02_20260802_064733_585141,F3750_V5p0_RL49p6025_SINE,5.0,3750.0,FE,2,train
session_20260802_064604_FE_F3750_V5p1_R03_20260802_064737_407148,F3750_V5p0_RL49p6025_SINE,5.0,3750.0,FE,3,train
session_20260802_064604_FE_F3750_V5p1_R04_20260802_064741_213554,F3750_V5p0_RL49p6025_SINE,5.0,3750.0,FE,4,train
session_20260802_064604_FE_F3750_V5p1_R05_20260802_064745_019961,F3750_V5p0_RL49p6025_SINE,5.0,3750.0,FE,5,train
session_20260802_064604_FE_F3500_V5p1_R01_20260802_064755_269179,F3500_V5p0_RL49p6025_SINE,5.0,3500.0,FE,1,validation
session_20260802_064604_FE_F3500_V5p1_R02_20260802_064759_075586,F3500_V5p0_RL49p6025_SINE,5.0,3500.0,FE,2,validation
session_20260802_064604_FE_F3500_V5p1_R03_20260802_064802_881993,F3500_V5p0_RL49p6025_SINE,5.0,3500.0,FE,3,validation
session_20260802_064604_FE_F3500_V5p1_R04_20260802_064806_703999,F3500_V5p0_RL49p6025_SINE,5.0,3500.0,FE,4,validation
session_20260802_064604_FE_F3500_V5p1_R05_20260802_064810_526006,F3500_V5p0_RL49p6025_SINE,5.0,3500.0,FE,5,validation
session_20260802_064604_FE_F3250_V5p1_R01_20260802_064821_960826,F3250_V5p0_RL49p6025_SINE,5.0,3250.0,FE,1,train
session_20260802_064604_FE_F3250_V5p1_R02_20260802_064825_767233,F3250_V5p0_RL49p6025_SINE,5.0,3250.0,FE,2,train
session_20260802_064604_FE_F3250_V5p1_R03_20260802_064829_589239,F3250_V5p0_RL49p6025_SINE,5.0,3250.0,FE,3,train
session_20260802_064604_FE_F3250_V5p1_R04_20260802_064833_426846,F3250_V5p0_RL49p6025_SINE,5.0,3250.0,FE,4,train
session_20260802_064604_FE_F3250_V5p1_R05_20260802_064837_233253,F3250_V5p0_RL49p6025_SINE,5.0,3250.0,FE,5,train
session_20260802_064604_FE_F3000_V5p1_R01_20260802_064848_683673,F3000_V5p0_RL49p6025_SINE,5.0,3000.0,FE,1,train
session_20260802_064604_FE_F3000_V5p1_R02_20260802_064852_490080,F3000_V5p0_RL49p6025_SINE,5.0,3000.0,FE,2,train
session_20260802_064604_FE_F3000_V5p1_R03_20260802_064856_312086,F3000_V5p0_RL49p6025_SINE,5.0,3000.0,FE,3,train
session_20260802_064604_FE_F3000_V5p1_R04_20260802_064900_118493,F3000_V5p0_RL49p6025_SINE,5.0,3000.0,FE,4,train
session_20260802_064604_FE_F3000_V5p1_R05_20260802_064903_924900,F3000_V5p0_RL49p6025_SINE,5.0,3000.0,FE,5,train
session_20260802_064604_FE_F2750_V5p1_R01_20260802_064915_375320,F2750_V5p0_RL49p6025_SINE,5.0,2750.0,FE,1,train
session_20260802_064604_FE_F2750_V5p1_R02_20260802_064919_197327,F2750_V5p0_RL49p6025_SINE,5.0,2750.0,FE,2,train
session_20260802_064604_FE_F2750_V5p1_R03_20260802_064923_003733,F2750_V5p0_RL49p6025_SINE,5.0,2750.0,FE,3,train
session_20260802_064604_FE_F2750_V5p1_R04_20260802_064926_841340,F2750_V5p0_RL49p6025_SINE,5.0,2750.0,FE,4,train
session_20260802_064604_FE_F2750_V5p1_R05_20260802_064930_663347,F2750_V5p0_RL49p6025_SINE,5.0,2750.0,FE,5,train
session_20260802_064604_FE_F2500_V5p1_R01_20260802_064942_082567,F2500_V5p0_RL49p6025_SINE,5.0,2500.0,FE,1,train
session_20260802_064604_FE_F2500_V5p1_R02_20260802_064945_904574,F2500_V5p0_RL49p6025_SINE,5.0,2500.0,FE,2,train
session_20260802_064604_FE_F2500_V5p1_R03_20260802_064949_710980,F2500_V5p0_RL49p6025_SINE,5.0,2500.0,FE,3,train
session_20260802_064604_FE_F2500_V5p1_R04_20260802_064953_548587,F2500_V5p0_RL49p6025_SINE,5.0,2500.0,FE,4,train
session_20260802_064604_FE_F2500_V5p1_R05_20260802_064957_354994,F2500_V5p0_RL49p6025_SINE,5.0,2500.0,FE,5,train
session_20260802_064604_FE_F2250_V5p1_R01_20260802_065008_789814,F2250_V5p0_RL49p6025_SINE,5.0,2250.0,FE,1,train
session_20260802_064604_FE_F2250_V5p1_R02_20260802_065012_611820,F2250_V5p0_RL49p6025_SINE,5.0,2250.0,FE,2,train
session_20260802_064604_FE_F2250_V5p1_R03_20260802_065016_433827,F2250_V5p0_RL49p6025_SINE,5.0,2250.0,FE,3,train
session_20260802_064604_FE_F2250_V5p1_R04_20260802_065020_240234,F2250_V5p0_RL49p6025_SINE,5.0,2250.0,FE,4,train
session_20260802_064604_FE_F2250_V5p1_R05_20260802_065024_062241,F2250_V5p0_RL49p6025_SINE,5.0,2250.0,FE,5,train
session_20260802_064604_FE_F2000_V5p1_R01_20260802_065035_512661,F2000_V5p0_RL49p6025_SINE,5.0,2000.0,FE,1,train
session_20260802_064604_FE_F2000_V5p1_R02_20260802_065039_334667,F2000_V5p0_RL49p6025_SINE,5.0,2000.0,FE,2,train
session_20260802_064604_FE_F2000_V5p1_R03_20260802_065043_141074,F2000_V5p0_RL49p6025_SINE,5.0,2000.0,FE,3,train
session_20260802_064604_FE_F2000_V5p1_R04_20260802_065046_947481,F2000_V5p0_RL49p6025_SINE,5.0,2000.0,FE,4,train
session_20260802_064604_FE_F2000_V5p1_R05_20260802_065050_753887,F2000_V5p0_RL49p6025_SINE,5.0,2000.0,FE,5,train
session_20260802_064604_FE_F1750_V5p1_R01_20260802_065102_219908,F1750_V5p0_RL49p6025_SINE,5.0,1750.0,FE,1,validation
session_20260802_064604_FE_F1750_V5p1_R02_20260802_065106_026314,F1750_V5p0_RL49p6025_SINE,5.0,1750.0,FE,2,validation
session_20260802_064604_FE_F1750_V5p1_R03_20260802_065109_848321,F1750_V5p0_RL49p6025_SINE,5.0,1750.0,FE,3,validation
session_20260802_064604_FE_F1750_V5p1_R04_20260802_065113_529927,F1750_V5p0_RL49p6025_SINE,5.0,1750.0,FE,4,validation
session_20260802_064604_FE_F1750_V5p1_R05_20260802_065117_336334,F1750_V5p0_RL49p6025_SINE,5.0,1750.0,FE,5,validation
session_20260802_064604_FE_F1500_V5p1_R01_20260802_065128_786754,F1500_V5p0_RL49p6025_SINE,5.0,1500.0,FE,1,train
session_20260802_064604_FE_F1500_V5p1_R02_20260802_065132_608761,F1500_V5p0_RL49p6025_SINE,5.0,1500.0,FE,2,train
session_20260802_064604_FE_F1500_V5p1_R03_20260802_065136_352767,F1500_V5p0_RL49p6025_SINE,5.0,1500.0,FE,3,train
session_20260802_064604_FE_F1500_V5p1_R04_20260802_065140_159174,F1500_V5p0_RL49p6025_SINE,5.0,1500.0,FE,4,train
session_20260802_064604_FE_F1500_V5p1_R05_20260802_065143_981181,F1500_V5p0_RL49p6025_SINE,5.0,1500.0,FE,5,train
session_20260802_064604_FE_F1250_V5p1_R01_20260802_065155_431601,F1250_V5p0_RL49p6025_SINE,5.0,1250.0,FE,1,train
session_20260802_064604_FE_F1250_V5p1_R02_20260802_065159_238008,F1250_V5p0_RL49p6025_SINE,5.0,1250.0,FE,2,train
session_20260802_064604_FE_F1250_V5p1_R03_20260802_065203_044414,F1250_V5p0_RL49p6025_SINE,5.0,1250.0,FE,3,train
session_20260802_064604_FE_F1250_V5p1_R04_20260802_065206_757221,F1250_V5p0_RL49p6025_SINE,5.0,1250.0,FE,4,train
session_20260802_064604_FE_F1250_V5p1_R05_20260802_065210_501227,F1250_V5p0_RL49p6025_SINE,5.0,1250.0,FE,5,train
session_20260802_064604_FE_F1000_V5p1_R01_20260802_065222_996849,F1000_V5p0_RL49p6025_SINE,5.0,1000.0,FE,1,train
session_20260802_064604_FE_F1000_V5p1_R02_20260802_065226_803256,F1000_V5p0_RL49p6025_SINE,5.0,1000.0,FE,2,train
session_20260802_064604_FE_F1000_V5p1_R03_20260802_065230_562863,F1000_V5p0_RL49p6025_SINE,5.0,1000.0,FE,3,train
session_20260802_064604_FE_F1000_V5p1_R04_20260802_065234_384869,F1000_V5p0_RL49p6025_SINE,5.0,1000.0,FE,4,train
session_20260802_064604_FE_F1000_V5p1_R05_20260802_065238_191276,F1000_V5p0_RL49p6025_SINE,5.0,1000.0,FE,5,train
session_20260802_065338_FE_F4500_V5p7_R01_20260802_065346_254196,F4500_V5p6_RL49p6025_SINE,5.6,4500.0,FE,1,train
session_20260802_065338_FE_F4500_V5p7_R02_20260802_065350_060602,F4500_V5p6_RL49p6025_SINE,5.6,4500.0,FE,2,train
session_20260802_065338_FE_F4500_V5p7_R03_20260802_065353_898209,F4500_V5p6_RL49p6025_SINE,5.6,4500.0,FE,3,train
session_20260802_065338_FE_F4500_V5p7_R04_20260802_065357_720216,F4500_V5p6_RL49p6025_SINE,5.6,4500.0,FE,4,train
session_20260802_065338_FE_F4500_V5p7_R05_20260802_065401_495422,F4500_V5p6_RL49p6025_SINE,5.6,4500.0,FE,5,train
session_20260802_065338_FE_F4250_V5p7_R01_20260802_065411_744640,F4250_V5p6_RL49p6025_SINE,5.6,4250.0,FE,1,train
session_20260802_065338_FE_F4250_V5p7_R02_20260802_065415_566647,F4250_V5p6_RL49p6025_SINE,5.6,4250.0,FE,2,train
session_20260802_065338_FE_F4250_V5p7_R03_20260802_065419_373054,F4250_V5p6_RL49p6025_SINE,5.6,4250.0,FE,3,train
session_20260802_065338_FE_F4250_V5p7_R04_20260802_065423_195061,F4250_V5p6_RL49p6025_SINE,5.6,4250.0,FE,4,train
session_20260802_065338_FE_F4250_V5p7_R05_20260802_065427_001467,F4250_V5p6_RL49p6025_SINE,5.6,4250.0,FE,5,train
session_20260802_065338_FE_F4000_V5p7_R01_20260802_065437_281885,F4000_V5p6_RL49p6025_SINE,5.6,4000.0,FE,1,test
session_20260802_065338_FE_F4000_V5p7_R02_20260802_065441_088292,F4000_V5p6_RL49p6025_SINE,5.6,4000.0,FE,2,test
session_20260802_065338_FE_F4000_V5p7_R03_20260802_065444_894699,F4000_V5p6_RL49p6025_SINE,5.6,4000.0,FE,3,test
session_20260802_065338_FE_F4000_V5p7_R04_20260802_065448_701105,F4000_V5p6_RL49p6025_SINE,5.6,4000.0,FE,4,test
session_20260802_065338_FE_F4000_V5p7_R05_20260802_065452_507512,F4000_V5p6_RL49p6025_SINE,5.6,4000.0,FE,5,test
session_20260802_065338_FE_F3750_V5p7_R01_20260802_065502_756730,F3750_V5p6_RL49p6025_SINE,5.6,3750.0,FE,1,train
session_20260802_065338_FE_F3750_V5p7_R02_20260802_065506_578737,F3750_V5p6_RL49p6025_SINE,5.6,3750.0,FE,2,train
session_20260802_065338_FE_F3750_V5p7_R03_20260802_065510_385143,F3750_V5p6_RL49p6025_SINE,5.6,3750.0,FE,3,train
session_20260802_065338_FE_F3750_V5p7_R04_20260802_065514_191550,F3750_V5p6_RL49p6025_SINE,5.6,3750.0,FE,4,train
session_20260802_065338_FE_F3750_V5p7_R05_20260802_065518_029157,F3750_V5p6_RL49p6025_SINE,5.6,3750.0,FE,5,train
session_20260802_065338_FE_F3500_V5p7_R01_20260802_065528_325175,F3500_V5p6_RL49p6025_SINE,5.6,3500.0,FE,1,test
session_20260802_065338_FE_F3500_V5p7_R02_20260802_065532_131582,F3500_V5p6_RL49p6025_SINE,5.6,3500.0,FE,2,test
session_20260802_065338_FE_F3500_V5p7_R03_20260802_065535_937988,F3500_V5p6_RL49p6025_SINE,5.6,3500.0,FE,3,test
session_20260802_065338_FE_F3500_V5p7_R04_20260802_065539_744395,F3500_V5p6_RL49p6025_SINE,5.6,3500.0,FE,4,test
session_20260802_065338_FE_F3500_V5p7_R05_20260802_065543_519602,F3500_V5p6_RL49p6025_SINE,5.6,3500.0,FE,5,test
session_20260802_065338_FE_F3250_V5p7_R01_20260802_065555_001222,F3250_V5p6_RL49p6025_SINE,5.6,3250.0,FE,1,train
session_20260802_065338_FE_F3250_V5p7_R02_20260802_065558_807628,F3250_V5p6_RL49p6025_SINE,5.6,3250.0,FE,2,train
session_20260802_065338_FE_F3250_V5p7_R03_20260802_065602_614035,F3250_V5p6_RL49p6025_SINE,5.6,3250.0,FE,3,train
session_20260802_065338_FE_F3250_V5p7_R04_20260802_065606_404842,F3250_V5p6_RL49p6025_SINE,5.6,3250.0,FE,4,train
session_20260802_065338_FE_F3250_V5p7_R05_20260802_065610_226849,F3250_V5p6_RL49p6025_SINE,5.6,3250.0,FE,5,train
session_20260802_065338_FE_F3000_V5p7_R01_20260802_065620_476067,F3000_V5p6_RL49p6025_SINE,5.6,3000.0,FE,1,test
session_20260802_065338_FE_F3000_V5p7_R02_20260802_065624_266873,F3000_V5p6_RL49p6025_SINE,5.6,3000.0,FE,2,test
session_20260802_065338_FE_F3000_V5p7_R03_20260802_065628_088880,F3000_V5p6_RL49p6025_SINE,5.6,3000.0,FE,3,test
session_20260802_065338_FE_F3000_V5p7_R04_20260802_065631_910887,F3000_V5p6_RL49p6025_SINE,5.6,3000.0,FE,4,test
session_20260802_065338_FE_F3000_V5p7_R05_20260802_065635_732893,F3000_V5p6_RL49p6025_SINE,5.6,3000.0,FE,5,test
session_20260802_065338_FE_F2750_V5p7_R01_20260802_065647_183313,F2750_V5p6_RL49p6025_SINE,5.6,2750.0,FE,1,validation
session_20260802_065338_FE_F2750_V5p7_R02_20260802_065650_974120,F2750_V5p6_RL49p6025_SINE,5.6,2750.0,FE,2,validation
session_20260802_065338_FE_F2750_V5p7_R03_20260802_065654_796127,F2750_V5p6_RL49p6025_SINE,5.6,2750.0,FE,3,validation
session_20260802_065338_FE_F2750_V5p7_R04_20260802_065658_618134,F2750_V5p6_RL49p6025_SINE,5.6,2750.0,FE,4,validation
session_20260802_065338_FE_F2750_V5p7_R05_20260802_065702_424540,F2750_V5p6_RL49p6025_SINE,5.6,2750.0,FE,5,validation
session_20260802_065338_FE_F2500_V5p7_R01_20260802_065713_874960,F2500_V5p6_RL49p6025_SINE,5.6,2500.0,FE,1,validation
session_20260802_065338_FE_F2500_V5p7_R02_20260802_065717_696967,F2500_V5p6_RL49p6025_SINE,5.6,2500.0,FE,2,validation
session_20260802_065338_FE_F2500_V5p7_R03_20260802_065721_518974,F2500_V5p6_RL49p6025_SINE,5.6,2500.0,FE,3,validation
session_20260802_065338_FE_F2500_V5p7_R04_20260802_065725_325380,F2500_V5p6_RL49p6025_SINE,5.6,2500.0,FE,4,validation
session_20260802_065338_FE_F2500_V5p7_R05_20260802_065729_147387,F2500_V5p6_RL49p6025_SINE,5.6,2500.0,FE,5,validation
session_20260802_065338_FE_F2250_V5p7_R01_20260802_065740_629007,F2250_V5p6_RL49p6025_SINE,5.6,2250.0,FE,1,validation
session_20260802_065338_FE_F2250_V5p7_R02_20260802_065744_404214,F2250_V5p6_RL49p6025_SINE,5.6,2250.0,FE,2,validation
session_20260802_065338_FE_F2250_V5p7_R03_20260802_065748_210621,F2250_V5p6_RL49p6025_SINE,5.6,2250.0,FE,3,validation
session_20260802_065338_FE_F2250_V5p7_R04_20260802_065752_017027,F2250_V5p6_RL49p6025_SINE,5.6,2250.0,FE,4,validation
session_20260802_065338_FE_F2250_V5p7_R05_20260802_065755_854634,F2250_V5p6_RL49p6025_SINE,5.6,2250.0,FE,5,validation
session_20260802_065338_FE_F2000_V5p7_R01_20260802_065807_351854,F2000_V5p6_RL49p6025_SINE,5.6,2000.0,FE,1,train
session_20260802_065338_FE_F2000_V5p7_R02_20260802_065811_158261,F2000_V5p6_RL49p6025_SINE,5.6,2000.0,FE,2,train
session_20260802_065338_FE_F2000_V5p7_R03_20260802_065814_917868,F2000_V5p6_RL49p6025_SINE,5.6,2000.0,FE,3,train
session_20260802_065338_FE_F2000_V5p7_R04_20260802_065818_739874,F2000_V5p6_RL49p6025_SINE,5.6,2000.0,FE,4,train
session_20260802_065338_FE_F2000_V5p7_R05_20260802_065822_546281,F2000_V5p6_RL49p6025_SINE,5.6,2000.0,FE,5,train
session_20260802_065338_FE_F1750_V5p7_R01_20260802_065833_996701,F1750_V5p6_RL49p6025_SINE,5.6,1750.0,FE,1,train
session_20260802_065338_FE_F1750_V5p7_R02_20260802_065837_818708,F1750_V5p6_RL49p6025_SINE,5.6,1750.0,FE,2,train
session_20260802_065338_FE_F1750_V5p7_R03_20260802_065841_656314,F1750_V5p6_RL49p6025_SINE,5.6,1750.0,FE,3,train
session_20260802_065338_FE_F1750_V5p7_R04_20260802_065845_447121,F1750_V5p6_RL49p6025_SINE,5.6,1750.0,FE,4,train
session_20260802_065338_FE_F1750_V5p7_R05_20260802_065849_253528,F1750_V5p6_RL49p6025_SINE,5.6,1750.0,FE,5,train
session_20260802_065338_FE_F1500_V5p7_R01_20260802_065900_703948,F1500_V5p6_RL49p6025_SINE,5.6,1500.0,FE,1,train
session_20260802_065338_FE_F1500_V5p7_R02_20260802_065904_510355,F1500_V5p6_RL49p6025_SINE,5.6,1500.0,FE,2,train
session_20260802_065338_FE_F1500_V5p7_R03_20260802_065908_332361,F1500_V5p6_RL49p6025_SINE,5.6,1500.0,FE,3,train
session_20260802_065338_FE_F1500_V5p7_R04_20260802_065912_169968,F1500_V5p6_RL49p6025_SINE,5.6,1500.0,FE,4,train
session_20260802_065338_FE_F1500_V5p7_R05_20260802_065915_960775,F1500_V5p6_RL49p6025_SINE,5.6,1500.0,FE,5,train
session_20260802_065338_FE_F1250_V5p7_R01_20260802_065927_442395,F1250_V5p6_RL49p6025_SINE,5.6,1250.0,FE,1,validation
session_20260802_065338_FE_F1250_V5p7_R02_20260802_065931_233202,F1250_V5p6_RL49p6025_SINE,5.6,1250.0,FE,2,validation
session_20260802_065338_FE_F1250_V5p7_R03_20260802_065935_039608,F1250_V5p6_RL49p6025_SINE,5.6,1250.0,FE,3,validation
session_20260802_065338_FE_F1250_V5p7_R04_20260802_065938_861615,F1250_V5p6_RL49p6025_SINE,5.6,1250.0,FE,4,validation
session_20260802_065338_FE_F1250_V5p7_R05_20260802_065942_668022,F1250_V5p6_RL49p6025_SINE,5.6,1250.0,FE,5,validation
session_20260802_071226_COMMERCIAL_F4500_V2p8_R01_20260802_071234_292177,F4500_V2p8_RL49p6025_SINE,2.8,4500.0,COMMERCIAL,1,train
session_20260802_071226_COMMERCIAL_F4500_V2p8_R02_20260802_071238_098584,F4500_V2p8_RL49p6025_SINE,2.8,4500.0,COMMERCIAL,2,train
session_20260802_071226_COMMERCIAL_F4500_V2p8_R03_20260802_071241_920590,F4500_V2p8_RL49p6025_SINE,2.8,4500.0,COMMERCIAL,3,train
session_20260802_071226_COMMERCIAL_F4500_V2p8_R04_20260802_071245_758197,F4500_V2p8_RL49p6025_SINE,2.8,4500.0,COMMERCIAL,4,train
session_20260802_071226_COMMERCIAL_F4500_V2p8_R05_20260802_071249_720604,F4500_V2p8_RL49p6025_SINE,2.8,4500.0,COMMERCIAL,5,train
session_20260802_071226_COMMERCIAL_F4250_V2p8_R01_20260802_071300_032222,F4250_V2p8_RL49p6025_SINE,2.8,4250.0,COMMERCIAL,1,train
session_20260802_071226_COMMERCIAL_F4250_V2p8_R02_20260802_071303_838629,F4250_V2p8_RL49p6025_SINE,2.8,4250.0,COMMERCIAL,2,train
session_20260802_071226_COMMERCIAL_F4250_V2p8_R03_20260802_071307_645036,F4250_V2p8_RL49p6025_SINE,2.8,4250.0,COMMERCIAL,3,train
session_20260802_071226_COMMERCIAL_F4250_V2p8_R04_20260802_071311_373442,F4250_V2p8_RL49p6025_SINE,2.8,4250.0,COMMERCIAL,4,train
session_20260802_071226_COMMERCIAL_F4250_V2p8_R05_20260802_071315_211049,F4250_V2p8_RL49p6025_SINE,2.8,4250.0,COMMERCIAL,5,train
session_20260802_071226_COMMERCIAL_F4000_V2p8_R01_20260802_071326_692669,F4000_V2p8_RL49p6025_SINE,2.8,4000.0,COMMERCIAL,1,train
session_20260802_071226_COMMERCIAL_F4000_V2p8_R02_20260802_071330_530276,F4000_V2p8_RL49p6025_SINE,2.8,4000.0,COMMERCIAL,2,train
session_20260802_071226_COMMERCIAL_F4000_V2p8_R03_20260802_071334_367882,F4000_V2p8_RL49p6025_SINE,2.8,4000.0,COMMERCIAL,3,train
session_20260802_071226_COMMERCIAL_F4000_V2p8_R04_20260802_071338_174289,F4000_V2p8_RL49p6025_SINE,2.8,4000.0,COMMERCIAL,4,train
session_20260802_071226_COMMERCIAL_F4000_V2p8_R05_20260802_071341_996296,F4000_V2p8_RL49p6025_SINE,2.8,4000.0,COMMERCIAL,5,train
session_20260802_071226_COMMERCIAL_F3750_V2p8_R01_20260802_071352_354714,F3750_V2p8_RL49p6025_SINE,2.8,3750.0,COMMERCIAL,1,test
session_20260802_071226_COMMERCIAL_F3750_V2p8_R02_20260802_071356_161121,F3750_V2p8_RL49p6025_SINE,2.8,3750.0,COMMERCIAL,2,test
session_20260802_071226_COMMERCIAL_F3750_V2p8_R03_20260802_071359_998727,F3750_V2p8_RL49p6025_SINE,2.8,3750.0,COMMERCIAL,3,test
session_20260802_071226_COMMERCIAL_F3750_V2p8_R04_20260802_071403_805134,F3750_V2p8_RL49p6025_SINE,2.8,3750.0,COMMERCIAL,4,test
session_20260802_071226_COMMERCIAL_F3750_V2p8_R05_20260802_071407_595941,F3750_V2p8_RL49p6025_SINE,2.8,3750.0,COMMERCIAL,5,test
session_20260802_071226_COMMERCIAL_F3500_V2p8_R01_20260802_071417_923159,F3500_V2p8_RL49p6025_SINE,2.8,3500.0,COMMERCIAL,1,train
session_20260802_071226_COMMERCIAL_F3500_V2p8_R02_20260802_071421_651566,F3500_V2p8_RL49p6025_SINE,2.8,3500.0,COMMERCIAL,2,train
session_20260802_071226_COMMERCIAL_F3500_V2p8_R03_20260802_071425_489172,F3500_V2p8_RL49p6025_SINE,2.8,3500.0,COMMERCIAL,3,train
session_20260802_071226_COMMERCIAL_F3500_V2p8_R04_20260802_071429_326779,F3500_V2p8_RL49p6025_SINE,2.8,3500.0,COMMERCIAL,4,train
session_20260802_071226_COMMERCIAL_F3500_V2p8_R05_20260802_071433_117586,F3500_V2p8_RL49p6025_SINE,2.8,3500.0,COMMERCIAL,5,train
session_20260802_071226_COMMERCIAL_F3250_V2p8_R01_20260802_071443_398004,F3250_V2p8_RL49p6025_SINE,2.8,3250.0,COMMERCIAL,1,train
session_20260802_071226_COMMERCIAL_F3250_V2p8_R02_20260802_071447_188810,F3250_V2p8_RL49p6025_SINE,2.8,3250.0,COMMERCIAL,2,train
session_20260802_071226_COMMERCIAL_F3250_V2p8_R03_20260802_071451_026417,F3250_V2p8_RL49p6025_SINE,2.8,3250.0,COMMERCIAL,3,train
session_20260802_071226_COMMERCIAL_F3250_V2p8_R04_20260802_071454_832824,F3250_V2p8_RL49p6025_SINE,2.8,3250.0,COMMERCIAL,4,train
session_20260802_071226_COMMERCIAL_F3250_V2p8_R05_20260802_071458_639230,F3250_V2p8_RL49p6025_SINE,2.8,3250.0,COMMERCIAL,5,train
session_20260802_071226_COMMERCIAL_F3000_V2p8_R01_20260802_071510_058451,F3000_V2p8_RL49p6025_SINE,2.8,3000.0,COMMERCIAL,1,train
session_20260802_071226_COMMERCIAL_F3000_V2p8_R02_20260802_071513_896057,F3000_V2p8_RL49p6025_SINE,2.8,3000.0,COMMERCIAL,2,train
session_20260802_071226_COMMERCIAL_F3000_V2p8_R03_20260802_071517_702464,F3000_V2p8_RL49p6025_SINE,2.8,3000.0,COMMERCIAL,3,train
session_20260802_071226_COMMERCIAL_F3000_V2p8_R04_20260802_071521_540071,F3000_V2p8_RL49p6025_SINE,2.8,3000.0,COMMERCIAL,4,train
session_20260802_071226_COMMERCIAL_F3000_V2p8_R05_20260802_071525_315277,F3000_V2p8_RL49p6025_SINE,2.8,3000.0,COMMERCIAL,5,train
session_20260802_071226_COMMERCIAL_F2750_V2p8_R01_20260802_071536_781297,F2750_V2p8_RL49p6025_SINE,2.8,2750.0,COMMERCIAL,1,train
session_20260802_071226_COMMERCIAL_F2750_V2p8_R02_20260802_071540_587704,F2750_V2p8_RL49p6025_SINE,2.8,2750.0,COMMERCIAL,2,train
session_20260802_071226_COMMERCIAL_F2750_V2p8_R03_20260802_071544_394111,F2750_V2p8_RL49p6025_SINE,2.8,2750.0,COMMERCIAL,3,train
session_20260802_071226_COMMERCIAL_F2750_V2p8_R04_20260802_071548_231718,F2750_V2p8_RL49p6025_SINE,2.8,2750.0,COMMERCIAL,4,train
session_20260802_071226_COMMERCIAL_F2750_V2p8_R05_20260802_071552_038124,F2750_V2p8_RL49p6025_SINE,2.8,2750.0,COMMERCIAL,5,train
session_20260802_071226_COMMERCIAL_F2500_V2p8_R01_20260802_071603_488544,F2500_V2p8_RL49p6025_SINE,2.8,2500.0,COMMERCIAL,1,test
session_20260802_071226_COMMERCIAL_F2500_V2p8_R02_20260802_071607_310551,F2500_V2p8_RL49p6025_SINE,2.8,2500.0,COMMERCIAL,2,test
session_20260802_071226_COMMERCIAL_F2500_V2p8_R03_20260802_071611_163758,F2500_V2p8_RL49p6025_SINE,2.8,2500.0,COMMERCIAL,3,test
session_20260802_071226_COMMERCIAL_F2500_V2p8_R04_20260802_071614_970165,F2500_V2p8_RL49p6025_SINE,2.8,2500.0,COMMERCIAL,4,test
session_20260802_071226_COMMERCIAL_F2500_V2p8_R05_20260802_071618_760971,F2500_V2p8_RL49p6025_SINE,2.8,2500.0,COMMERCIAL,5,test
session_20260802_071226_COMMERCIAL_F2250_V2p8_R01_20260802_071630_211391,F2250_V2p8_RL49p6025_SINE,2.8,2250.0,COMMERCIAL,1,train
session_20260802_071226_COMMERCIAL_F2250_V2p8_R02_20260802_071633_986598,F2250_V2p8_RL49p6025_SINE,2.8,2250.0,COMMERCIAL,2,train
session_20260802_071226_COMMERCIAL_F2250_V2p8_R03_20260802_071637_808605,F2250_V2p8_RL49p6025_SINE,2.8,2250.0,COMMERCIAL,3,train
session_20260802_071226_COMMERCIAL_F2250_V2p8_R04_20260802_071641_615011,F2250_V2p8_RL49p6025_SINE,2.8,2250.0,COMMERCIAL,4,train
session_20260802_071226_COMMERCIAL_F2250_V2p8_R05_20260802_071645_437018,F2250_V2p8_RL49p6025_SINE,2.8,2250.0,COMMERCIAL,5,train
session_20260802_071226_COMMERCIAL_F2000_V2p8_R01_20260802_071656_903038,F2000_V2p8_RL49p6025_SINE,2.8,2000.0,COMMERCIAL,1,train
session_20260802_071226_COMMERCIAL_F2000_V2p8_R02_20260802_071700_693845,F2000_V2p8_RL49p6025_SINE,2.8,2000.0,COMMERCIAL,2,train
session_20260802_071226_COMMERCIAL_F2000_V2p8_R03_20260802_071704_515852,F2000_V2p8_RL49p6025_SINE,2.8,2000.0,COMMERCIAL,3,train
session_20260802_071226_COMMERCIAL_F2000_V2p8_R04_20260802_071708_197458,F2000_V2p8_RL49p6025_SINE,2.8,2000.0,COMMERCIAL,4,train
session_20260802_071226_COMMERCIAL_F2000_V2p8_R05_20260802_071712_003865,F2000_V2p8_RL49p6025_SINE,2.8,2000.0,COMMERCIAL,5,train
session_20260802_071226_COMMERCIAL_F1750_V2p8_R01_20260802_071723_407485,F1750_V2p8_RL49p6025_SINE,2.8,1750.0,COMMERCIAL,1,train
session_20260802_071226_COMMERCIAL_F1750_V2p8_R02_20260802_071727_213891,F1750_V2p8_RL49p6025_SINE,2.8,1750.0,COMMERCIAL,2,train
session_20260802_071226_COMMERCIAL_F1750_V2p8_R03_20260802_071731_020298,F1750_V2p8_RL49p6025_SINE,2.8,1750.0,COMMERCIAL,3,train
session_20260802_071226_COMMERCIAL_F1750_V2p8_R04_20260802_071734_842305,F1750_V2p8_RL49p6025_SINE,2.8,1750.0,COMMERCIAL,4,train
session_20260802_071226_COMMERCIAL_F1750_V2p8_R05_20260802_071738_648712,F1750_V2p8_RL49p6025_SINE,2.8,1750.0,COMMERCIAL,5,train
session_20260802_071226_COMMERCIAL_F1500_V2p8_R01_20260802_071750_099132,F1500_V2p8_RL49p6025_SINE,2.8,1500.0,COMMERCIAL,1,test
session_20260802_071226_COMMERCIAL_F1500_V2p8_R02_20260802_071753_905538,F1500_V2p8_RL49p6025_SINE,2.8,1500.0,COMMERCIAL,2,test
session_20260802_071226_COMMERCIAL_F1500_V2p8_R03_20260802_071757_727545,F1500_V2p8_RL49p6025_SINE,2.8,1500.0,COMMERCIAL,3,test
session_20260802_071226_COMMERCIAL_F1500_V2p8_R04_20260802_071801_565152,F1500_V2p8_RL49p6025_SINE,2.8,1500.0,COMMERCIAL,4,test
session_20260802_071226_COMMERCIAL_F1500_V2p8_R05_20260802_071805_387158,F1500_V2p8_RL49p6025_SINE,2.8,1500.0,COMMERCIAL,5,test
session_20260802_071226_COMMERCIAL_F1250_V2p8_R01_20260802_071816_821979,F1250_V2p8_RL49p6025_SINE,2.8,1250.0,COMMERCIAL,1,train
session_20260802_071226_COMMERCIAL_F1250_V2p8_R02_20260802_071820_643985,F1250_V2p8_RL49p6025_SINE,2.8,1250.0,COMMERCIAL,2,train
session_20260802_071226_COMMERCIAL_F1250_V2p8_R03_20260802_071824_497192,F1250_V2p8_RL49p6025_SINE,2.8,1250.0,COMMERCIAL,3,train
session_20260802_071226_COMMERCIAL_F1250_V2p8_R04_20260802_071828_303599,F1250_V2p8_RL49p6025_SINE,2.8,1250.0,COMMERCIAL,4,train
session_20260802_071226_COMMERCIAL_F1250_V2p8_R05_20260802_071832_141205,F1250_V2p8_RL49p6025_SINE,2.8,1250.0,COMMERCIAL,5,train
session_20260802_071226_COMMERCIAL_F1000_V2p8_R01_20260802_071843_591626,F1000_V2p8_RL49p6025_SINE,2.8,1000.0,COMMERCIAL,1,train
session_20260802_071226_COMMERCIAL_F1000_V2p8_R02_20260802_071847_429232,F1000_V2p8_RL49p6025_SINE,2.8,1000.0,COMMERCIAL,2,train
session_20260802_071226_COMMERCIAL_F1000_V2p8_R03_20260802_071851_204439,F1000_V2p8_RL49p6025_SINE,2.8,1000.0,COMMERCIAL,3,train
session_20260802_071226_COMMERCIAL_F1000_V2p8_R04_20260802_071855_026446,F1000_V2p8_RL49p6025_SINE,2.8,1000.0,COMMERCIAL,4,train
session_20260802_071226_COMMERCIAL_F1000_V2p8_R05_20260802_071858_832852,F1000_V2p8_RL49p6025_SINE,2.8,1000.0,COMMERCIAL,5,train
session_20260802_071955_COMMERCIAL_F4500_V3p2_R01_20260802_072003_089365,F4500_V3p3_RL49p6025_SINE,3.3,4500.0,COMMERCIAL,1,train
session_20260802_071955_COMMERCIAL_F4500_V3p2_R02_20260802_072006_911372,F4500_V3p3_RL49p6025_SINE,3.3,4500.0,COMMERCIAL,2,train
session_20260802_071955_COMMERCIAL_F4500_V3p2_R03_20260802_072010_717779,F4500_V3p3_RL49p6025_SINE,3.3,4500.0,COMMERCIAL,3,train
session_20260802_071955_COMMERCIAL_F4500_V3p2_R04_20260802_072014_539785,F4500_V3p3_RL49p6025_SINE,3.3,4500.0,COMMERCIAL,4,train
session_20260802_071955_COMMERCIAL_F4500_V3p2_R05_20260802_072018_361792,F4500_V3p3_RL49p6025_SINE,3.3,4500.0,COMMERCIAL,5,train
session_20260802_071955_COMMERCIAL_F4250_V3p2_R01_20260802_072028_642210,F4250_V3p3_RL49p6025_SINE,3.3,4250.0,COMMERCIAL,1,train
session_20260802_071955_COMMERCIAL_F4250_V3p2_R02_20260802_072032_448617,F4250_V3p3_RL49p6025_SINE,3.3,4250.0,COMMERCIAL,2,train
session_20260802_071955_COMMERCIAL_F4250_V3p2_R03_20260802_072036_239423,F4250_V3p3_RL49p6025_SINE,3.3,4250.0,COMMERCIAL,3,train
session_20260802_071955_COMMERCIAL_F4250_V3p2_R04_20260802_072040_045830,F4250_V3p3_RL49p6025_SINE,3.3,4250.0,COMMERCIAL,4,train
session_20260802_071955_COMMERCIAL_F4250_V3p2_R05_20260802_072043_852237,F4250_V3p3_RL49p6025_SINE,3.3,4250.0,COMMERCIAL,5,train
session_20260802_071955_COMMERCIAL_F4000_V3p2_R01_20260802_072053_961055,F4000_V3p3_RL49p6025_SINE,3.3,4000.0,COMMERCIAL,1,train
session_20260802_071955_COMMERCIAL_F4000_V3p2_R02_20260802_072057_720661,F4000_V3p3_RL49p6025_SINE,3.3,4000.0,COMMERCIAL,2,train
session_20260802_071955_COMMERCIAL_F4000_V3p2_R03_20260802_072101_527068,F4000_V3p3_RL49p6025_SINE,3.3,4000.0,COMMERCIAL,3,train
session_20260802_071955_COMMERCIAL_F4000_V3p2_R04_20260802_072105_349075,F4000_V3p3_RL49p6025_SINE,3.3,4000.0,COMMERCIAL,4,train
session_20260802_071955_COMMERCIAL_F4000_V3p2_R05_20260802_072109_171081,F4000_V3p3_RL49p6025_SINE,3.3,4000.0,COMMERCIAL,5,train
session_20260802_071955_COMMERCIAL_F3750_V3p2_R01_20260802_072119_279899,F3750_V3p3_RL49p6025_SINE,3.3,3750.0,COMMERCIAL,1,train
session_20260802_071955_COMMERCIAL_F3750_V3p2_R02_20260802_072123_023906,F3750_V3p3_RL49p6025_SINE,3.3,3750.0,COMMERCIAL,2,train
session_20260802_071955_COMMERCIAL_F3750_V3p2_R03_20260802_072126_814712,F3750_V3p3_RL49p6025_SINE,3.3,3750.0,COMMERCIAL,3,train
session_20260802_071955_COMMERCIAL_F3750_V3p2_R04_20260802_072130_636719,F3750_V3p3_RL49p6025_SINE,3.3,3750.0,COMMERCIAL,4,train
session_20260802_071955_COMMERCIAL_F3750_V3p2_R05_20260802_072134_458726,F3750_V3p3_RL49p6025_SINE,3.3,3750.0,COMMERCIAL,5,train
session_20260802_071955_COMMERCIAL_F3500_V3p2_R01_20260802_072144_707944,F3500_V3p3_RL49p6025_SINE,3.3,3500.0,COMMERCIAL,1,train
session_20260802_071955_COMMERCIAL_F3500_V3p2_R02_20260802_072148_514350,F3500_V3p3_RL49p6025_SINE,3.3,3500.0,COMMERCIAL,2,train
session_20260802_071955_COMMERCIAL_F3500_V3p2_R03_20260802_072152_351957,F3500_V3p3_RL49p6025_SINE,3.3,3500.0,COMMERCIAL,3,train
session_20260802_071955_COMMERCIAL_F3500_V3p2_R04_20260802_072156_142764,F3500_V3p3_RL49p6025_SINE,3.3,3500.0,COMMERCIAL,4,train
session_20260802_071955_COMMERCIAL_F3500_V3p2_R05_20260802_072159_949170,F3500_V3p3_RL49p6025_SINE,3.3,3500.0,COMMERCIAL,5,train
session_20260802_071955_COMMERCIAL_F3250_V3p2_R01_20260802_072210_198388,F3250_V3p3_RL49p6025_SINE,3.3,3250.0,COMMERCIAL,1,train
session_20260802_071955_COMMERCIAL_F3250_V3p2_R02_20260802_072214_004795,F3250_V3p3_RL49p6025_SINE,3.3,3250.0,COMMERCIAL,2,train
session_20260802_071955_COMMERCIAL_F3250_V3p2_R03_20260802_072217_733202,F3250_V3p3_RL49p6025_SINE,3.3,3250.0,COMMERCIAL,3,train
session_20260802_071955_COMMERCIAL_F3250_V3p2_R04_20260802_072221_461608,F3250_V3p3_RL49p6025_SINE,3.3,3250.0,COMMERCIAL,4,train
session_20260802_071955_COMMERCIAL_F3250_V3p2_R05_20260802_072225_268015,F3250_V3p3_RL49p6025_SINE,3.3,3250.0,COMMERCIAL,5,train
session_20260802_071955_COMMERCIAL_F3000_V3p2_R01_20260802_072235_376833,F3000_V3p3_RL49p6025_SINE,3.3,3000.0,COMMERCIAL,1,train
session_20260802_071955_COMMERCIAL_F3000_V3p2_R02_20260802_072239_120839,F3000_V3p3_RL49p6025_SINE,3.3,3000.0,COMMERCIAL,2,train
session_20260802_071955_COMMERCIAL_F3000_V3p2_R03_20260802_072242_942846,F3000_V3p3_RL49p6025_SINE,3.3,3000.0,COMMERCIAL,3,train
session_20260802_071955_COMMERCIAL_F3000_V3p2_R04_20260802_072246_749253,F3000_V3p3_RL49p6025_SINE,3.3,3000.0,COMMERCIAL,4,train
session_20260802_071955_COMMERCIAL_F3000_V3p2_R05_20260802_072250_586859,F3000_V3p3_RL49p6025_SINE,3.3,3000.0,COMMERCIAL,5,train
session_20260802_071955_COMMERCIAL_F2750_V3p2_R01_20260802_072302_006079,F2750_V3p3_RL49p6025_SINE,3.3,2750.0,COMMERCIAL,1,train
session_20260802_071955_COMMERCIAL_F2750_V3p2_R02_20260802_072305_828086,F2750_V3p3_RL49p6025_SINE,3.3,2750.0,COMMERCIAL,2,train
session_20260802_071955_COMMERCIAL_F2750_V3p2_R03_20260802_072309_634493,F2750_V3p3_RL49p6025_SINE,3.3,2750.0,COMMERCIAL,3,train
session_20260802_071955_COMMERCIAL_F2750_V3p2_R04_20260802_072313_331699,F2750_V3p3_RL49p6025_SINE,3.3,2750.0,COMMERCIAL,4,train
session_20260802_071955_COMMERCIAL_F2750_V3p2_R05_20260802_072317_138106,F2750_V3p3_RL49p6025_SINE,3.3,2750.0,COMMERCIAL,5,train
session_20260802_071955_COMMERCIAL_F2500_V3p2_R01_20260802_072328_526126,F2500_V3p3_RL49p6025_SINE,3.3,2500.0,COMMERCIAL,1,train
session_20260802_071955_COMMERCIAL_F2500_V3p2_R02_20260802_072332_192132,F2500_V3p3_RL49p6025_SINE,3.3,2500.0,COMMERCIAL,2,train
session_20260802_071955_COMMERCIAL_F2500_V3p2_R03_20260802_072335_936139,F2500_V3p3_RL49p6025_SINE,3.3,2500.0,COMMERCIAL,3,train
session_20260802_071955_COMMERCIAL_F2500_V3p2_R04_20260802_072339_758146,F2500_V3p3_RL49p6025_SINE,3.3,2500.0,COMMERCIAL,4,train
session_20260802_071955_COMMERCIAL_F2500_V3p2_R05_20260802_072343_580152,F2500_V3p3_RL49p6025_SINE,3.3,2500.0,COMMERCIAL,5,train
session_20260802_071955_COMMERCIAL_F2250_V3p2_R01_20260802_072355_030573,F2250_V3p3_RL49p6025_SINE,3.3,2250.0,COMMERCIAL,1,train
session_20260802_071955_COMMERCIAL_F2250_V3p2_R02_20260802_072358_836979,F2250_V3p3_RL49p6025_SINE,3.3,2250.0,COMMERCIAL,2,train
session_20260802_071955_COMMERCIAL_F2250_V3p2_R03_20260802_072402_658986,F2250_V3p3_RL49p6025_SINE,3.3,2250.0,COMMERCIAL,3,train
session_20260802_071955_COMMERCIAL_F2250_V3p2_R04_20260802_072406_293792,F2250_V3p3_RL49p6025_SINE,3.3,2250.0,COMMERCIAL,4,train
session_20260802_071955_COMMERCIAL_F2250_V3p2_R05_20260802_072410_068999,F2250_V3p3_RL49p6025_SINE,3.3,2250.0,COMMERCIAL,5,train
session_20260802_071955_COMMERCIAL_F2000_V3p2_R01_20260802_072421_316619,F2000_V3p3_RL49p6025_SINE,3.3,2000.0,COMMERCIAL,1,train
session_20260802_071955_COMMERCIAL_F2000_V3p2_R02_20260802_072424_982625,F2000_V3p3_RL49p6025_SINE,3.3,2000.0,COMMERCIAL,2,train
session_20260802_071955_COMMERCIAL_F2000_V3p2_R03_20260802_072428_742232,F2000_V3p3_RL49p6025_SINE,3.3,2000.0,COMMERCIAL,3,train
session_20260802_071955_COMMERCIAL_F2000_V3p2_R04_20260802_072432_564239,F2000_V3p3_RL49p6025_SINE,3.3,2000.0,COMMERCIAL,4,train
session_20260802_071955_COMMERCIAL_F2000_V3p2_R05_20260802_072436_401845,F2000_V3p3_RL49p6025_SINE,3.3,2000.0,COMMERCIAL,5,train
session_20260802_071955_COMMERCIAL_F1750_V3p2_R01_20260802_072447_836665,F1750_V3p3_RL49p6025_SINE,3.3,1750.0,COMMERCIAL,1,validation
session_20260802_071955_COMMERCIAL_F1750_V3p2_R02_20260802_072451_658672,F1750_V3p3_RL49p6025_SINE,3.3,1750.0,COMMERCIAL,2,validation
session_20260802_071955_COMMERCIAL_F1750_V3p2_R03_20260802_072455_465079,F1750_V3p3_RL49p6025_SINE,3.3,1750.0,COMMERCIAL,3,validation
session_20260802_071955_COMMERCIAL_F1750_V3p2_R04_20260802_072459_287085,F1750_V3p3_RL49p6025_SINE,3.3,1750.0,COMMERCIAL,4,validation
session_20260802_071955_COMMERCIAL_F1750_V3p2_R05_20260802_072503_093492,F1750_V3p3_RL49p6025_SINE,3.3,1750.0,COMMERCIAL,5,validation
session_20260802_071955_COMMERCIAL_F1500_V3p2_R01_20260802_072514_559512,F1500_V3p3_RL49p6025_SINE,3.3,1500.0,COMMERCIAL,1,test
session_20260802_071955_COMMERCIAL_F1500_V3p2_R02_20260802_072518_365919,F1500_V3p3_RL49p6025_SINE,3.3,1500.0,COMMERCIAL,2,test
session_20260802_071955_COMMERCIAL_F1500_V3p2_R03_20260802_072522_187926,F1500_V3p3_RL49p6025_SINE,3.3,1500.0,COMMERCIAL,3,test
session_20260802_071955_COMMERCIAL_F1500_V3p2_R04_20260802_072525_994332,F1500_V3p3_RL49p6025_SINE,3.3,1500.0,COMMERCIAL,4,test
session_20260802_071955_COMMERCIAL_F1500_V3p2_R05_20260802_072529_816339,F1500_V3p3_RL49p6025_SINE,3.3,1500.0,COMMERCIAL,5,test
session_20260802_071955_COMMERCIAL_F1250_V3p2_R01_20260802_072541_251159,F1250_V3p3_RL49p6025_SINE,3.3,1250.0,COMMERCIAL,1,train
session_20260802_071955_COMMERCIAL_F1250_V3p2_R02_20260802_072545_057566,F1250_V3p3_RL49p6025_SINE,3.3,1250.0,COMMERCIAL,2,train
session_20260802_071955_COMMERCIAL_F1250_V3p2_R03_20260802_072548_879573,F1250_V3p3_RL49p6025_SINE,3.3,1250.0,COMMERCIAL,3,train
session_20260802_071955_COMMERCIAL_F1250_V3p2_R04_20260802_072552_685979,F1250_V3p3_RL49p6025_SINE,3.3,1250.0,COMMERCIAL,4,train
session_20260802_071955_COMMERCIAL_F1250_V3p2_R05_20260802_072556_523586,F1250_V3p3_RL49p6025_SINE,3.3,1250.0,COMMERCIAL,5,train
session_20260802_071955_COMMERCIAL_F1000_V3p2_R01_20260802_072607_958406,F1000_V3p3_RL49p6025_SINE,3.3,1000.0,COMMERCIAL,1,train
session_20260802_071955_COMMERCIAL_F1000_V3p2_R02_20260802_072611_780413,F1000_V3p3_RL49p6025_SINE,3.3,1000.0,COMMERCIAL,2,train
session_20260802_071955_COMMERCIAL_F1000_V3p2_R05_20260802_072623_230833,F1000_V3p3_RL49p6025_SINE,3.3,1000.0,COMMERCIAL,5,train
session_20260802_072705_COMMERCIAL_F4500_V3p9_R01_20260802_072713_322521,F4500_V3p9_RL49p6025_SINE,3.9,4500.0,COMMERCIAL,1,train
session_20260802_072705_COMMERCIAL_F4500_V3p9_R02_20260802_072717_144528,F4500_V3p9_RL49p6025_SINE,3.9,4500.0,COMMERCIAL,2,train
session_20260802_072705_COMMERCIAL_F4500_V3p9_R03_20260802_072720_950934,F4500_V3p9_RL49p6025_SINE,3.9,4500.0,COMMERCIAL,3,train
session_20260802_072705_COMMERCIAL_F4500_V3p9_R04_20260802_072724_757341,F4500_V3p9_RL49p6025_SINE,3.9,4500.0,COMMERCIAL,4,train
session_20260802_072705_COMMERCIAL_F4500_V3p9_R05_20260802_072728_579348,F4500_V3p9_RL49p6025_SINE,3.9,4500.0,COMMERCIAL,5,train
session_20260802_072705_COMMERCIAL_F4250_V3p9_R01_20260802_072738_875366,F4250_V3p9_RL49p6025_SINE,3.9,4250.0,COMMERCIAL,1,validation
session_20260802_072705_COMMERCIAL_F4250_V3p9_R02_20260802_072742_697372,F4250_V3p9_RL49p6025_SINE,3.9,4250.0,COMMERCIAL,2,validation
session_20260802_072705_COMMERCIAL_F4250_V3p9_R03_20260802_072746_441379,F4250_V3p9_RL49p6025_SINE,3.9,4250.0,COMMERCIAL,3,validation
session_20260802_072705_COMMERCIAL_F4250_V3p9_R04_20260802_072750_278986,F4250_V3p9_RL49p6025_SINE,3.9,4250.0,COMMERCIAL,4,validation
session_20260802_072705_COMMERCIAL_F4250_V3p9_R05_20260802_072754_100993,F4250_V3p9_RL49p6025_SINE,3.9,4250.0,COMMERCIAL,5,validation
session_20260802_072705_COMMERCIAL_F4000_V3p9_R01_20260802_072804_521811,F4000_V3p9_RL49p6025_SINE,3.9,4000.0,COMMERCIAL,1,train
session_20260802_072705_COMMERCIAL_F4000_V3p9_R02_20260802_072808_359418,F4000_V3p9_RL49p6025_SINE,3.9,4000.0,COMMERCIAL,2,train
session_20260802_072705_COMMERCIAL_F4000_V3p9_R03_20260802_072812_181424,F4000_V3p9_RL49p6025_SINE,3.9,4000.0,COMMERCIAL,3,train
session_20260802_072705_COMMERCIAL_F4000_V3p9_R04_20260802_072816_019031,F4000_V3p9_RL49p6025_SINE,3.9,4000.0,COMMERCIAL,4,train
session_20260802_072705_COMMERCIAL_F4000_V3p9_R05_20260802_072819_809838,F4000_V3p9_RL49p6025_SINE,3.9,4000.0,COMMERCIAL,5,train
session_20260802_072705_COMMERCIAL_F3750_V3p9_R01_20260802_072830_215056,F3750_V3p9_RL49p6025_SINE,3.9,3750.0,COMMERCIAL,1,train
session_20260802_072705_COMMERCIAL_F3750_V3p9_R02_20260802_072834_052663,F3750_V3p9_RL49p6025_SINE,3.9,3750.0,COMMERCIAL,2,train
session_20260802_072705_COMMERCIAL_F3750_V3p9_R03_20260802_072837_859069,F3750_V3p9_RL49p6025_SINE,3.9,3750.0,COMMERCIAL,3,train
session_20260802_072705_COMMERCIAL_F3750_V3p9_R04_20260802_072841_665476,F3750_V3p9_RL49p6025_SINE,3.9,3750.0,COMMERCIAL,4,train
session_20260802_072705_COMMERCIAL_F3750_V3p9_R05_20260802_072845_487483,F3750_V3p9_RL49p6025_SINE,3.9,3750.0,COMMERCIAL,5,train
session_20260802_072705_COMMERCIAL_F3500_V3p9_R01_20260802_072855_752301,F3500_V3p9_RL49p6025_SINE,3.9,3500.0,COMMERCIAL,1,train
session_20260802_072705_COMMERCIAL_F3500_V3p9_R02_20260802_072859_558707,F3500_V3p9_RL49p6025_SINE,3.9,3500.0,COMMERCIAL,2,train
session_20260802_072705_COMMERCIAL_F3500_V3p9_R03_20260802_072903_365114,F3500_V3p9_RL49p6025_SINE,3.9,3500.0,COMMERCIAL,3,train
session_20260802_072705_COMMERCIAL_F3500_V3p9_R04_20260802_072907_187121,F3500_V3p9_RL49p6025_SINE,3.9,3500.0,COMMERCIAL,4,train
session_20260802_072705_COMMERCIAL_F3500_V3p9_R05_20260802_072910_993528,F3500_V3p9_RL49p6025_SINE,3.9,3500.0,COMMERCIAL,5,train
session_20260802_072705_COMMERCIAL_F3250_V3p9_R01_20260802_072921_227146,F3250_V3p9_RL49p6025_SINE,3.9,3250.0,COMMERCIAL,1,train
session_20260802_072705_COMMERCIAL_F3250_V3p9_R02_20260802_072925_064752,F3250_V3p9_RL49p6025_SINE,3.9,3250.0,COMMERCIAL,2,train
session_20260802_072705_COMMERCIAL_F3250_V3p9_R03_20260802_072928_871159,F3250_V3p9_RL49p6025_SINE,3.9,3250.0,COMMERCIAL,3,train
session_20260802_072705_COMMERCIAL_F3250_V3p9_R04_20260802_072932_677566,F3250_V3p9_RL49p6025_SINE,3.9,3250.0,COMMERCIAL,4,train
session_20260802_072705_COMMERCIAL_F3250_V3p9_R05_20260802_072936_483972,F3250_V3p9_RL49p6025_SINE,3.9,3250.0,COMMERCIAL,5,train
session_20260802_072705_COMMERCIAL_F3000_V3p9_R01_20260802_072946_733190,F3000_V3p9_RL49p6025_SINE,3.9,3000.0,COMMERCIAL,1,train
session_20260802_072705_COMMERCIAL_F3000_V3p9_R02_20260802_072950_555197,F3000_V3p9_RL49p6025_SINE,3.9,3000.0,COMMERCIAL,2,train
session_20260802_072705_COMMERCIAL_F3000_V3p9_R03_20260802_072954_361604,F3000_V3p9_RL49p6025_SINE,3.9,3000.0,COMMERCIAL,3,train
session_20260802_072705_COMMERCIAL_F3000_V3p9_R04_20260802_072958_168010,F3000_V3p9_RL49p6025_SINE,3.9,3000.0,COMMERCIAL,4,train
session_20260802_072705_COMMERCIAL_F3000_V3p9_R05_20260802_073001_990017,F3000_V3p9_RL49p6025_SINE,3.9,3000.0,COMMERCIAL,5,train
session_20260802_072705_COMMERCIAL_F2750_V3p9_R01_20260802_073013_456037,F2750_V3p9_RL49p6025_SINE,3.9,2750.0,COMMERCIAL,1,train
session_20260802_072705_COMMERCIAL_F2750_V3p9_R02_20260802_073017_278044,F2750_V3p9_RL49p6025_SINE,3.9,2750.0,COMMERCIAL,2,train
session_20260802_072705_COMMERCIAL_F2750_V3p9_R03_20260802_073021_100051,F2750_V3p9_RL49p6025_SINE,3.9,2750.0,COMMERCIAL,3,train
session_20260802_072705_COMMERCIAL_F2750_V3p9_R04_20260802_073024_937657,F2750_V3p9_RL49p6025_SINE,3.9,2750.0,COMMERCIAL,4,train
session_20260802_072705_COMMERCIAL_F2750_V3p9_R05_20260802_073028_744064,F2750_V3p9_RL49p6025_SINE,3.9,2750.0,COMMERCIAL,5,train
session_20260802_072705_COMMERCIAL_F2500_V3p9_R01_20260802_073040_194484,F2500_V3p9_RL49p6025_SINE,3.9,2500.0,COMMERCIAL,1,train
session_20260802_072705_COMMERCIAL_F2500_V3p9_R02_20260802_073044_016491,F2500_V3p9_RL49p6025_SINE,3.9,2500.0,COMMERCIAL,2,train
session_20260802_072705_COMMERCIAL_F2500_V3p9_R03_20260802_073047_822898,F2500_V3p9_RL49p6025_SINE,3.9,2500.0,COMMERCIAL,3,train
session_20260802_072705_COMMERCIAL_F2500_V3p9_R04_20260802_073051_629304,F2500_V3p9_RL49p6025_SINE,3.9,2500.0,COMMERCIAL,4,train
session_20260802_072705_COMMERCIAL_F2500_V3p9_R05_20260802_073055_404511,F2500_V3p9_RL49p6025_SINE,3.9,2500.0,COMMERCIAL,5,train
session_20260802_072705_COMMERCIAL_F2250_V3p9_R01_20260802_073106_932931,F2250_V3p9_RL49p6025_SINE,3.9,2250.0,COMMERCIAL,1,train
session_20260802_072705_COMMERCIAL_F2250_V3p9_R02_20260802_073110_676938,F2250_V3p9_RL49p6025_SINE,3.9,2250.0,COMMERCIAL,2,train
session_20260802_072705_COMMERCIAL_F2250_V3p9_R03_20260802_073114_483344,F2250_V3p9_RL49p6025_SINE,3.9,2250.0,COMMERCIAL,3,train
session_20260802_072705_COMMERCIAL_F2250_V3p9_R04_20260802_073118_305351,F2250_V3p9_RL49p6025_SINE,3.9,2250.0,COMMERCIAL,4,train
session_20260802_072705_COMMERCIAL_F2250_V3p9_R05_20260802_073122_111758,F2250_V3p9_RL49p6025_SINE,3.9,2250.0,COMMERCIAL,5,train
session_20260802_072705_COMMERCIAL_F2000_V3p9_R01_20260802_073133_608978,F2000_V3p9_RL49p6025_SINE,3.9,2000.0,COMMERCIAL,1,train
session_20260802_072705_COMMERCIAL_F2000_V3p9_R02_20260802_073137_430985,F2000_V3p9_RL49p6025_SINE,3.9,2000.0,COMMERCIAL,2,train
session_20260802_072705_COMMERCIAL_F2000_V3p9_R03_20260802_073141_252991,F2000_V3p9_RL49p6025_SINE,3.9,2000.0,COMMERCIAL,3,train
session_20260802_072705_COMMERCIAL_F2000_V3p9_R04_20260802_073145_074998,F2000_V3p9_RL49p6025_SINE,3.9,2000.0,COMMERCIAL,4,train
session_20260802_072705_COMMERCIAL_F2000_V3p9_R05_20260802_073148_819005,F2000_V3p9_RL49p6025_SINE,3.9,2000.0,COMMERCIAL,5,train
session_20260802_072705_COMMERCIAL_F1750_V3p9_R01_20260802_073200_285025,F1750_V3p9_RL49p6025_SINE,3.9,1750.0,COMMERCIAL,1,train
session_20260802_072705_COMMERCIAL_F1750_V3p9_R02_20260802_073204_091432,F1750_V3p9_RL49p6025_SINE,3.9,1750.0,COMMERCIAL,2,train
session_20260802_072705_COMMERCIAL_F1750_V3p9_R03_20260802_073207_913438,F1750_V3p9_RL49p6025_SINE,3.9,1750.0,COMMERCIAL,3,train
session_20260802_072705_COMMERCIAL_F1750_V3p9_R04_20260802_073211_719845,F1750_V3p9_RL49p6025_SINE,3.9,1750.0,COMMERCIAL,4,train
session_20260802_072705_COMMERCIAL_F1750_V3p9_R05_20260802_073215_526252,F1750_V3p9_RL49p6025_SINE,3.9,1750.0,COMMERCIAL,5,train
session_20260802_072705_COMMERCIAL_F1500_V3p9_R01_20260802_073227_007872,F1500_V3p9_RL49p6025_SINE,3.9,1500.0,COMMERCIAL,1,test
session_20260802_072705_COMMERCIAL_F1500_V3p9_R02_20260802_073230_798678,F1500_V3p9_RL49p6025_SINE,3.9,1500.0,COMMERCIAL,2,test
session_20260802_072705_COMMERCIAL_F1500_V3p9_R03_20260802_073234_620685,F1500_V3p9_RL49p6025_SINE,3.9,1500.0,COMMERCIAL,3,test
session_20260802_072705_COMMERCIAL_F1500_V3p9_R04_20260802_073238_442692,F1500_V3p9_RL49p6025_SINE,3.9,1500.0,COMMERCIAL,4,test
session_20260802_072705_COMMERCIAL_F1500_V3p9_R05_20260802_073242_264699,F1500_V3p9_RL49p6025_SINE,3.9,1500.0,COMMERCIAL,5,test
session_20260802_072705_COMMERCIAL_F1250_V3p9_R01_20260802_073253_730719,F1250_V3p9_RL49p6025_SINE,3.9,1250.0,COMMERCIAL,1,test
session_20260802_072705_COMMERCIAL_F1250_V3p9_R02_20260802_073257_552725,F1250_V3p9_RL49p6025_SINE,3.9,1250.0,COMMERCIAL,2,test
session_20260802_072705_COMMERCIAL_F1250_V3p9_R03_20260802_073301_359132,F1250_V3p9_RL49p6025_SINE,3.9,1250.0,COMMERCIAL,3,test
session_20260802_072705_COMMERCIAL_F1250_V3p9_R04_20260802_073305_165539,F1250_V3p9_RL49p6025_SINE,3.9,1250.0,COMMERCIAL,4,test
session_20260802_072705_COMMERCIAL_F1250_V3p9_R05_20260802_073308_987546,F1250_V3p9_RL49p6025_SINE,3.9,1250.0,COMMERCIAL,5,test
session_20260802_073421_COMMERCIAL_F4500_V4p6_R01_20260802_073429_218486,F4500_V4p5_RL49p6025_SINE,4.5,4500.0,COMMERCIAL,1,train
session_20260802_073421_COMMERCIAL_F4500_V4p6_R02_20260802_073433_024893,F4500_V4p5_RL49p6025_SINE,4.5,4500.0,COMMERCIAL,2,train
session_20260802_073421_COMMERCIAL_F4500_V4p6_R03_20260802_073436_846900,F4500_V4p5_RL49p6025_SINE,4.5,4500.0,COMMERCIAL,3,train
session_20260802_073421_COMMERCIAL_F4500_V4p6_R04_20260802_073440_668907,F4500_V4p5_RL49p6025_SINE,4.5,4500.0,COMMERCIAL,4,train
session_20260802_073421_COMMERCIAL_F4500_V4p6_R05_20260802_073444_490913,F4500_V4p5_RL49p6025_SINE,4.5,4500.0,COMMERCIAL,5,train
session_20260802_073421_COMMERCIAL_F4250_V4p6_R01_20260802_073454_755731,F4250_V4p5_RL49p6025_SINE,4.5,4250.0,COMMERCIAL,1,train
session_20260802_073421_COMMERCIAL_F4250_V4p6_R02_20260802_073458_562138,F4250_V4p5_RL49p6025_SINE,4.5,4250.0,COMMERCIAL,2,train
session_20260802_073421_COMMERCIAL_F4250_V4p6_R03_20260802_073502_399745,F4250_V4p5_RL49p6025_SINE,4.5,4250.0,COMMERCIAL,3,train
session_20260802_073421_COMMERCIAL_F4250_V4p6_R04_20260802_073506_174951,F4250_V4p5_RL49p6025_SINE,4.5,4250.0,COMMERCIAL,4,train
session_20260802_073421_COMMERCIAL_F4250_V4p6_R05_20260802_073509_996958,F4250_V4p5_RL49p6025_SINE,4.5,4250.0,COMMERCIAL,5,train
session_20260802_073421_COMMERCIAL_F4000_V4p6_R01_20260802_073520_277376,F4000_V4p5_RL49p6025_SINE,4.5,4000.0,COMMERCIAL,1,validation
session_20260802_073421_COMMERCIAL_F4000_V4p6_R02_20260802_073524_036983,F4000_V4p5_RL49p6025_SINE,4.5,4000.0,COMMERCIAL,2,validation
session_20260802_073421_COMMERCIAL_F4000_V4p6_R03_20260802_073527_858989,F4000_V4p5_RL49p6025_SINE,4.5,4000.0,COMMERCIAL,3,validation
session_20260802_073421_COMMERCIAL_F4000_V4p6_R04_20260802_073531_680996,F4000_V4p5_RL49p6025_SINE,4.5,4000.0,COMMERCIAL,4,validation
session_20260802_073421_COMMERCIAL_F4000_V4p6_R05_20260802_073535_487403,F4000_V4p5_RL49p6025_SINE,4.5,4000.0,COMMERCIAL,5,validation
session_20260802_073421_COMMERCIAL_F3750_V4p6_R01_20260802_073545_721021,F3750_V4p5_RL49p6025_SINE,4.5,3750.0,COMMERCIAL,1,train
session_20260802_073421_COMMERCIAL_F3750_V4p6_R02_20260802_073549_543028,F3750_V4p5_RL49p6025_SINE,4.5,3750.0,COMMERCIAL,2,train
session_20260802_073421_COMMERCIAL_F3750_V4p6_R03_20260802_073553_349434,F3750_V4p5_RL49p6025_SINE,4.5,3750.0,COMMERCIAL,3,train
session_20260802_073421_COMMERCIAL_F3750_V4p6_R04_20260802_073557_171441,F3750_V4p5_RL49p6025_SINE,4.5,3750.0,COMMERCIAL,4,train
session_20260802_073421_COMMERCIAL_F3750_V4p6_R05_20260802_073600_993448,F3750_V4p5_RL49p6025_SINE,4.5,3750.0,COMMERCIAL,5,train
session_20260802_073421_COMMERCIAL_F3500_V4p6_R01_20260802_073611_227066,F3500_V4p5_RL49p6025_SINE,4.5,3500.0,COMMERCIAL,1,train
session_20260802_073421_COMMERCIAL_F3500_V4p6_R02_20260802_073615_033472,F3500_V4p5_RL49p6025_SINE,4.5,3500.0,COMMERCIAL,2,train
session_20260802_073421_COMMERCIAL_F3500_V4p6_R03_20260802_073618_871079,F3500_V4p5_RL49p6025_SINE,4.5,3500.0,COMMERCIAL,3,train
session_20260802_073421_COMMERCIAL_F3500_V4p6_R04_20260802_073622_677486,F3500_V4p5_RL49p6025_SINE,4.5,3500.0,COMMERCIAL,4,train
session_20260802_073421_COMMERCIAL_F3500_V4p6_R05_20260802_073626_483892,F3500_V4p5_RL49p6025_SINE,4.5,3500.0,COMMERCIAL,5,train
session_20260802_073421_COMMERCIAL_F3250_V4p6_R01_20260802_073637_934313,F3250_V4p5_RL49p6025_SINE,4.5,3250.0,COMMERCIAL,1,train
session_20260802_073421_COMMERCIAL_F3250_V4p6_R02_20260802_073641_756319,F3250_V4p5_RL49p6025_SINE,4.5,3250.0,COMMERCIAL,2,train
session_20260802_073421_COMMERCIAL_F3250_V4p6_R03_20260802_073645_578326,F3250_V4p5_RL49p6025_SINE,4.5,3250.0,COMMERCIAL,3,train
session_20260802_073421_COMMERCIAL_F3250_V4p6_R04_20260802_073649_384733,F3250_V4p5_RL49p6025_SINE,4.5,3250.0,COMMERCIAL,4,train
session_20260802_073421_COMMERCIAL_F3250_V4p6_R05_20260802_073653_191139,F3250_V4p5_RL49p6025_SINE,4.5,3250.0,COMMERCIAL,5,train
session_20260802_073421_COMMERCIAL_F3000_V4p6_R01_20260802_073704_657160,F3000_V4p5_RL49p6025_SINE,4.5,3000.0,COMMERCIAL,1,train
session_20260802_073421_COMMERCIAL_F3000_V4p6_R02_20260802_073708_463566,F3000_V4p5_RL49p6025_SINE,4.5,3000.0,COMMERCIAL,2,train
session_20260802_073421_COMMERCIAL_F3000_V4p6_R03_20260802_073712_269973,F3000_V4p5_RL49p6025_SINE,4.5,3000.0,COMMERCIAL,3,train
session_20260802_073421_COMMERCIAL_F3000_V4p6_R04_20260802_073716_076380,F3000_V4p5_RL49p6025_SINE,4.5,3000.0,COMMERCIAL,4,train
session_20260802_073421_COMMERCIAL_F3000_V4p6_R05_20260802_073719_898386,F3000_V4p5_RL49p6025_SINE,4.5,3000.0,COMMERCIAL,5,train
session_20260802_073421_COMMERCIAL_F2750_V4p6_R01_20260802_073731_348806,F2750_V4p5_RL49p6025_SINE,4.5,2750.0,COMMERCIAL,1,train
session_20260802_073421_COMMERCIAL_F2750_V4p6_R02_20260802_073735_170813,F2750_V4p5_RL49p6025_SINE,4.5,2750.0,COMMERCIAL,2,train
session_20260802_073421_COMMERCIAL_F2750_V4p6_R03_20260802_073738_992820,F2750_V4p5_RL49p6025_SINE,4.5,2750.0,COMMERCIAL,3,train
session_20260802_073421_COMMERCIAL_F2750_V4p6_R04_20260802_073742_799226,F2750_V4p5_RL49p6025_SINE,4.5,2750.0,COMMERCIAL,4,train
session_20260802_073421_COMMERCIAL_F2750_V4p6_R05_20260802_073746_496433,F2750_V4p5_RL49p6025_SINE,4.5,2750.0,COMMERCIAL,5,train
session_20260802_073421_COMMERCIAL_F2500_V4p6_R01_20260802_073757_868853,F2500_V4p5_RL49p6025_SINE,4.5,2500.0,COMMERCIAL,1,train
session_20260802_073421_COMMERCIAL_F2500_V4p6_R02_20260802_073801_675260,F2500_V4p5_RL49p6025_SINE,4.5,2500.0,COMMERCIAL,2,train
session_20260802_073421_COMMERCIAL_F2500_V4p6_R03_20260802_073805_497266,F2500_V4p5_RL49p6025_SINE,4.5,2500.0,COMMERCIAL,3,train
session_20260802_073421_COMMERCIAL_F2500_V4p6_R04_20260802_073809_303673,F2500_V4p5_RL49p6025_SINE,4.5,2500.0,COMMERCIAL,4,train
session_20260802_073421_COMMERCIAL_F2500_V4p6_R05_20260802_073813_125680,F2500_V4p5_RL49p6025_SINE,4.5,2500.0,COMMERCIAL,5,train
session_20260802_073421_COMMERCIAL_F2250_V4p6_R01_20260802_073824_576100,F2250_V4p5_RL49p6025_SINE,4.5,2250.0,COMMERCIAL,1,train
session_20260802_073421_COMMERCIAL_F2250_V4p6_R02_20260802_073828_382507,F2250_V4p5_RL49p6025_SINE,4.5,2250.0,COMMERCIAL,2,train
session_20260802_073421_COMMERCIAL_F2250_V4p6_R03_20260802_073832_188913,F2250_V4p5_RL49p6025_SINE,4.5,2250.0,COMMERCIAL,3,train
session_20260802_073421_COMMERCIAL_F2250_V4p6_R04_20260802_073836_010920,F2250_V4p5_RL49p6025_SINE,4.5,2250.0,COMMERCIAL,4,train
session_20260802_073421_COMMERCIAL_F2250_V4p6_R05_20260802_073839_832927,F2250_V4p5_RL49p6025_SINE,4.5,2250.0,COMMERCIAL,5,train
session_20260802_073421_COMMERCIAL_F2000_V4p6_R01_20260802_073851_283347,F2000_V4p5_RL49p6025_SINE,4.5,2000.0,COMMERCIAL,1,train
session_20260802_073421_COMMERCIAL_F2000_V4p6_R02_20260802_073855_074153,F2000_V4p5_RL49p6025_SINE,4.5,2000.0,COMMERCIAL,2,train
session_20260802_073421_COMMERCIAL_F2000_V4p6_R03_20260802_073858_896160,F2000_V4p5_RL49p6025_SINE,4.5,2000.0,COMMERCIAL,3,train
session_20260802_073421_COMMERCIAL_F2000_V4p6_R04_20260802_073902_702567,F2000_V4p5_RL49p6025_SINE,4.5,2000.0,COMMERCIAL,4,train
session_20260802_073421_COMMERCIAL_F2000_V4p6_R05_20260802_073906_540174,F2000_V4p5_RL49p6025_SINE,4.5,2000.0,COMMERCIAL,5,train
session_20260802_073421_COMMERCIAL_F1750_V4p6_R01_20260802_073917_990594,F1750_V4p5_RL49p6025_SINE,4.5,1750.0,COMMERCIAL,1,train
session_20260802_073421_COMMERCIAL_F1750_V4p6_R02_20260802_073921_797000,F1750_V4p5_RL49p6025_SINE,4.5,1750.0,COMMERCIAL,2,train
session_20260802_073421_COMMERCIAL_F1750_V4p6_R03_20260802_073925_603407,F1750_V4p5_RL49p6025_SINE,4.5,1750.0,COMMERCIAL,3,train
session_20260802_073421_COMMERCIAL_F1750_V4p6_R04_20260802_073929_425414,F1750_V4p5_RL49p6025_SINE,4.5,1750.0,COMMERCIAL,4,train
session_20260802_073421_COMMERCIAL_F1750_V4p6_R05_20260802_073933_247420,F1750_V4p5_RL49p6025_SINE,4.5,1750.0,COMMERCIAL,5,train
session_20260802_073421_COMMERCIAL_F1500_V4p6_R01_20260802_073944_682241,F1500_V4p5_RL49p6025_SINE,4.5,1500.0,COMMERCIAL,1,train
session_20260802_073421_COMMERCIAL_F1500_V4p6_R02_20260802_073948_488647,F1500_V4p5_RL49p6025_SINE,4.5,1500.0,COMMERCIAL,2,train
session_20260802_073421_COMMERCIAL_F1500_V4p6_R03_20260802_073952_185854,F1500_V4p5_RL49p6025_SINE,4.5,1500.0,COMMERCIAL,3,train
session_20260802_073421_COMMERCIAL_F1500_V4p6_R04_20260802_073955_929860,F1500_V4p5_RL49p6025_SINE,4.5,1500.0,COMMERCIAL,4,train
session_20260802_073421_COMMERCIAL_F1500_V4p6_R05_20260802_073959_736267,F1500_V4p5_RL49p6025_SINE,4.5,1500.0,COMMERCIAL,5,train
session_20260802_073421_COMMERCIAL_F1250_V4p6_R01_20260802_074011_061887,F1250_V4p5_RL49p6025_SINE,4.5,1250.0,COMMERCIAL,1,train
session_20260802_073421_COMMERCIAL_F1250_V4p6_R02_20260802_074014_790293,F1250_V4p5_RL49p6025_SINE,4.5,1250.0,COMMERCIAL,2,train
session_20260802_073421_COMMERCIAL_F1250_V4p6_R04_20260802_074022_434307,F1250_V4p5_RL49p6025_SINE,4.5,1250.0,COMMERCIAL,4,train
session_20260802_073421_COMMERCIAL_F1250_V4p6_R05_20260802_074026_256314,F1250_V4p5_RL49p6025_SINE,4.5,1250.0,COMMERCIAL,5,train
session_20260802_074240_COMMERCIAL_F4500_V5p1_R01_20260802_074248_263363,F4500_V5p0_RL49p6025_SINE,5.0,4500.0,COMMERCIAL,1,train
session_20260802_074240_COMMERCIAL_F4500_V5p1_R02_20260802_074252_069770,F4500_V5p0_RL49p6025_SINE,5.0,4500.0,COMMERCIAL,2,train
session_20260802_074240_COMMERCIAL_F4500_V5p1_R03_20260802_074255_891776,F4500_V5p0_RL49p6025_SINE,5.0,4500.0,COMMERCIAL,3,train
session_20260802_074240_COMMERCIAL_F4500_V5p1_R04_20260802_074259_682583,F4500_V5p0_RL49p6025_SINE,5.0,4500.0,COMMERCIAL,4,train
session_20260802_074240_COMMERCIAL_F4500_V5p1_R05_20260802_074303_442190,F4500_V5p0_RL49p6025_SINE,5.0,4500.0,COMMERCIAL,5,train
session_20260802_074240_COMMERCIAL_F4250_V5p1_R01_20260802_074313_753808,F4250_V5p0_RL49p6025_SINE,5.0,4250.0,COMMERCIAL,1,train
session_20260802_074240_COMMERCIAL_F4250_V5p1_R02_20260802_074317_560214,F4250_V5p0_RL49p6025_SINE,5.0,4250.0,COMMERCIAL,2,train
session_20260802_074240_COMMERCIAL_F4250_V5p1_R03_20260802_074321_304221,F4250_V5p0_RL49p6025_SINE,5.0,4250.0,COMMERCIAL,3,train
session_20260802_074240_COMMERCIAL_F4250_V5p1_R04_20260802_074325_141828,F4250_V5p0_RL49p6025_SINE,5.0,4250.0,COMMERCIAL,4,train
session_20260802_074240_COMMERCIAL_F4250_V5p1_R05_20260802_074328_963835,F4250_V5p0_RL49p6025_SINE,5.0,4250.0,COMMERCIAL,5,train
session_20260802_074240_COMMERCIAL_F4000_V5p1_R01_20260802_074340_414255,F4000_V5p0_RL49p6025_SINE,5.0,4000.0,COMMERCIAL,1,train
session_20260802_074240_COMMERCIAL_F4000_V5p1_R02_20260802_074344_236261,F4000_V5p0_RL49p6025_SINE,5.0,4000.0,COMMERCIAL,2,train
session_20260802_074240_COMMERCIAL_F4000_V5p1_R03_20260802_074348_027068,F4000_V5p0_RL49p6025_SINE,5.0,4000.0,COMMERCIAL,3,train
session_20260802_074240_COMMERCIAL_F4000_V5p1_R04_20260802_074351_833475,F4000_V5p0_RL49p6025_SINE,5.0,4000.0,COMMERCIAL,4,train
session_20260802_074240_COMMERCIAL_F4000_V5p1_R05_20260802_074355_655481,F4000_V5p0_RL49p6025_SINE,5.0,4000.0,COMMERCIAL,5,train
session_20260802_074240_COMMERCIAL_F3750_V5p1_R01_20260802_074406_091900,F3750_V5p0_RL49p6025_SINE,5.0,3750.0,COMMERCIAL,1,train
session_20260802_074240_COMMERCIAL_F3750_V5p1_R02_20260802_074409_913906,F3750_V5p0_RL49p6025_SINE,5.0,3750.0,COMMERCIAL,2,train
session_20260802_074240_COMMERCIAL_F3750_V5p1_R03_20260802_074413_704713,F3750_V5p0_RL49p6025_SINE,5.0,3750.0,COMMERCIAL,3,train
session_20260802_074240_COMMERCIAL_F3750_V5p1_R04_20260802_074417_526720,F3750_V5p0_RL49p6025_SINE,5.0,3750.0,COMMERCIAL,4,train
session_20260802_074240_COMMERCIAL_F3750_V5p1_R05_20260802_074421_348727,F3750_V5p0_RL49p6025_SINE,5.0,3750.0,COMMERCIAL,5,train
session_20260802_074240_COMMERCIAL_F3500_V5p1_R01_20260802_074432_799147,F3500_V5p0_RL49p6025_SINE,5.0,3500.0,COMMERCIAL,1,validation
session_20260802_074240_COMMERCIAL_F3500_V5p1_R02_20260802_074436_605553,F3500_V5p0_RL49p6025_SINE,5.0,3500.0,COMMERCIAL,2,validation
session_20260802_074240_COMMERCIAL_F3500_V5p1_R03_20260802_074440_427560,F3500_V5p0_RL49p6025_SINE,5.0,3500.0,COMMERCIAL,3,validation
session_20260802_074240_COMMERCIAL_F3500_V5p1_R04_20260802_074444_249567,F3500_V5p0_RL49p6025_SINE,5.0,3500.0,COMMERCIAL,4,validation
session_20260802_074240_COMMERCIAL_F3500_V5p1_R05_20260802_074448_071573,F3500_V5p0_RL49p6025_SINE,5.0,3500.0,COMMERCIAL,5,validation
session_20260802_074240_COMMERCIAL_F3250_V5p1_R01_20260802_074458_320791,F3250_V5p0_RL49p6025_SINE,5.0,3250.0,COMMERCIAL,1,train
session_20260802_074240_COMMERCIAL_F3250_V5p1_R02_20260802_074502_111598,F3250_V5p0_RL49p6025_SINE,5.0,3250.0,COMMERCIAL,2,train
session_20260802_074240_COMMERCIAL_F3250_V5p1_R03_20260802_074505_918005,F3250_V5p0_RL49p6025_SINE,5.0,3250.0,COMMERCIAL,3,train
session_20260802_074240_COMMERCIAL_F3250_V5p1_R04_20260802_074509_755612,F3250_V5p0_RL49p6025_SINE,5.0,3250.0,COMMERCIAL,4,train
session_20260802_074240_COMMERCIAL_F3250_V5p1_R05_20260802_074513_562018,F3250_V5p0_RL49p6025_SINE,5.0,3250.0,COMMERCIAL,5,train
session_20260802_074240_COMMERCIAL_F3000_V5p1_R01_20260802_074523_826836,F3000_V5p0_RL49p6025_SINE,5.0,3000.0,COMMERCIAL,1,train
session_20260802_074240_COMMERCIAL_F3000_V5p1_R02_20260802_074527_633243,F3000_V5p0_RL49p6025_SINE,5.0,3000.0,COMMERCIAL,2,train
session_20260802_074240_COMMERCIAL_F3000_V5p1_R03_20260802_074531_455250,F3000_V5p0_RL49p6025_SINE,5.0,3000.0,COMMERCIAL,3,train
session_20260802_074240_COMMERCIAL_F3000_V5p1_R04_20260802_074535_246056,F3000_V5p0_RL49p6025_SINE,5.0,3000.0,COMMERCIAL,4,train
session_20260802_074240_COMMERCIAL_F3000_V5p1_R05_20260802_074539_068063,F3000_V5p0_RL49p6025_SINE,5.0,3000.0,COMMERCIAL,5,train
session_20260802_074240_COMMERCIAL_F2750_V5p1_R01_20260802_074550_502883,F2750_V5p0_RL49p6025_SINE,5.0,2750.0,COMMERCIAL,1,train
session_20260802_074240_COMMERCIAL_F2750_V5p1_R02_20260802_074554_324890,F2750_V5p0_RL49p6025_SINE,5.0,2750.0,COMMERCIAL,2,train
session_20260802_074240_COMMERCIAL_F2750_V5p1_R03_20260802_074558_146897,F2750_V5p0_RL49p6025_SINE,5.0,2750.0,COMMERCIAL,3,train
session_20260802_074240_COMMERCIAL_F2750_V5p1_R04_20260802_074601_953303,F2750_V5p0_RL49p6025_SINE,5.0,2750.0,COMMERCIAL,4,train
session_20260802_074240_COMMERCIAL_F2750_V5p1_R05_20260802_074605_759710,F2750_V5p0_RL49p6025_SINE,5.0,2750.0,COMMERCIAL,5,train
session_20260802_074240_COMMERCIAL_F2500_V5p1_R01_20260802_074617_225730,F2500_V5p0_RL49p6025_SINE,5.0,2500.0,COMMERCIAL,1,train
session_20260802_074240_COMMERCIAL_F2500_V5p1_R02_20260802_074621_032137,F2500_V5p0_RL49p6025_SINE,5.0,2500.0,COMMERCIAL,2,train
session_20260802_074240_COMMERCIAL_F2500_V5p1_R03_20260802_074624_854143,F2500_V5p0_RL49p6025_SINE,5.0,2500.0,COMMERCIAL,3,train
session_20260802_074240_COMMERCIAL_F2500_V5p1_R04_20260802_074628_676150,F2500_V5p0_RL49p6025_SINE,5.0,2500.0,COMMERCIAL,4,train
session_20260802_074240_COMMERCIAL_F2500_V5p1_R05_20260802_074632_529357,F2500_V5p0_RL49p6025_SINE,5.0,2500.0,COMMERCIAL,5,train
session_20260802_074240_COMMERCIAL_F2250_V5p1_R01_20260802_074643_932977,F2250_V5p0_RL49p6025_SINE,5.0,2250.0,COMMERCIAL,1,train
session_20260802_074240_COMMERCIAL_F2250_V5p1_R02_20260802_074647_723784,F2250_V5p0_RL49p6025_SINE,5.0,2250.0,COMMERCIAL,2,train
session_20260802_074240_COMMERCIAL_F2250_V5p1_R03_20260802_074651_545790,F2250_V5p0_RL49p6025_SINE,5.0,2250.0,COMMERCIAL,3,train
session_20260802_074240_COMMERCIAL_F2250_V5p1_R04_20260802_074655_367797,F2250_V5p0_RL49p6025_SINE,5.0,2250.0,COMMERCIAL,4,train
session_20260802_074240_COMMERCIAL_F2250_V5p1_R05_20260802_074659_189804,F2250_V5p0_RL49p6025_SINE,5.0,2250.0,COMMERCIAL,5,train
session_20260802_074240_COMMERCIAL_F2000_V5p1_R01_20260802_074710_640224,F2000_V5p0_RL49p6025_SINE,5.0,2000.0,COMMERCIAL,1,train
session_20260802_074240_COMMERCIAL_F2000_V5p1_R02_20260802_074714_446631,F2000_V5p0_RL49p6025_SINE,5.0,2000.0,COMMERCIAL,2,train
session_20260802_074240_COMMERCIAL_F2000_V5p1_R03_20260802_074718_268637,F2000_V5p0_RL49p6025_SINE,5.0,2000.0,COMMERCIAL,3,train
session_20260802_074240_COMMERCIAL_F2000_V5p1_R04_20260802_074722_075044,F2000_V5p0_RL49p6025_SINE,5.0,2000.0,COMMERCIAL,4,train
session_20260802_074240_COMMERCIAL_F2000_V5p1_R05_20260802_074725_897051,F2000_V5p0_RL49p6025_SINE,5.0,2000.0,COMMERCIAL,5,train
session_20260802_074240_COMMERCIAL_F1750_V5p1_R01_20260802_074737_347471,F1750_V5p0_RL49p6025_SINE,5.0,1750.0,COMMERCIAL,1,validation
session_20260802_074240_COMMERCIAL_F1750_V5p1_R02_20260802_074741_138277,F1750_V5p0_RL49p6025_SINE,5.0,1750.0,COMMERCIAL,2,validation
session_20260802_074240_COMMERCIAL_F1750_V5p1_R03_20260802_074744_975884,F1750_V5p0_RL49p6025_SINE,5.0,1750.0,COMMERCIAL,3,validation
session_20260802_074240_COMMERCIAL_F1750_V5p1_R04_20260802_074748_782291,F1750_V5p0_RL49p6025_SINE,5.0,1750.0,COMMERCIAL,4,validation
session_20260802_074240_COMMERCIAL_F1750_V5p1_R05_20260802_074752_604298,F1750_V5p0_RL49p6025_SINE,5.0,1750.0,COMMERCIAL,5,validation
session_20260802_074240_COMMERCIAL_F1500_V5p1_R01_20260802_074804_039118,F1500_V5p0_RL49p6025_SINE,5.0,1500.0,COMMERCIAL,1,train
session_20260802_074240_COMMERCIAL_F1500_V5p1_R02_20260802_074807_876724,F1500_V5p0_RL49p6025_SINE,5.0,1500.0,COMMERCIAL,2,train
session_20260802_074240_COMMERCIAL_F1500_V5p1_R03_20260802_074811_683131,F1500_V5p0_RL49p6025_SINE,5.0,1500.0,COMMERCIAL,3,train
session_20260802_074240_COMMERCIAL_F1500_V5p1_R04_20260802_074815_473938,F1500_V5p0_RL49p6025_SINE,5.0,1500.0,COMMERCIAL,4,train
session_20260802_074240_COMMERCIAL_F1500_V5p1_R05_20260802_074819_311544,F1500_V5p0_RL49p6025_SINE,5.0,1500.0,COMMERCIAL,5,train
session_20260803_014203_COMMERCIAL_F4500_V5p7_R01_20260803_014211_249663,F4500_V5p6_RL49p6025_SINE,5.6,4500.0,COMMERCIAL,1,train
session_20260803_014203_COMMERCIAL_F4500_V5p7_R02_20260803_014214_915669,F4500_V5p6_RL49p6025_SINE,5.6,4500.0,COMMERCIAL,2,train
session_20260803_014203_COMMERCIAL_F4500_V5p7_R03_20260803_014218_534875,F4500_V5p6_RL49p6025_SINE,5.6,4500.0,COMMERCIAL,3,train
session_20260803_014203_COMMERCIAL_F4500_V5p7_R04_20260803_014222_278882,F4500_V5p6_RL49p6025_SINE,5.6,4500.0,COMMERCIAL,4,train
session_20260803_014203_COMMERCIAL_F4500_V5p7_R05_20260803_014225_960489,F4500_V5p6_RL49p6025_SINE,5.6,4500.0,COMMERCIAL,5,train
session_20260803_014203_COMMERCIAL_F4250_V5p7_R01_20260803_014237_145708,F4250_V5p6_RL49p6025_SINE,5.6,4250.0,COMMERCIAL,1,train
session_20260803_014203_COMMERCIAL_F4250_V5p7_R02_20260803_014240_811715,F4250_V5p6_RL49p6025_SINE,5.6,4250.0,COMMERCIAL,2,train
session_20260803_014203_COMMERCIAL_F4250_V5p7_R03_20260803_014244_462121,F4250_V5p6_RL49p6025_SINE,5.6,4250.0,COMMERCIAL,3,train
session_20260803_014203_COMMERCIAL_F4250_V5p7_R04_20260803_014248_206128,F4250_V5p6_RL49p6025_SINE,5.6,4250.0,COMMERCIAL,4,train
session_20260803_014203_COMMERCIAL_F4250_V5p7_R05_20260803_014251_903334,F4250_V5p6_RL49p6025_SINE,5.6,4250.0,COMMERCIAL,5,train
session_20260803_014203_COMMERCIAL_F4000_V5p7_R01_20260803_014303_057354,F4000_V5p6_RL49p6025_SINE,5.6,4000.0,COMMERCIAL,1,test
session_20260803_014203_COMMERCIAL_F4000_V5p7_R02_20260803_014306_879360,F4000_V5p6_RL49p6025_SINE,5.6,4000.0,COMMERCIAL,2,test
session_20260803_014203_COMMERCIAL_F4000_V5p7_R03_20260803_014310_685767,F4000_V5p6_RL49p6025_SINE,5.6,4000.0,COMMERCIAL,3,test
session_20260803_014203_COMMERCIAL_F4000_V5p7_R04_20260803_014314_336173,F4000_V5p6_RL49p6025_SINE,5.6,4000.0,COMMERCIAL,4,test
session_20260803_014203_COMMERCIAL_F4000_V5p7_R05_20260803_014317_970980,F4000_V5p6_RL49p6025_SINE,5.6,4000.0,COMMERCIAL,5,test
session_20260803_014203_COMMERCIAL_F3750_V5p7_R01_20260803_014329_171800,F3750_V5p6_RL49p6025_SINE,5.6,3750.0,COMMERCIAL,1,train
session_20260803_014203_COMMERCIAL_F3750_V5p7_R02_20260803_014332_837806,F3750_V5p6_RL49p6025_SINE,5.6,3750.0,COMMERCIAL,2,train
session_20260803_014203_COMMERCIAL_F3750_V5p7_R03_20260803_014336_457012,F3750_V5p6_RL49p6025_SINE,5.6,3750.0,COMMERCIAL,3,train
session_20260803_014203_COMMERCIAL_F3750_V5p7_R04_20260803_014340_076219,F3750_V5p6_RL49p6025_SINE,5.6,3750.0,COMMERCIAL,4,train
session_20260803_014203_COMMERCIAL_F3750_V5p7_R05_20260803_014343_820225,F3750_V5p6_RL49p6025_SINE,5.6,3750.0,COMMERCIAL,5,train
session_20260803_014203_COMMERCIAL_F3500_V5p7_R01_20260803_014354_880645,F3500_V5p6_RL49p6025_SINE,5.6,3500.0,COMMERCIAL,1,test
session_20260803_014203_COMMERCIAL_F3500_V5p7_R02_20260803_014358_499851,F3500_V5p6_RL49p6025_SINE,5.6,3500.0,COMMERCIAL,2,test
session_20260803_014203_COMMERCIAL_F3500_V5p7_R03_20260803_014402_134657,F3500_V5p6_RL49p6025_SINE,5.6,3500.0,COMMERCIAL,3,test
session_20260803_014203_COMMERCIAL_F3500_V5p7_R04_20260803_014405_753864,F3500_V5p6_RL49p6025_SINE,5.6,3500.0,COMMERCIAL,4,test
session_20260803_014203_COMMERCIAL_F3500_V5p7_R05_20260803_014409_529070,F3500_V5p6_RL49p6025_SINE,5.6,3500.0,COMMERCIAL,5,test
session_20260803_014203_COMMERCIAL_F3250_V5p7_R01_20260803_014420_620690,F3250_V5p6_RL49p6025_SINE,5.6,3250.0,COMMERCIAL,1,train
session_20260803_014203_COMMERCIAL_F3250_V5p7_R02_20260803_014424_286696,F3250_V5p6_RL49p6025_SINE,5.6,3250.0,COMMERCIAL,2,train
session_20260803_014203_COMMERCIAL_F3250_V5p7_R03_20260803_014427_999503,F3250_V5p6_RL49p6025_SINE,5.6,3250.0,COMMERCIAL,3,train
session_20260803_014203_COMMERCIAL_F3250_V5p7_R04_20260803_014431_696709,F3250_V5p6_RL49p6025_SINE,5.6,3250.0,COMMERCIAL,4,train
session_20260803_014203_COMMERCIAL_F3250_V5p7_R05_20260803_014435_440716,F3250_V5p6_RL49p6025_SINE,5.6,3250.0,COMMERCIAL,5,train
session_20260803_014203_COMMERCIAL_F3000_V5p7_R01_20260803_014446_516735,F3000_V5p6_RL49p6025_SINE,5.6,3000.0,COMMERCIAL,1,test
session_20260803_014203_COMMERCIAL_F3000_V5p7_R02_20260803_014450_151542,F3000_V5p6_RL49p6025_SINE,5.6,3000.0,COMMERCIAL,2,test
session_20260803_014203_COMMERCIAL_F3000_V5p7_R03_20260803_014453_926748,F3000_V5p6_RL49p6025_SINE,5.6,3000.0,COMMERCIAL,3,test
session_20260803_014203_COMMERCIAL_F3000_V5p7_R04_20260803_014457_733155,F3000_V5p6_RL49p6025_SINE,5.6,3000.0,COMMERCIAL,4,test
session_20260803_014203_COMMERCIAL_F3000_V5p7_R05_20260803_014501_555162,F3000_V5p6_RL49p6025_SINE,5.6,3000.0,COMMERCIAL,5,test
session_20260803_014203_COMMERCIAL_F2750_V5p7_R01_20260803_014512_646781,F2750_V5p6_RL49p6025_SINE,5.6,2750.0,COMMERCIAL,1,validation
session_20260803_014203_COMMERCIAL_F2750_V5p7_R02_20260803_014516_265988,F2750_V5p6_RL49p6025_SINE,5.6,2750.0,COMMERCIAL,2,validation
session_20260803_014203_COMMERCIAL_F2750_V5p7_R03_20260803_014520_025594,F2750_V5p6_RL49p6025_SINE,5.6,2750.0,COMMERCIAL,3,validation
session_20260803_014203_COMMERCIAL_F2750_V5p7_R04_20260803_014523_832001,F2750_V5p6_RL49p6025_SINE,5.6,2750.0,COMMERCIAL,4,validation
session_20260803_014203_COMMERCIAL_F2750_V5p7_R05_20260803_014527_466807,F2750_V5p6_RL49p6025_SINE,5.6,2750.0,COMMERCIAL,5,validation
session_20260803_014203_COMMERCIAL_F2500_V5p7_R01_20260803_014538_527227,F2500_V5p6_RL49p6025_SINE,5.6,2500.0,COMMERCIAL,1,validation
session_20260803_014203_COMMERCIAL_F2500_V5p7_R02_20260803_014542_162033,F2500_V5p6_RL49p6025_SINE,5.6,2500.0,COMMERCIAL,2,validation
session_20260803_014203_COMMERCIAL_F2500_V5p7_R03_20260803_014545_937240,F2500_V5p6_RL49p6025_SINE,5.6,2500.0,COMMERCIAL,3,validation
session_20260803_014203_COMMERCIAL_F2500_V5p7_R04_20260803_014549_587646,F2500_V5p6_RL49p6025_SINE,5.6,2500.0,COMMERCIAL,4,validation
session_20260803_014203_COMMERCIAL_F2500_V5p7_R05_20260803_014553_206853,F2500_V5p6_RL49p6025_SINE,5.6,2500.0,COMMERCIAL,5,validation
session_20260803_014203_COMMERCIAL_F2250_V5p7_R01_20260803_014604_267272,F2250_V5p6_RL49p6025_SINE,5.6,2250.0,COMMERCIAL,1,validation
session_20260803_014203_COMMERCIAL_F2250_V5p7_R02_20260803_014608_026879,F2250_V5p6_RL49p6025_SINE,5.6,2250.0,COMMERCIAL,2,validation
session_20260803_014203_COMMERCIAL_F2250_V5p7_R03_20260803_014611_646085,F2250_V5p6_RL49p6025_SINE,5.6,2250.0,COMMERCIAL,3,validation
session_20260803_014203_COMMERCIAL_F2250_V5p7_R04_20260803_014615_343291,F2250_V5p6_RL49p6025_SINE,5.6,2250.0,COMMERCIAL,4,validation
session_20260803_014203_COMMERCIAL_F2250_V5p7_R05_20260803_014619_071698,F2250_V5p6_RL49p6025_SINE,5.6,2250.0,COMMERCIAL,5,validation
session_20260803_014203_COMMERCIAL_F2000_V5p7_R01_20260803_014630_147717,F2000_V5p6_RL49p6025_SINE,5.6,2000.0,COMMERCIAL,1,train
session_20260803_014203_COMMERCIAL_F2000_V5p7_R02_20260803_014633_798124,F2000_V5p6_RL49p6025_SINE,5.6,2000.0,COMMERCIAL,2,train
session_20260803_014203_COMMERCIAL_F2000_V5p7_R03_20260803_014637_557730,F2000_V5p6_RL49p6025_SINE,5.6,2000.0,COMMERCIAL,3,train
session_20260803_014203_COMMERCIAL_F2000_V5p7_R04_20260803_014641_364137,F2000_V5p6_RL49p6025_SINE,5.6,2000.0,COMMERCIAL,4,train
session_20260803_014203_COMMERCIAL_F2000_V5p7_R05_20260803_014645_186144,F2000_V5p6_RL49p6025_SINE,5.6,2000.0,COMMERCIAL,5,train
session_20260803_014203_COMMERCIAL_F1750_V5p7_R01_20260803_014657_432165,F1750_V5p6_RL49p6025_SINE,5.6,1750.0,COMMERCIAL,1,train
session_20260803_014203_COMMERCIAL_F1750_V5p7_R02_20260803_014701_238572,F1750_V5p6_RL49p6025_SINE,5.6,1750.0,COMMERCIAL,2,train
session_20260803_014203_COMMERCIAL_F1750_V5p7_R03_20260803_014705_076179,F1750_V5p6_RL49p6025_SINE,5.6,1750.0,COMMERCIAL,3,train
session_20260803_014203_COMMERCIAL_F1750_V5p7_R04_20260803_014708_866985,F1750_V5p6_RL49p6025_SINE,5.6,1750.0,COMMERCIAL,4,train
session_20260803_014203_COMMERCIAL_F1750_V5p7_R05_20260803_014712_564192,F1750_V5p6_RL49p6025_SINE,5.6,1750.0,COMMERCIAL,5,train
session_20260803_014203_COMMERCIAL_F1500_V5p7_R01_20260803_014724_732213,F1500_V5p6_RL49p6025_SINE,5.6,1500.0,COMMERCIAL,1,train
session_20260803_014203_COMMERCIAL_F1500_V5p7_R02_20260803_014728_351420,F1500_V5p6_RL49p6025_SINE,5.6,1500.0,COMMERCIAL,2,train
session_20260803_014203_COMMERCIAL_F1500_V5p7_R03_20260803_014732_001826,F1500_V5p6_RL49p6025_SINE,5.6,1500.0,COMMERCIAL,3,train
session_20260803_014203_COMMERCIAL_F1500_V5p7_R04_20260803_014735_621032,F1500_V5p6_RL49p6025_SINE,5.6,1500.0,COMMERCIAL,4,train
session_20260803_014203_COMMERCIAL_F1500_V5p7_R05_20260803_014739_411839,F1500_V5p6_RL49p6025_SINE,5.6,1500.0,COMMERCIAL,5,train
