time_vin_s,vin_primary_v,time_vout_s,vout_v
-0.0025,0.416772,-0.0025,0.316269
-0.002499,0.416772,-0.002499,0.316269
-0.0024980000000000002,0.416772,-0.0024980000000000002,0.115264
-0.002497,0.416772,-0.002497,0.316269
-0.002496,0.215766,-0.002496,0.115264
-0.0024950000000000003,0.014761,-0.0024950000000000003,0.115264
-0.002494,0.215766,-0.002494,0.115264
-0.002493,0.215766,-0.002493,0.115264
-0.002492,0.215766,-0.002492,0.115264
-0.002491,0.215766,-0.002491,-0.085741
-0.00249,0.014761,-0.00249,-0.286746
-0.002489,0.014761,-0.002489,-0.085741
-0.002488,0.014761,-0.002488,0.115264
-0.002487,0.014761,-0.002487,-0.286746
-0.002486,0.014761,-0.002486,-0.286746
-0.0024850000000000002,-0.186244,-0.0024850000000000002,-0.085741
-0.002484,-0.186244,-0.002484,-0.286746
-0.002483,-0.186244,-0.002483,-0.286746
-0.0024820000000000003,-0.186244,-0.0024820000000000003,-0.286746
-0.002481,-0.186244,-0.002481,-0.286746
-0.00248,-0.387249,-0.00248,-0.286746
-0.002479,-0.387249,-0.002479,-0.487751
-0.002478,-0.387249,-0.002478,-0.286746
-0.002477,-0.387249,-0.002477,-0.487751
-0.002476,-0.387249,-0.002476,-0.286746
-0.002475,-0.588254,-0.002475,-0.487751
-0.002474,-0.387249,-0.002474,-0.487751
-0.002473,-0.588254,-0.002473,-0.688756
-0.0024720000000000002,-0.588254,-0.0024720000000000002,-0.688756
-0.002471,-0.588254,-0.002471,-0.487751
-0.00247,-0.789259,-0.00247,-0.688756
-0.002469,-0.588254,-0.002469,-0.688756
-0.002468,-0.789259,-0.002468,-0.688756
-0.002467,-0.588254,-0.002467,-0.688756
-0.002466,-0.789259,-0.002466,-0.688756
-0.002465,-0.990264,-0.002465,-0.889761
-0.002464,-0.789259,-0.002464,-0.688756
-0.002463,-0.990264,-0.002463,-0.889761
-0.002462,-0.990264,-0.002462,-0.889761
-0.002461,-0.990264,-0.002461,-1.09077
-0.00246,-0.990264,-0.00246,-0.889761
-0.0024590000000000002,-0.990264,-0.0024590000000000002,-0.889761
-0.002458,-1.19127,-0.002458,-1.09077
-0.002457,-0.990264,-0.002457,-1.09077
-0.002456,-1.19127,-0.002456,-1.09077
-0.002455,-0.990264,-0.002455,-1.09077
-0.002454,-1.19127,-0.002454,-1.09077
-0.002453,-1.19127,-0.002453,-1.09077
-0.002452,-1.19127,-0.002452,-1.29177
-0.002451,-0.990264,-0.002451,-1.09077
-0.00245,-1.19127,-0.00245,-1.29177
-0.0024490000000000002,-1.39227,-0.0024490000000000002,-1.09077
-0.002448,-1.19127,-0.002448,-1.29177
-0.002447,-1.39227,-0.002447,-1.29177
-0.0024460000000000003,-1.39227,-0.0024460000000000003,-1.29177
-0.002445,-1.39227,-0.002445,-1.29177
-0.002444,-1.39227,-0.002444,-1.49278
-0.002443,-1.59328,-0.002443,-1.49278
-0.002442,-1.59328,-0.002442,-1.49278
-0.002441,-1.79428,-0.002441,-1.49278
-0.00244,-1.59328,-0.00244,-1.69378
-0.002439,-1.59328,-0.002439,-1.49278
-0.002438,-1.79428,-0.002438,-1.69378
-0.002437,-1.79428,-0.002437,-1.69378
-0.0024360000000000002,-1.59328,-0.0024360000000000002,-1.69378
-0.002435,-1.79428,-0.002435,-1.69378
-0.002434,-1.79428,-0.002434,-1.69378
-0.0024330000000000003,-1.79428,-0.0024330000000000003,-1.89479
-0.002432,-1.79428,-0.002432,-1.89479
-0.002431,-1.79428,-0.002431,-1.89479
-0.00243,-1.99529,-0.00243,-1.89479
-0.002429,-1.99529,-0.002429,-1.89479
-0.002428,-1.99529,-0.002428,-1.89479
-0.002427,-1.99529,-0.002427,-1.89479
-0.002426,-1.99529,-0.002426,-1.89479
-0.002425,-1.99529,-0.002425,-1.89479
-0.002424,-1.99529,-0.002424,-2.09579
-0.0024230000000000002,-2.19629,-0.0024230000000000002,-2.09579
-0.002422,-1.99529,-0.002422,-2.09579
-0.002421,-2.19629,-0.002421,-2.2968
-0.0024200000000000003,-2.19629,-0.0024200000000000003,-2.09579
-0.002419,-2.19629,-0.002419,-2.09579
-0.002418,-2.3973,-0.002418,-2.09579
-0.002417,-2.3973,-0.002417,-2.2968
-0.002416,-2.3973,-0.002416,-2.2968
-0.002415,-2.5983,-0.002415,-2.09579
-0.002414,-2.3973,-0.002414,-2.4978
-0.002413,-2.3973,-0.002413,-2.4978
-0.002412,-2.3973,-0.002412,-2.2968
-0.002411,-2.3973,-0.002411,-2.2968
-0.0024100000000000002,-2.5983,-0.0024100000000000002,-2.2968
-0.002409,-2.5983,-0.002409,-2.4978
-0.002408,-2.3973,-0.002408,-2.4978
-0.002407,-2.5983,-0.002407,-2.4978
-0.002406,-2.5983,-0.002406,-2.4978
-0.002405,-2.5983,-0.002405,-2.69881
-0.002404,-2.5983,-0.002404,-2.69881
-0.002403,-2.79931,-0.002403,-2.69881
-0.002402,-2.79931,-0.002402,-2.4978
-0.002401,-2.79931,-0.002401,-2.69881
-0.0024000000000000002,-2.79931,-0.0024000000000000002,-2.69881
-0.002399,-2.79931,-0.002399,-2.69881
-0.002398,-2.79931,-0.002398,-2.69881
-0.0023970000000000003,-3.00031,-0.0023970000000000003,-2.89981
-0.002396,-3.00031,-0.002396,-2.89981
-0.002395,-3.00031,-0.002395,-2.69881
-0.002394,-3.00031,-0.002394,-2.89981
-0.002393,-3.00031,-0.002393,-2.89981
-0.002392,-3.00031,-0.002392,-2.89981
-0.002391,-3.00031,-0.002391,-2.89981
-0.00239,-3.00031,-0.00239,-2.89981
-0.002389,-3.00031,-0.002389,-2.89981
-0.002388,-3.20132,-0.002388,-2.89981
-0.0023870000000000002,-3.20132,-0.0023870000000000002,-3.10082
-0.002386,-3.20132,-0.002386,-3.10082
-0.002385,-3.40232,-0.002385,-3.30182
-0.002384,-3.20132,-0.002384,-3.10082
-0.002383,-3.40232,-0.002383,-3.10082
-0.002382,-3.40232,-0.002382,-3.30182
-0.002381,-3.40232,-0.002381,-3.10082
-0.00238,-3.40232,-0.00238,-3.30182
-0.002379,-3.60333,-0.002379,-3.10082
-0.002378,-3.60333,-0.002378,-3.10082
-0.002377,-3.40232,-0.002377,-3.30182
-0.002376,-3.60333,-0.002376,-3.30182
-0.002375,-3.60333,-0.002375,-3.50283
-0.0023740000000000002,-3.60333,-0.0023740000000000002,-3.30182
-0.002373,-3.60333,-0.002373,-3.50283
-0.002372,-3.40232,-0.002372,-3.50283
-0.002371,-3.60333,-0.002371,-3.50283
-0.00237,-3.60333,-0.00237,-3.50283
-0.002369,-3.60333,-0.002369,-3.30182
-0.002368,-3.80433,-0.002368,-3.30182
-0.002367,-3.80433,-0.002367,-3.50283
-0.002366,-4.00534,-0.002366,-3.50283
-0.002365,-4.00534,-0.002365,-3.50283
-0.002364,-3.80433,-0.002364,-3.50283
-0.002363,-4.00534,-0.002363,-3.70383
-0.002362,-3.80433,-0.002362,-3.70383
-0.0023610000000000003,-4.00534,-0.0023610000000000003,-3.50283
-0.00236,-4.00534,-0.00236,-3.70383
-0.002359,-4.00534,-0.002359,-3.70383
-0.002358,-4.00534,-0.002358,-3.70383
-0.002357,-4.20634,-0.002357,-3.70383
-0.002356,-4.20634,-0.002356,-3.90484
-0.002355,-4.00534,-0.002355,-3.90484
-0.002354,-4.00534,-0.002354,-3.90484
-0.002353,-4.20634,-0.002353,-3.90484
-0.002352,-4.00534,-0.002352,-3.70383
-0.0023510000000000002,-4.20634,-0.0023510000000000002,-3.90484
-0.00235,-4.00534,-0.00235,-3.90484
-0.002349,-4.20634,-0.002349,-3.90484
-0.0023480000000000003,-4.20634,-0.0023480000000000003,-3.90484
-0.002347,-4.20634,-0.002347,-3.90484
-0.002346,-4.20634,-0.002346,-3.90484
-0.002345,-4.20634,-0.002345,-4.10584
-0.002344,-4.20634,-0.002344,-3.90484
-0.002343,-4.20634,-0.002343,-3.90484
-0.002342,-4.20634,-0.002342,-4.10584
-0.002341,-4.60835,-0.002341,-4.10584
-0.00234,-4.60835,-0.00234,-4.10584
-0.002339,-4.40735,-0.002339,-4.10584
-0.0023380000000000002,-4.40735,-0.0023380000000000002,-4.10584
-0.002337,-4.40735,-0.002337,-4.10584
-0.002336,-4.40735,-0.002336,-4.30685
-0.0023350000000000003,-4.60835,-0.0023350000000000003,-4.10584
-0.002334,-4.40735,-0.002334,-4.30685
-0.002333,-4.60835,-0.002333,-4.10584
-0.002332,-4.60835,-0.002332,-4.30685
-0.002331,-4.40735,-0.002331,-4.30685
-0.00233,-4.60835,-0.00233,-4.30685
-0.002329,-4.60835,-0.002329,-4.10584
-0.002328,-4.60835,-0.002328,-4.30685
-0.002327,-4.60835,-0.002327,-4.30685
-0.002326,-4.80936,-0.002326,-4.70886
-0.0023250000000000002,-4.80936,-0.0023250000000000002,-4.30685
-0.002324,-4.80936,-0.002324,-4.50785
-0.002323,-4.80936,-0.002323,-4.50785
-0.0023220000000000003,-4.80936,-0.0023220000000000003,-4.50785
-0.002321,-4.80936,-0.002321,-4.50785
-0.00232,-4.60835,-0.00232,-4.50785
-0.002319,-4.80936,-0.002319,-4.50785
-0.002318,-5.01036,-0.002318,-4.70886
-0.002317,-5.01036,-0.002317,-4.50785
-0.002316,-4.80936,-0.002316,-4.70886
-0.0023150000000000002,-4.80936,-0.0023150000000000002,-4.50785
-0.002314,-4.80936,-0.002314,-4.50785
-0.002313,-5.01036,-0.002313,-4.50785
-0.0023120000000000003,-5.01036,-0.0023120000000000003,-4.50785
-0.002311,-5.01036,-0.002311,-4.50785
-0.00231,-5.01036,-0.00231,-4.70886
-0.0023090000000000003,-5.01036,-0.0023090000000000003,-4.70886
-0.002308,-5.01036,-0.002308,-4.70886
-0.002307,-5.01036,-0.002307,-4.70886
-0.002306,-5.21137,-0.002306,-4.70886
-0.002305,-5.01036,-0.002305,-4.70886
-0.002304,-5.01036,-0.002304,-4.50785
-0.002303,-5.01036,-0.002303,-4.70886
-0.0023020000000000002,-5.21137,-0.0023020000000000002,-4.70886
-0.002301,-5.01036,-0.002301,-4.70886
-0.0023,-5.01036,-0.0023,-4.70886
-0.0022990000000000003,-5.21137,-0.0022990000000000003,-4.70886
-0.002298,-5.21137,-0.002298,-4.70886
-0.002297,-5.01036,-0.002297,-4.90986
-0.002296,-5.21137,-0.002296,-4.70886
-0.002295,-5.21137,-0.002295,-4.70886
-0.002294,-5.21137,-0.002294,-4.90986
-0.002293,-5.21137,-0.002293,-4.70886
-0.002292,-5.21137,-0.002292,-4.70886
-0.002291,-5.21137,-0.002291,-4.90986
-0.00229,-5.21137,-0.00229,-4.90986
-0.0022890000000000002,-5.21137,-0.0022890000000000002,-4.90986
-0.002288,-5.21137,-0.002288,-4.90986
-0.002287,-5.21137,-0.002287,-4.90986
-0.002286,-5.21137,-0.002286,-4.90986
-0.002285,-5.41237,-0.002285,-4.70886
-0.002284,-5.21137,-0.002284,-4.90986
-0.002283,-5.21137,-0.002283,-4.90986
-0.002282,-5.41237,-0.002282,-4.90986
-0.002281,-5.41237,-0.002281,-5.11087
-0.00228,-5.41237,-0.00228,-4.90986
-0.002279,-5.21137,-0.002279,-4.90986
-0.002278,-5.21137,-0.002278,-4.90986
-0.002277,-5.41237,-0.002277,-5.11087
-0.0022760000000000002,-5.41237,-0.0022760000000000002,-5.11087
-0.002275,-5.41237,-0.002275,-4.90986
-0.002274,-5.41237,-0.002274,-5.11087
-0.002273,-5.41237,-0.002273,-4.90986
-0.002272,-5.41237,-0.002272,-5.11087
-0.002271,-5.61338,-0.002271,-5.31187
-0.00227,-5.41237,-0.00227,-5.11087
-0.002269,-5.61338,-0.002269,-5.11087
-0.002268,-5.61338,-0.002268,-4.90986
-0.002267,-5.61338,-0.002267,-5.11087
-0.0022660000000000002,-5.61338,-0.0022660000000000002,-5.11087
-0.002265,-5.41237,-0.002265,-5.31187
-0.002264,-5.61338,-0.002264,-5.11087
-0.0022630000000000003,-5.61338,-0.0022630000000000003,-5.11087
-0.002262,-5.41237,-0.002262,-5.11087
-0.002261,-5.61338,-0.002261,-4.90986
-0.00226,-5.61338,-0.00226,-5.31187
-0.002259,-5.41237,-0.002259,-5.11087
-0.002258,-5.41237,-0.002258,-5.11087
-0.002257,-5.61338,-0.002257,-5.31187
-0.002256,-5.41237,-0.002256,-5.11087
-0.002255,-5.61338,-0.002255,-5.31187
-0.002254,-5.61338,-0.002254,-5.11087
-0.0022530000000000002,-5.61338,-0.0022530000000000002,-5.11087
-0.002252,-5.61338,-0.002252,-5.11087
-0.002251,-5.61338,-0.002251,-5.11087
-0.0022500000000000003,-5.41237,-0.0022500000000000003,-5.11087
-0.002249,-5.61338,-0.002249,-5.31187
-0.002248,-5.41237,-0.002248,-5.11087
-0.002247,-5.41237,-0.002247,-5.11087
-0.002246,-5.61338,-0.002246,-5.11087
-0.002245,-5.61338,-0.002245,-5.11087
-0.002244,-5.61338,-0.002244,-5.11087
-0.002243,-5.41237,-0.002243,-5.11087
-0.002242,-5.61338,-0.002242,-5.11087
-0.002241,-5.61338,-0.002241,-5.31187
-0.0022400000000000002,-5.61338,-0.0022400000000000002,-5.31187
-0.002239,-5.41237,-0.002239,-5.31187
-0.002238,-5.61338,-0.002238,-5.31187
-0.0022370000000000003,-5.61338,-0.0022370000000000003,-5.11087
-0.002236,-5.61338,-0.002236,-5.31187
-0.002235,-5.61338,-0.002235,-5.31187
-0.002234,-5.61338,-0.002234,-5.31187
-0.002233,-5.61338,-0.002233,-5.31187
-0.002232,-5.61338,-0.002232,-5.31187
-0.002231,-5.81438,-0.002231,-5.31187
-0.00223,-5.61338,-0.00223,-5.31187
-0.002229,-5.81438,-0.002229,-5.31187
-0.002228,-5.61338,-0.002228,-5.31187
-0.0022270000000000002,-5.61338,-0.0022270000000000002,-5.31187
-0.002226,-5.61338,-0.002226,-5.31187
-0.002225,-5.61338,-0.002225,-5.31187
-0.0022240000000000003,-5.61338,-0.0022240000000000003,-5.31187
-0.002223,-5.61338,-0.002223,-5.31187
-0.002222,-5.61338,-0.002222,-5.31187
-0.002221,-5.41237,-0.002221,-5.31187
-0.00222,-5.61338,-0.00222,-5.11087
-0.002219,-5.81438,-0.002219,-5.31187
-0.002218,-5.41237,-0.002218,-5.31187
-0.0022170000000000002,-5.61338,-0.0022170000000000002,-5.31187
-0.002216,-5.41237,-0.002216,-5.31187
-0.002215,-5.61338,-0.002215,-5.31187
-0.002214,-5.61338,-0.002214,-5.31187
-0.002213,-5.61338,-0.002213,-5.31187
-0.002212,-5.61338,-0.002212,-5.31187
-0.0022110000000000003,-5.61338,-0.0022110000000000003,-5.31187
-0.00221,-5.61338,-0.00221,-5.31187
-0.002209,-5.61338,-0.002209,-5.11087
-0.002208,-5.61338,-0.002208,-5.31187
-0.002207,-5.81438,-0.002207,-5.31187
-0.002206,-5.81438,-0.002206,-5.31187
-0.002205,-5.61338,-0.002205,-5.31187
-0.0022040000000000002,-5.61338,-0.0022040000000000002,-5.51288
-0.002203,-5.61338,-0.002203,-5.31187
-0.002202,-5.61338,-0.002202,-5.11087
-0.002201,-5.61338,-0.002201,-5.11087
-0.0022,-5.61338,-0.0022,-5.11087
-0.002199,-5.61338,-0.002199,-5.11087
-0.0021980000000000003,-5.41237,-0.0021980000000000003,-5.31187
-0.002197,-5.61338,-0.002197,-5.11087
-0.002196,-5.61338,-0.002196,-5.31187
-0.002195,-5.41237,-0.002195,-5.11087
-0.002194,-5.41237,-0.002194,-5.11087
-0.002193,-5.41237,-0.002193,-5.11087
-0.002192,-5.41237,-0.002192,-4.90986
-0.0021910000000000002,-5.41237,-0.0021910000000000002,-4.90986
-0.00219,-5.41237,-0.00219,-4.90986
-0.002189,-5.41237,-0.002189,-5.11087
-0.002188,-5.41237,-0.002188,-5.11087
-0.002187,-5.21137,-0.002187,-4.90986
-0.002186,-5.41237,-0.002186,-4.90986
-0.0021850000000000003,-5.21137,-0.0021850000000000003,-5.11087
-0.002184,-5.21137,-0.002184,-5.11087
-0.002183,-5.21137,-0.002183,-4.90986
-0.002182,-5.41237,-0.002182,-4.90986
-0.002181,-5.21137,-0.002181,-4.90986
-0.00218,-5.21137,-0.00218,-5.11087
-0.002179,-5.21137,-0.002179,-4.90986
-0.0021780000000000002,-5.41237,-0.0021780000000000002,-4.90986
-0.002177,-5.21137,-0.002177,-4.90986
-0.002176,-5.21137,-0.002176,-4.90986
-0.002175,-5.21137,-0.002175,-5.11087
-0.002174,-5.21137,-0.002174,-4.90986
-0.002173,-5.41237,-0.002173,-4.90986
-0.002172,-5.21137,-0.002172,-4.90986
-0.002171,-5.01036,-0.002171,-5.11087
-0.00217,-5.21137,-0.00217,-4.90986
-0.002169,-5.01036,-0.002169,-4.90986
-0.0021680000000000002,-5.21137,-0.0021680000000000002,-4.70886
-0.002167,-5.21137,-0.002167,-4.70886
-0.002166,-5.01036,-0.002166,-4.70886
-0.0021650000000000003,-5.21137,-0.0021650000000000003,-4.70886
-0.002164,-5.21137,-0.002164,-4.90986
-0.002163,-5.01036,-0.002163,-4.70886
-0.002162,-5.21137,-0.002162,-4.70886
-0.002161,-5.01036,-0.002161,-4.70886
-0.00216,-5.01036,-0.00216,-4.50785
-0.002159,-5.01036,-0.002159,-4.50785
-0.002158,-5.01036,-0.002158,-4.50785
-0.002157,-4.80936,-0.002157,-4.70886
-0.002156,-4.80936,-0.002156,-4.50785
-0.0021550000000000002,-4.80936,-0.0021550000000000002,-4.70886
-0.002154,-5.01036,-0.002154,-4.70886
-0.002153,-4.80936,-0.002153,-4.70886
-0.0021520000000000003,-4.80936,-0.0021520000000000003,-4.50785
-0.002151,-4.80936,-0.002151,-4.50785
-0.00215,-4.80936,-0.00215,-4.50785
-0.002149,-4.80936,-0.002149,-4.50785
-0.002148,-4.80936,-0.002148,-4.50785
-0.002147,-4.80936,-0.002147,-4.50785
-0.002146,-4.80936,-0.002146,-4.30685
-0.002145,-4.60835,-0.002145,-4.30685
-0.002144,-4.80936,-0.002144,-4.30685
-0.002143,-4.60835,-0.002143,-4.30685
-0.0021420000000000002,-4.60835,-0.0021420000000000002,-4.30685
-0.002141,-4.60835,-0.002141,-4.30685
-0.00214,-4.60835,-0.00214,-4.30685
-0.0021390000000000003,-4.60835,-0.0021390000000000003,-4.30685
-0.002138,-4.40735,-0.002138,-4.30685
-0.002137,-4.40735,-0.002137,-4.10584
-0.002136,-4.60835,-0.002136,-4.10584
-0.002135,-4.40735,-0.002135,-4.30685
-0.002134,-4.60835,-0.002134,-4.30685
-0.002133,-4.40735,-0.002133,-4.10584
-0.002132,-4.40735,-0.002132,-4.10584
-0.002131,-4.60835,-0.002131,-4.10584
-0.00213,-4.40735,-0.00213,-4.10584
-0.0021290000000000002,-4.40735,-0.0021290000000000002,-4.10584
-0.002128,-4.40735,-0.002128,-4.10584
-0.002127,-4.40735,-0.002127,-3.90484
-0.0021260000000000003,-4.20634,-0.0021260000000000003,-3.90484
-0.002125,-4.40735,-0.002125,-3.90484
-0.002124,-4.40735,-0.002124,-3.90484
-0.002123,-4.40735,-0.002123,-3.90484
-0.002122,-4.20634,-0.002122,-3.90484
-0.002121,-4.40735,-0.002121,-3.90484
-0.00212,-4.40735,-0.00212,-3.90484
-0.0021190000000000002,-4.20634,-0.0021190000000000002,-3.90484
-0.002118,-4.20634,-0.002118,-3.90484
-0.002117,-4.20634,-0.002117,-3.90484
-0.002116,-4.20634,-0.002116,-3.90484
-0.002115,-4.20634,-0.002115,-3.50283
-0.002114,-4.20634,-0.002114,-3.90484
-0.0021130000000000003,-4.00534,-0.0021130000000000003,-3.90484
-0.002112,-4.00534,-0.002112,-3.70383
-0.002111,-4.00534,-0.002111,-3.70383
-0.00211,-4.00534,-0.00211,-3.70383
-0.002109,-4.00534,-0.002109,-3.70383
-0.002108,-4.00534,-0.002108,-3.50283
-0.002107,-4.00534,-0.002107,-3.50283
-0.0021060000000000002,-3.80433,-0.0021060000000000002,-3.50283
-0.002105,-4.00534,-0.002105,-3.50283
-0.002104,-3.80433,-0.002104,-3.70383
-0.002103,-3.80433,-0.002103,-3.50283
-0.002102,-3.80433,-0.002102,-3.50283
-0.002101,-3.60333,-0.002101,-3.50283
-0.0021000000000000003,-3.60333,-0.0021000000000000003,-3.30182
-0.002099,-3.60333,-0.002099,-3.50283
-0.002098,-3.60333,-0.002098,-3.30182
-0.002097,-3.60333,-0.002097,-3.30182
-0.002096,-3.60333,-0.002096,-3.10082
-0.002095,-3.60333,-0.002095,-3.30182
-0.002094,-3.40232,-0.002094,-3.10082
-0.0020930000000000002,-3.40232,-0.0020930000000000002,-3.10082
-0.002092,-3.40232,-0.002092,-3.10082
-0.002091,-3.40232,-0.002091,-3.10082
-0.00209,-3.40232,-0.00209,-3.10082
-0.002089,-3.60333,-0.002089,-3.10082
-0.002088,-3.40232,-0.002088,-3.10082
-0.0020870000000000003,-3.20132,-0.0020870000000000003,-3.10082
-0.002086,-3.20132,-0.002086,-2.89981
-0.002085,-3.20132,-0.002085,-2.89981
-0.002084,-3.20132,-0.002084,-2.89981
-0.002083,-3.20132,-0.002083,-2.89981
-0.002082,-3.20132,-0.002082,-2.89981
-0.002081,-3.20132,-0.002081,-2.89981
-0.0020800000000000003,-3.20132,-0.0020800000000000003,-2.89981
-0.002079,-3.20132,-0.002079,-2.69881
-0.002078,-3.00031,-0.002078,-2.89981
-0.002077,-3.00031,-0.002077,-2.89981
-0.002076,-3.20132,-0.002076,-2.89981
-0.002075,-3.00031,-0.002075,-2.4978
-0.002074,-3.00031,-0.002074,-2.4978
-0.002073,-3.00031,-0.002073,-2.4978
-0.002072,-3.00031,-0.002072,-2.69881
-0.002071,-3.00031,-0.002071,-2.4978
-0.0020700000000000002,-2.79931,-0.0020700000000000002,-2.69881
-0.002069,-2.79931,-0.002069,-2.4978
-0.002068,-2.79931,-0.002068,-2.4978
-0.0020670000000000003,-2.79931,-0.0020670000000000003,-2.4978
-0.002066,-2.5983,-0.002066,-2.4978
-0.002065,-2.79931,-0.002065,-2.2968
-0.002064,-2.79931,-0.002064,-2.2968
-0.002063,-2.5983,-0.002063,-2.4978
-0.002062,-2.5983,-0.002062,-2.2968
-0.002061,-2.5983,-0.002061,-2.09579
-0.00206,-2.5983,-0.00206,-2.2968
-0.002059,-2.79931,-0.002059,-2.4978
-0.002058,-2.5983,-0.002058,-2.2968
-0.0020570000000000002,-2.3973,-0.0020570000000000002,-2.09579
-0.002056,-2.3973,-0.002056,-2.09579
-0.002055,-2.5983,-0.002055,-2.09579
-0.0020540000000000003,-2.3973,-0.0020540000000000003,-1.89479
-0.002053,-2.3973,-0.002053,-2.09579
-0.002052,-2.3973,-0.002052,-1.89479
-0.002051,-2.19629,-0.002051,-2.09579
-0.00205,-2.19629,-0.00205,-1.89479
-0.002049,-1.99529,-0.002049,-1.89479
-0.002048,-1.99529,-0.002048,-1.89479
-0.002047,-2.19629,-0.002047,-1.69378
-0.002046,-2.19629,-0.002046,-1.89479
-0.002045,-1.99529,-0.002045,-1.89479
-0.0020440000000000002,-1.99529,-0.0020440000000000002,-1.89479
-0.002043,-1.99529,-0.002043,-1.69378
-0.002042,-1.79428,-0.002042,-1.69378
-0.0020410000000000003,-1.99529,-0.0020410000000000003,-1.89479
-0.00204,-1.79428,-0.00204,-1.69378
-0.002039,-1.79428,-0.002039,-1.49278
-0.002038,-1.99529,-0.002038,-1.49278
-0.002037,-1.79428,-0.002037,-1.49278
-0.002036,-1.59328,-0.002036,-1.49278
-0.002035,-1.79428,-0.002035,-1.29177
-0.0020340000000000002,-1.79428,-0.0020340000000000002,-1.49278
-0.002033,-1.59328,-0.002033,-1.29177
-0.002032,-1.59328,-0.002032,-1.29177
-0.0020310000000000003,-1.59328,-0.0020310000000000003,-1.29177
-0.00203,-1.39227,-0.00203,-1.09077
-0.002029,-1.39227,-0.002029,-1.29177
-0.0020280000000000003,-1.39227,-0.0020280000000000003,-1.09077
-0.002027,-1.39227,-0.002027,-1.09077
-0.002026,-1.39227,-0.002026,-1.29177
-0.002025,-1.19127,-0.002025,-1.09077
-0.002024,-1.39227,-0.002024,-1.09077
-0.002023,-1.39227,-0.002023,-1.09077
-0.002022,-1.19127,-0.002022,-0.889761
-0.0020210000000000002,-1.19127,-0.0020210000000000002,-0.889761
-0.00202,-1.19127,-0.00202,-1.09077
-0.002019,-1.19127,-0.002019,-0.889761
-0.0020180000000000003,-0.990264,-0.0020180000000000003,-0.889761
-0.002017,-1.19127,-0.002017,-0.688756
-0.002016,-0.990264,-0.002016,-0.889761
-0.0020150000000000003,-0.990264,-0.0020150000000000003,-0.688756
-0.002014,-0.990264,-0.002014,-0.889761
-0.002013,-0.990264,-0.002013,-0.688756
-0.002012,-0.990264,-0.002012,-0.688756
-0.002011,-0.990264,-0.002011,-0.889761
-0.00201,-0.990264,-0.00201,-0.487751
-0.002009,-0.789259,-0.002009,-0.688756
-0.0020080000000000002,-0.990264,-0.0020080000000000002,-0.487751
-0.002007,-0.789259,-0.002007,-0.688756
-0.002006,-0.789259,-0.002006,-0.487751
-0.002005,-0.588254,-0.002005,-0.487751
-0.002004,-0.588254,-0.002004,-0.487751
-0.002003,-0.789259,-0.002003,-0.487751
-0.0020020000000000003,-0.588254,-0.0020020000000000003,-0.487751
-0.002001,-0.588254,-0.002001,-0.487751
-0.002,-0.588254,-0.002,-0.286746
-0.001999,-0.387249,-0.001999,-0.286746
-0.001998,-0.387249,-0.001998,-0.286746
-0.001997,-0.588254,-0.001997,-0.085741
-0.001996,-0.186244,-0.001996,-0.085741
-0.0019950000000000002,-0.387249,-0.0019950000000000002,-0.286746
-0.001994,-0.186244,-0.001994,-0.085741
-0.001993,-0.186244,-0.001993,-0.085741
-0.001992,-0.186244,-0.001992,0.115264
-0.001991,-0.186244,-0.001991,-0.085741
-0.00199,-0.186244,-0.00199,0.115264
-0.0019890000000000003,0.014761,-0.0019890000000000003,0.115264
-0.001988,0.014761,-0.001988,0.115264
-0.001987,0.014761,-0.001987,0.115264
-0.001986,0.014761,-0.001986,0.316269
-0.0019850000000000002,0.014761,-0.0019850000000000002,0.316269
-0.001984,0.215766,-0.001984,0.115264
-0.001983,0.215766,-0.001983,0.517274
-0.0019820000000000003,0.014761,-0.0019820000000000003,0.316269
-0.001981,0.215766,-0.001981,0.517274
-0.00198,0.215766,-0.00198,0.316269
-0.001979,0.416772,-0.001979,0.517274
-0.001978,0.215766,-0.001978,0.517274
-0.001977,0.416772,-0.001977,0.517274
-0.0019760000000000003,0.416772,-0.0019760000000000003,0.517274
-0.001975,0.416772,-0.001975,0.517274
-0.001974,0.416772,-0.001974,0.517274
-0.001973,0.416772,-0.001973,0.517274
-0.0019720000000000002,0.416772,-0.0019720000000000002,0.718279
-0.001971,0.416772,-0.001971,0.718279
-0.00197,0.416772,-0.00197,0.718279
-0.0019690000000000003,0.617777,-0.0019690000000000003,0.718279
-0.001968,0.617777,-0.001968,0.718279
-0.001967,0.617777,-0.001967,0.718279
-0.001966,0.818782,-0.001966,0.919284
-0.001965,0.617777,-0.001965,0.718279
-0.001964,0.617777,-0.001964,0.718279
-0.0019630000000000003,0.818782,-0.0019630000000000003,0.919284
-0.001962,0.818782,-0.001962,1.12029
-0.001961,0.818782,-0.001961,0.919284
-0.00196,0.818782,-0.00196,1.12029
-0.0019590000000000002,1.01979,-0.0019590000000000002,1.12029
-0.001958,0.818782,-0.001958,1.12029
-0.001957,0.818782,-0.001957,1.12029
-0.0019560000000000003,1.01979,-0.0019560000000000003,1.12029
-0.001955,1.01979,-0.001955,1.32129
-0.001954,1.01979,-0.001954,1.12029
-0.001953,1.01979,-0.001953,1.32129
-0.0019520000000000002,1.01979,-0.0019520000000000002,1.5223
-0.001951,1.22079,-0.001951,1.32129
-0.0019500000000000001,1.22079,-0.0019500000000000001,1.32129
-0.0019490000000000002,1.4218,-0.0019490000000000002,1.12029
-0.001948,1.22079,-0.001948,1.5223
-0.001947,1.4218,-0.001947,1.32129
-0.001946,1.22079,-0.001946,1.5223
-0.0019450000000000001,1.22079,-0.0019450000000000001,1.5223
-0.001944,1.4218,-0.001944,1.5223
-0.001943,1.4218,-0.001943,1.7233
-0.0019420000000000001,1.4218,-0.0019420000000000001,1.5223
-0.001941,1.6228,-0.001941,1.5223
-0.00194,1.4218,-0.00194,1.7233
-0.0019390000000000002,1.6228,-0.0019390000000000002,1.7233
-0.001938,1.6228,-0.001938,1.5223
-0.001937,1.6228,-0.001937,1.7233
-0.0019360000000000002,1.6228,-0.0019360000000000002,1.92431
-0.001935,1.82381,-0.001935,1.7233
-0.001934,1.82381,-0.001934,1.92431
-0.001933,1.82381,-0.001933,1.92431
-0.0019320000000000001,1.82381,-0.0019320000000000001,1.7233
-0.001931,2.02481,-0.001931,2.12531
-0.00193,1.82381,-0.00193,1.92431
-0.0019290000000000002,1.82381,-0.0019290000000000002,1.92431
-0.001928,2.02481,-0.001928,2.12531
-0.0019270000000000001,2.02481,-0.0019270000000000001,1.92431
-0.0019260000000000002,2.02481,-0.0019260000000000002,1.92431
-0.001925,2.02481,-0.001925,2.12531
-0.001924,2.22582,-0.001924,2.12531
-0.0019230000000000002,2.22582,-0.0019230000000000002,2.32632
-0.001922,2.02481,-0.001922,2.12531
-0.001921,2.22582,-0.001921,2.32632
-0.00192,2.22582,-0.00192,2.32632
-0.0019190000000000001,2.22582,-0.0019190000000000001,2.32632
-0.001918,2.42682,-0.001918,2.52732
-0.001917,2.22582,-0.001917,2.32632
-0.0019160000000000002,2.22582,-0.0019160000000000002,2.32632
-0.001915,2.42682,-0.001915,2.32632
-0.0019140000000000001,2.42682,-0.0019140000000000001,2.32632
-0.0019130000000000002,2.42682,-0.0019130000000000002,2.32632
-0.001912,2.62783,-0.001912,2.52732
-0.001911,2.42682,-0.001911,2.72833
-0.0019100000000000002,2.62783,-0.0019100000000000002,2.52732
-0.001909,2.62783,-0.001909,2.72833
-0.001908,2.62783,-0.001908,2.72833
-0.001907,2.82883,-0.001907,2.52732
-0.0019060000000000001,2.62783,-0.0019060000000000001,2.52732
-0.001905,2.62783,-0.001905,2.72833
-0.001904,2.62783,-0.001904,2.52732
-0.0019030000000000002,2.82883,-0.0019030000000000002,2.72833
-0.001902,2.62783,-0.001902,2.72833
-0.0019010000000000001,2.82883,-0.0019010000000000001,2.72833
-0.0019000000000000002,2.82883,-0.0019000000000000002,2.72833
-0.001899,2.82883,-0.001899,2.92933
-0.001898,3.02984,-0.001898,2.92933
-0.001897,2.62783,-0.001897,2.92933
-0.0018960000000000001,3.02984,-0.0018960000000000001,2.92933
-0.001895,3.02984,-0.001895,2.92933
-0.001894,3.02984,-0.001894,2.92933
-0.0018930000000000002,3.02984,-0.0018930000000000002,3.13034
-0.001892,3.02984,-0.001892,2.92933
-0.001891,3.23084,-0.001891,3.13034
-0.0018900000000000002,3.23084,-0.0018900000000000002,3.13034
-0.001889,3.43185,-0.001889,3.13034
-0.001888,3.23084,-0.001888,3.13034
-0.0018870000000000002,3.23084,-0.0018870000000000002,3.33134
-0.001886,3.23084,-0.001886,3.33134
-0.001885,3.43185,-0.001885,3.13034
-0.001884,3.43185,-0.001884,3.33134
-0.0018830000000000001,3.43185,-0.0018830000000000001,3.33134
-0.001882,3.23084,-0.001882,3.33134
-0.001881,3.43185,-0.001881,3.33134
-0.0018800000000000002,3.63285,-0.0018800000000000002,3.53235
-0.001879,3.63285,-0.001879,3.53235
-0.0018780000000000001,3.43185,-0.0018780000000000001,3.53235
-0.0018770000000000002,3.43185,-0.0018770000000000002,3.33134
-0.001876,3.63285,-0.001876,3.53235
-0.001875,3.63285,-0.001875,3.53235
-0.0018740000000000002,3.63285,-0.0018740000000000002,3.53235
-0.001873,3.63285,-0.001873,3.73335
-0.001872,3.63285,-0.001872,3.53235
-0.001871,3.63285,-0.001871,3.73335
-0.0018700000000000001,3.83386,-0.0018700000000000001,3.73335
-0.001869,3.83386,-0.001869,3.73335
-0.001868,3.83386,-0.001868,3.93436
-0.0018670000000000002,3.83386,-0.0018670000000000002,3.73335
-0.001866,3.83386,-0.001866,3.73335
-0.0018650000000000001,3.83386,-0.0018650000000000001,3.73335
-0.0018640000000000002,3.83386,-0.0018640000000000002,3.93436
-0.001863,4.03486,-0.001863,3.73335
-0.001862,4.03486,-0.001862,3.93436
-0.0018610000000000002,4.03486,-0.0018610000000000002,3.93436
-0.00186,4.03486,-0.00186,3.93436
-0.001859,3.83386,-0.001859,3.93436
-0.001858,4.03486,-0.001858,3.93436
-0.0018570000000000001,4.03486,-0.0018570000000000001,3.93436
-0.001856,4.03486,-0.001856,3.93436
-0.001855,4.23587,-0.001855,3.93436
-0.0018540000000000002,4.23587,-0.0018540000000000002,3.93436
-0.001853,4.23587,-0.001853,4.13536
-0.0018520000000000001,4.23587,-0.0018520000000000001,4.13536
-0.0018510000000000002,4.43687,-0.0018510000000000002,4.13536
-0.00185,4.23587,-0.00185,4.13536
-0.001849,4.23587,-0.001849,4.13536
-0.001848,4.43687,-0.001848,4.13536
-0.0018470000000000001,4.23587,-0.0018470000000000001,4.13536
-0.001846,4.23587,-0.001846,4.33637
-0.001845,4.43687,-0.001845,4.13536
-0.0018440000000000002,4.43687,-0.0018440000000000002,4.33637
-0.001843,4.23587,-0.001843,4.33637
-0.001842,4.43687,-0.001842,4.33637
-0.0018410000000000002,4.43687,-0.0018410000000000002,4.33637
-0.00184,4.43687,-0.00184,4.33637
-0.001839,4.63788,-0.001839,4.33637
-0.0018380000000000002,4.43687,-0.0018380000000000002,4.53737
-0.001837,4.63788,-0.001837,4.33637
-0.001836,4.43687,-0.001836,4.33637
-0.001835,4.63788,-0.001835,4.53737
-0.0018340000000000001,4.63788,-0.0018340000000000001,4.53737
-0.001833,4.63788,-0.001833,4.73838
-0.001832,4.63788,-0.001832,4.53737
-0.0018310000000000002,4.63788,-0.0018310000000000002,4.53737
-0.00183,4.83888,-0.00183,4.53737
-0.0018290000000000001,4.83888,-0.0018290000000000001,4.53737
-0.0018280000000000002,4.63788,-0.0018280000000000002,4.53737
-0.001827,4.83888,-0.001827,4.73838
-0.001826,4.83888,-0.001826,4.53737
-0.0018250000000000002,4.83888,-0.0018250000000000002,4.53737
-0.001824,4.83888,-0.001824,4.73838
-0.001823,4.83888,-0.001823,4.53737
-0.001822,4.63788,-0.001822,4.73838
-0.0018210000000000001,4.83888,-0.0018210000000000001,4.73838
-0.00182,4.83888,-0.00182,4.73838
-0.001819,4.83888,-0.001819,4.73838
-0.0018180000000000002,4.83888,-0.0018180000000000002,4.93938
-0.001817,4.83888,-0.001817,4.93938
-0.0018160000000000001,5.03989,-0.0018160000000000001,4.73838
-0.0018150000000000002,4.83888,-0.0018150000000000002,4.93938
-0.001814,5.03989,-0.001814,4.73838
-0.001813,4.83888,-0.001813,4.93938
-0.0018120000000000002,4.83888,-0.0018120000000000002,4.73838
-0.0018110000000000001,5.03989,-0.0018110000000000001,4.93938
-0.00181,5.03989,-0.00181,4.93938
-0.001809,5.03989,-0.001809,4.93938
-0.0018080000000000001,5.03989,-0.0018080000000000001,4.93938
-0.001807,5.24089,-0.001807,4.93938
-0.001806,5.03989,-0.001806,4.93938
-0.0018050000000000002,5.03989,-0.0018050000000000002,4.93938
-0.001804,5.24089,-0.001804,4.93938
-0.0018030000000000001,5.03989,-0.0018030000000000001,4.93938
-0.0018020000000000002,5.24089,-0.0018020000000000002,4.93938
-0.001801,5.03989,-0.001801,4.93938
-0.0018,5.03989,-0.0018,4.93938
-0.001799,5.24089,-0.001799,5.14039
-0.0017980000000000001,5.24089,-0.0017980000000000001,4.93938
-0.001797,5.24089,-0.001797,5.14039
-0.001796,5.24089,-0.001796,4.93938
-0.0017950000000000002,5.24089,-0.0017950000000000002,4.93938
-0.001794,5.24089,-0.001794,5.14039
-0.001793,5.24089,-0.001793,4.93938
-0.0017920000000000002,5.24089,-0.0017920000000000002,5.14039
-0.001791,5.24089,-0.001791,5.14039
-0.00179,5.24089,-0.00179,5.14039
-0.0017890000000000002,5.03989,-0.0017890000000000002,5.14039
-0.001788,5.24089,-0.001788,5.14039
-0.001787,5.4419,-0.001787,5.14039
-0.001786,5.24089,-0.001786,5.14039
-0.0017850000000000001,5.24089,-0.0017850000000000001,5.34139
-0.001784,5.4419,-0.001784,5.14039
-0.001783,5.4419,-0.001783,4.93938
-0.0017820000000000002,5.24089,-0.0017820000000000002,5.14039
-0.001781,5.24089,-0.001781,5.14039
-0.0017800000000000001,5.24089,-0.0017800000000000001,4.93938
-0.0017790000000000002,5.4419,-0.0017790000000000002,5.34139
-0.001778,5.4419,-0.001778,5.34139
-0.001777,5.4419,-0.001777,5.34139
-0.0017760000000000002,5.6429,-0.0017760000000000002,5.34139
-0.001775,5.4419,-0.001775,5.34139
-0.001774,5.4419,-0.001774,5.34139
-0.001773,5.4419,-0.001773,5.34139
-0.0017720000000000001,5.6429,-0.0017720000000000001,5.14039
-0.001771,5.4419,-0.001771,5.14039
-0.00177,5.4419,-0.00177,5.14039
-0.0017690000000000002,5.4419,-0.0017690000000000002,5.34139
-0.001768,5.4419,-0.001768,5.34139
-0.0017670000000000001,5.24089,-0.0017670000000000001,5.14039
-0.0017660000000000002,5.4419,-0.0017660000000000002,5.34139
-0.001765,5.4419,-0.001765,5.34139
-0.001764,5.4419,-0.001764,5.34139
-0.0017630000000000002,5.4419,-0.0017630000000000002,5.34139
-0.0017620000000000001,5.4419,-0.0017620000000000001,5.34139
-0.001761,5.6429,-0.001761,5.34139
-0.00176,5.6429,-0.00176,5.34139
-0.0017590000000000001,5.6429,-0.0017590000000000001,5.34139
-0.001758,5.4419,-0.001758,5.34139
-0.001757,5.4419,-0.001757,5.34139
-0.0017560000000000002,5.4419,-0.0017560000000000002,5.5424
-0.001755,5.4419,-0.001755,5.34139
-0.0017540000000000001,5.4419,-0.0017540000000000001,5.34139
-0.0017530000000000002,5.4419,-0.0017530000000000002,5.34139
-0.001752,5.6429,-0.001752,5.34139
-0.001751,5.4419,-0.001751,5.34139
-0.00175,5.4419,-0.00175,5.5424
-0.0017490000000000001,5.4419,-0.0017490000000000001,5.34139
-0.001748,5.4419,-0.001748,5.34139
-0.001747,5.6429,-0.001747,5.34139
-0.0017460000000000002,5.6429,-0.0017460000000000002,5.34139
-0.001745,5.6429,-0.001745,5.34139
-0.001744,5.6429,-0.001744,5.34139
-0.0017430000000000002,5.24089,-0.0017430000000000002,5.5424
-0.001742,5.6429,-0.001742,5.5424
-0.001741,5.4419,-0.001741,5.34139
-0.0017400000000000002,5.6429,-0.0017400000000000002,5.34139
-0.001739,5.6429,-0.001739,5.34139
-0.001738,5.4419,-0.001738,5.5424
-0.001737,5.6429,-0.001737,5.34139
-0.0017360000000000001,5.84391,-0.0017360000000000001,5.34139
-0.001735,5.6429,-0.001735,5.34139
-0.001734,5.6429,-0.001734,5.34139
-0.0017330000000000002,5.4419,-0.0017330000000000002,5.5424
-0.001732,5.84391,-0.001732,5.5424
-0.0017310000000000001,5.4419,-0.0017310000000000001,5.5424
-0.0017300000000000002,5.6429,-0.0017300000000000002,5.5424
-0.001729,5.84391,-0.001729,5.34139
-0.001728,5.6429,-0.001728,5.34139
-0.0017270000000000002,5.6429,-0.0017270000000000002,5.5424
-0.001726,5.4419,-0.001726,5.5424
-0.001725,5.4419,-0.001725,5.34139
-0.001724,5.4419,-0.001724,5.5424
-0.0017230000000000001,5.6429,-0.0017230000000000001,5.34139
-0.001722,5.6429,-0.001722,5.34139
-0.001721,5.6429,-0.001721,5.34139
-0.0017200000000000002,5.6429,-0.0017200000000000002,5.34139
-0.001719,5.6429,-0.001719,5.5424
-0.0017180000000000001,5.6429,-0.0017180000000000001,5.5424
-0.0017170000000000002,5.6429,-0.0017170000000000002,5.5424
-0.001716,5.4419,-0.001716,5.34139
-0.001715,5.6429,-0.001715,5.34139
-0.0017140000000000002,5.4419,-0.0017140000000000002,5.34139
-0.0017130000000000001,5.4419,-0.0017130000000000001,5.34139
-0.001712,5.4419,-0.001712,5.34139
-0.001711,5.6429,-0.001711,5.14039
-0.0017100000000000001,5.4419,-0.0017100000000000001,5.34139
-0.001709,5.6429,-0.001709,5.34139
-0.001708,5.4419,-0.001708,5.34139
-0.0017070000000000002,5.4419,-0.0017070000000000002,5.34139
-0.001706,5.4419,-0.001706,5.14039
-0.0017050000000000001,5.4419,-0.0017050000000000001,5.14039
-0.0017040000000000002,5.24089,-0.0017040000000000002,5.14039
-0.001703,5.4419,-0.001703,5.14039
-0.001702,5.4419,-0.001702,5.14039
-0.001701,5.4419,-0.001701,5.14039
-0.0017000000000000001,5.24089,-0.0017000000000000001,5.14039
-0.001699,5.4419,-0.001699,5.34139
-0.001698,5.24089,-0.001698,5.14039
-0.0016970000000000002,5.4419,-0.0016970000000000002,5.14039
-0.001696,5.4419,-0.001696,5.34139
-0.0016950000000000001,5.24089,-0.0016950000000000001,4.93938
-0.0016940000000000002,5.24089,-0.0016940000000000002,4.93938
-0.001693,5.24089,-0.001693,4.93938
-0.001692,5.4419,-0.001692,5.14039
-0.0016910000000000002,5.24089,-0.0016910000000000002,5.14039
-0.00169,5.03989,-0.00169,5.14039
-0.001689,5.24089,-0.001689,4.93938
-0.001688,5.24089,-0.001688,4.93938
-0.0016870000000000001,5.24089,-0.0016870000000000001,5.14039
-0.001686,5.24089,-0.001686,4.93938
-0.001685,5.03989,-0.001685,4.93938
-0.0016840000000000002,5.03989,-0.0016840000000000002,5.14039
-0.001683,5.24089,-0.001683,4.93938
-0.0016820000000000001,5.24089,-0.0016820000000000001,5.14039
-0.0016810000000000002,5.03989,-0.0016810000000000002,4.93938
-0.00168,5.03989,-0.00168,4.93938
-0.001679,5.24089,-0.001679,5.14039
-0.0016780000000000002,5.03989,-0.0016780000000000002,4.93938
-0.001677,5.03989,-0.001677,4.93938
-0.001676,5.03989,-0.001676,4.93938
-0.001675,4.83888,-0.001675,4.93938
-0.0016740000000000001,4.83888,-0.0016740000000000001,4.73838
-0.001673,5.24089,-0.001673,4.73838
-0.001672,4.83888,-0.001672,4.73838
-0.0016710000000000002,5.03989,-0.0016710000000000002,4.93938
-0.00167,5.03989,-0.00167,4.93938
-0.0016690000000000001,4.83888,-0.0016690000000000001,4.73838
-0.0016680000000000002,4.83888,-0.0016680000000000002,4.73838
-0.001667,5.03989,-0.001667,4.73838
-0.001666,5.03989,-0.001666,4.73838
-0.0016650000000000002,4.83888,-0.0016650000000000002,4.53737
-0.0016640000000000001,4.83888,-0.0016640000000000001,4.73838
-0.001663,5.03989,-0.001663,4.53737
-0.001662,4.83888,-0.001662,4.53737
-0.0016610000000000001,4.83888,-0.0016610000000000001,4.53737
-0.00166,4.83888,-0.00166,4.53737
-0.001659,4.83888,-0.001659,4.53737
-0.0016580000000000002,4.83888,-0.0016580000000000002,4.33637
-0.001657,4.83888,-0.001657,4.53737
-0.0016560000000000001,4.63788,-0.0016560000000000001,4.53737
-0.0016550000000000002,4.63788,-0.0016550000000000002,4.53737
-0.001654,4.63788,-0.001654,4.53737
-0.001653,4.63788,-0.001653,4.53737
-0.001652,4.83888,-0.001652,4.53737
-0.0016510000000000001,4.63788,-0.0016510000000000001,4.33637
-0.00165,4.43687,-0.00165,4.53737
-0.001649,4.63788,-0.001649,4.53737
-0.0016480000000000002,4.63788,-0.0016480000000000002,4.53737
-0.001647,4.63788,-0.001647,4.53737
-0.0016460000000000001,4.63788,-0.0016460000000000001,4.13536
-0.0016450000000000002,4.43687,-0.0016450000000000002,4.33637
-0.001644,4.43687,-0.001644,4.33637
-0.001643,4.43687,-0.001643,4.33637
-0.0016420000000000002,4.43687,-0.0016420000000000002,4.33637
-0.001641,4.23587,-0.001641,4.33637
-0.00164,4.43687,-0.00164,4.13536
-0.001639,4.43687,-0.001639,4.13536
-0.0016380000000000001,4.43687,-0.0016380000000000001,4.13536
-0.001637,4.43687,-0.001637,4.13536
-0.001636,4.43687,-0.001636,4.13536
-0.0016350000000000002,4.43687,-0.0016350000000000002,4.13536
-0.001634,4.23587,-0.001634,4.13536
-0.0016330000000000001,4.23587,-0.0016330000000000001,4.13536
-0.0016320000000000002,4.43687,-0.0016320000000000002,4.13536
-0.001631,4.23587,-0.001631,4.13536
-0.00163,4.23587,-0.00163,4.13536
-0.0016290000000000002,4.23587,-0.0016290000000000002,3.93436
-0.001628,4.03486,-0.001628,3.93436
-0.001627,4.23587,-0.001627,3.93436
-0.001626,4.03486,-0.001626,3.93436
-0.0016250000000000001,4.23587,-0.0016250000000000001,3.93436
-0.001624,4.03486,-0.001624,3.93436
-0.001623,4.03486,-0.001623,3.93436
-0.0016220000000000002,4.03486,-0.0016220000000000002,3.93436
-0.001621,4.03486,-0.001621,3.93436
-0.0016200000000000001,4.03486,-0.0016200000000000001,3.73335
-0.0016190000000000002,4.03486,-0.0016190000000000002,3.93436
-0.001618,3.83386,-0.001618,3.73335
-0.001617,4.03486,-0.001617,3.93436
-0.0016160000000000002,3.83386,-0.0016160000000000002,3.73335
-0.0016150000000000001,4.03486,-0.0016150000000000001,3.93436
-0.001614,3.83386,-0.001614,3.53235
-0.001613,3.83386,-0.001613,3.53235
-0.0016120000000000002,3.83386,-0.0016120000000000002,3.53235
-0.001611,3.63285,-0.001611,3.53235
-0.00161,3.83386,-0.00161,3.73335
-0.0016090000000000002,3.63285,-0.0016090000000000002,3.53235
-0.001608,3.63285,-0.001608,3.33134
-0.0016070000000000001,3.63285,-0.0016070000000000001,3.73335
-0.0016060000000000002,3.83386,-0.0016060000000000002,3.53235
-0.001605,3.63285,-0.001605,3.33134
-0.001604,3.43185,-0.001604,3.53235
-0.001603,3.43185,-0.001603,3.33134
-0.0016020000000000001,3.43185,-0.0016020000000000001,3.33134
-0.001601,3.43185,-0.001601,3.33134
-0.0016,3.43185,-0.0016,3.33134
-0.0015990000000000002,3.43185,-0.0015990000000000002,3.13034
-0.001598,3.43185,-0.001598,3.13034
-0.0015970000000000001,3.43185,-0.0015970000000000001,3.33134
-0.0015960000000000002,3.23084,-0.0015960000000000002,3.13034
-0.001595,3.43185,-0.001595,3.13034
-0.001594,3.43185,-0.001594,3.13034
-0.0015930000000000002,3.23084,-0.0015930000000000002,3.13034
-0.001592,3.02984,-0.001592,2.92933
-0.001591,3.23084,-0.001591,2.92933
-0.00159,3.23084,-0.00159,2.92933
-0.0015890000000000001,3.02984,-0.0015890000000000001,2.92933
-0.001588,3.23084,-0.001588,3.13034
-0.001587,3.02984,-0.001587,2.92933
-0.0015860000000000002,3.02984,-0.0015860000000000002,2.92933
-0.001585,3.02984,-0.001585,2.92933
-0.0015840000000000001,3.02984,-0.0015840000000000001,2.72833
-0.0015830000000000002,2.82883,-0.0015830000000000002,2.92933
-0.001582,3.02984,-0.001582,2.72833
-0.001581,3.02984,-0.001581,2.72833
-0.0015800000000000002,2.82883,-0.0015800000000000002,2.72833
-0.001579,2.82883,-0.001579,2.72833
-0.001578,2.82883,-0.001578,2.72833
-0.001577,2.82883,-0.001577,2.72833
-0.0015760000000000001,2.62783,-0.0015760000000000001,2.72833
-0.001575,2.82883,-0.001575,2.72833
-0.001574,2.82883,-0.001574,2.52732
-0.0015730000000000002,2.62783,-0.0015730000000000002,2.52732
-0.001572,2.82883,-0.001572,2.52732
-0.0015710000000000001,2.82883,-0.0015710000000000001,2.52732
-0.0015700000000000002,2.62783,-0.0015700000000000002,2.52732
-0.001569,2.42682,-0.001569,2.32632
-0.001568,2.62783,-0.001568,2.32632
-0.0015670000000000003,2.42682,-0.0015670000000000003,2.32632
-0.0015660000000000001,2.42682,-0.0015660000000000001,2.32632
-0.001565,2.42682,-0.001565,2.32632
-0.001564,2.42682,-0.001564,2.32632
-0.0015630000000000002,2.42682,-0.0015630000000000002,2.12531
-0.001562,2.22582,-0.001562,2.32632
-0.001561,2.22582,-0.001561,2.12531
-0.0015600000000000002,2.22582,-0.0015600000000000002,2.12531
-0.001559,2.22582,-0.001559,2.12531
-0.0015580000000000001,2.22582,-0.0015580000000000001,2.12531
-0.0015570000000000002,2.22582,-0.0015570000000000002,2.12531
-0.001556,2.22582,-0.001556,2.12531
-0.001555,2.22582,-0.001555,1.92431
-0.001554,2.02481,-0.001554,1.92431
-0.0015530000000000001,2.02481,-0.0015530000000000001,1.92431
-0.001552,2.02481,-0.001552,1.92431
-0.001551,1.82381,-0.001551,1.92431
-0.0015500000000000002,1.82381,-0.0015500000000000002,1.7233
-0.001549,2.02481,-0.001549,1.7233
-0.0015480000000000001,1.82381,-0.0015480000000000001,1.7233
-0.0015470000000000002,2.02481,-0.0015470000000000002,1.7233
-0.001546,1.82381,-0.001546,1.7233
-0.0015450000000000001,1.6228,-0.0015450000000000001,1.7233
-0.0015440000000000002,1.6228,-0.0015440000000000002,1.5223
-0.001543,1.6228,-0.001543,1.5223
-0.001542,1.6228,-0.001542,1.5223
-0.001541,1.4218,-0.001541,1.5223
-0.0015400000000000001,1.6228,-0.0015400000000000001,1.5223
-0.001539,1.6228,-0.001539,1.5223
-0.001538,1.4218,-0.001538,1.5223
-0.0015370000000000002,1.4218,-0.0015370000000000002,1.5223
-0.001536,1.6228,-0.001536,1.32129
-0.0015350000000000001,1.4218,-0.0015350000000000001,1.32129
-0.0015340000000000002,1.4218,-0.0015340000000000002,1.32129
-0.001533,1.4218,-0.001533,1.12029
-0.001532,1.4218,-0.001532,1.32129
-0.0015310000000000002,1.22079,-0.0015310000000000002,1.12029
-0.0015300000000000001,1.4218,-0.0015300000000000001,1.12029
-0.001529,1.22079,-0.001529,1.32129
-0.001528,1.22079,-0.001528,1.12029
-0.0015270000000000001,1.22079,-0.0015270000000000001,1.12029
-0.001526,1.22079,-0.001526,1.12029
-0.001525,1.01979,-0.001525,1.12029
-0.0015240000000000002,1.22079,-0.0015240000000000002,0.919284
-0.001523,1.22079,-0.001523,0.919284
-0.0015220000000000001,1.01979,-0.0015220000000000001,0.919284
-0.001521,1.01979,-0.001521,0.718279
-0.00152,0.818782,-0.00152,0.919284
-0.0015190000000000002,0.818782,-0.0015190000000000002,0.718279
-0.001518,0.818782,-0.001518,0.718279
-0.0015170000000000001,1.01979,-0.0015170000000000001,0.718279
-0.0015160000000000002,0.818782,-0.0015160000000000002,0.718279
-0.001515,1.01979,-0.001515,0.718279
-0.0015140000000000002,0.818782,-0.0015140000000000002,0.517274
-0.001513,0.617777,-0.001513,0.718279
-0.001512,0.818782,-0.001512,0.517274
-0.0015110000000000002,0.617777,-0.0015110000000000002,0.718279
-0.00151,0.617777,-0.00151,0.517274
-0.0015090000000000001,0.617777,-0.0015090000000000001,0.517274
-0.001508,0.215766,-0.001508,0.316269
-0.001507,0.617777,-0.001507,0.517274
-0.0015060000000000002,0.617777,-0.0015060000000000002,0.316269
-0.001505,0.416772,-0.001505,0.316269
-0.0015040000000000001,0.416772,-0.0015040000000000001,0.316269
-0.001503,0.416772,-0.001503,0.316269
-0.001502,0.215766,-0.001502,0.115264
-0.0015010000000000002,0.215766,-0.0015010000000000002,0.115264
-0.0015,0.215766,-0.0015,0.316269
-0.0014990000000000001,0.215766,-0.0014990000000000001,0.115264
-0.0014980000000000002,0.215766,-0.0014980000000000002,-0.085741
-0.001497,0.215766,-0.001497,0.115264
-0.0014960000000000002,0.215766,-0.0014960000000000002,-0.085741
-0.001495,0.215766,-0.001495,-0.085741
-0.001494,0.014761,-0.001494,-0.085741
-0.0014930000000000002,0.014761,-0.0014930000000000002,-0.085741
-0.001492,0.014761,-0.001492,-0.085741
-0.0014910000000000001,0.014761,-0.0014910000000000001,-0.286746
-0.00149,0.014761,-0.00149,-0.286746
-0.001489,-0.186244,-0.001489,-0.286746
-0.0014880000000000002,-0.186244,-0.0014880000000000002,-0.286746
-0.001487,0.014761,-0.001487,-0.286746
-0.0014860000000000001,-0.186244,-0.0014860000000000001,-0.286746
-0.001485,-0.186244,-0.001485,-0.286746
-0.001484,-0.186244,-0.001484,-0.286746
-0.0014830000000000002,-0.387249,-0.0014830000000000002,-0.286746
-0.001482,-0.387249,-0.001482,-0.487751
-0.0014810000000000001,-0.387249,-0.0014810000000000001,-0.487751
-0.0014800000000000002,-0.387249,-0.0014800000000000002,-0.286746
-0.001479,-0.387249,-0.001479,-0.487751
-0.0014780000000000001,-0.387249,-0.0014780000000000001,-0.487751
-0.001477,-0.387249,-0.001477,-0.487751
-0.001476,-0.387249,-0.001476,-0.487751
-0.0014750000000000002,-0.588254,-0.0014750000000000002,-0.688756
-0.001474,-0.588254,-0.001474,-0.688756
-0.0014730000000000001,-0.789259,-0.0014730000000000001,-0.688756
-0.001472,-0.789259,-0.001472,-0.688756
-0.001471,-0.789259,-0.001471,-0.688756
-0.0014700000000000002,-0.789259,-0.0014700000000000002,-0.688756
-0.001469,-0.789259,-0.001469,-0.889761
-0.0014680000000000001,-0.789259,-0.0014680000000000001,-0.889761
-0.0014670000000000002,-0.789259,-0.0014670000000000002,-0.889761
-0.001466,-0.789259,-0.001466,-0.889761
-0.0014650000000000002,-0.789259,-0.0014650000000000002,-0.889761
-0.001464,-0.990264,-0.001464,-1.09077
-0.001463,-0.990264,-0.001463,-0.889761
-0.0014620000000000002,-0.789259,-0.0014620000000000002,-1.09077
-0.001461,-0.990264,-0.001461,-1.09077
-0.0014600000000000001,-1.19127,-0.0014600000000000001,-1.09077
-0.001459,-0.990264,-0.001459,-1.09077
-0.001458,-1.19127,-0.001458,-1.29177
-0.0014570000000000002,-1.19127,-0.0014570000000000002,-1.29177
-0.001456,-1.19127,-0.001456,-1.29177
-0.0014550000000000001,-1.19127,-0.0014550000000000001,-1.29177
-0.001454,-1.39227,-0.001454,-1.29177
-0.001453,-1.39227,-0.001453,-1.29177
-0.0014520000000000002,-1.19127,-0.0014520000000000002,-1.29177
-0.001451,-1.39227,-0.001451,-1.29177
-0.0014500000000000001,-1.19127,-0.0014500000000000001,-1.29177
-0.0014490000000000002,-1.39227,-0.0014490000000000002,-1.49278
-0.001448,-1.39227,-0.001448,-1.49278
-0.0014470000000000002,-1.39227,-0.0014470000000000002,-1.49278
-0.001446,-1.59328,-0.001446,-1.49278
-0.001445,-1.59328,-0.001445,-1.69378
-0.0014440000000000002,-1.59328,-0.0014440000000000002,-1.49278
-0.001443,-1.79428,-0.001443,-1.69378
-0.0014420000000000001,-1.79428,-0.0014420000000000001,-1.49278
-0.001441,-1.79428,-0.001441,-1.69378
-0.00144,-1.79428,-0.00144,-1.89479
-0.0014390000000000002,-1.79428,-0.0014390000000000002,-1.69378
-0.001438,-1.79428,-0.001438,-1.89479
-0.0014370000000000001,-1.79428,-0.0014370000000000001,-1.69378
-0.001436,-1.79428,-0.001436,-1.69378
-0.001435,-1.99529,-0.001435,-1.89479
-0.0014340000000000002,-1.99529,-0.0014340000000000002,-1.89479
-0.001433,-1.79428,-0.001433,-1.89479
-0.0014320000000000001,-2.19629,-0.0014320000000000001,-1.89479
-0.0014310000000000002,-1.99529,-0.0014310000000000002,-1.89479
-0.00143,-2.19629,-0.00143,-1.89479
-0.0014290000000000001,-1.99529,-0.0014290000000000001,-1.89479
-0.001428,-1.99529,-0.001428,-1.89479
-0.001427,-2.19629,-0.001427,-2.09579
-0.0014260000000000002,-2.19629,-0.0014260000000000002,-2.09579
-0.001425,-1.99529,-0.001425,-1.89479
-0.0014240000000000001,-2.19629,-0.0014240000000000001,-2.09579
-0.001423,-2.19629,-0.001423,-2.09579
-0.001422,-2.19629,-0.001422,-2.09579
-0.0014210000000000002,-2.19629,-0.0014210000000000002,-2.2968
-0.00142,-2.19629,-0.00142,-2.09579
-0.0014190000000000001,-2.3973,-0.0014190000000000001,-2.2968
-0.0014180000000000002,-2.3973,-0.0014180000000000002,-2.2968
-0.001417,-2.3973,-0.001417,-2.2968
-0.0014160000000000002,-2.5983,-0.0014160000000000002,-2.4978
-0.001415,-2.5983,-0.001415,-2.2968
-0.0014140000000000001,-2.5983,-0.0014140000000000001,-2.4978
-0.0014130000000000002,-2.5983,-0.0014130000000000002,-2.4978
-0.001412,-2.5983,-0.001412,-2.69881
-0.0014110000000000001,-2.79931,-0.0014110000000000001,-2.4978
-0.00141,-2.79931,-0.00141,-2.69881
-0.001409,-2.5983,-0.001409,-2.69881
-0.0014080000000000002,-2.5983,-0.0014080000000000002,-2.4978
-0.001407,-2.79931,-0.001407,-2.4978
-0.0014060000000000001,-2.79931,-0.0014060000000000001,-2.69881
-0.001405,-2.79931,-0.001405,-2.4978
-0.001404,-2.79931,-0.001404,-2.69881
-0.0014030000000000002,-2.79931,-0.0014030000000000002,-2.69881
-0.001402,-2.79931,-0.001402,-2.69881
-0.0014010000000000001,-3.00031,-0.0014010000000000001,-2.69881
-0.0014000000000000002,-3.00031,-0.0014000000000000002,-2.89981
-0.001399,-3.00031,-0.001399,-2.89981
-0.0013980000000000002,-3.00031,-0.0013980000000000002,-2.89981
-0.001397,-3.00031,-0.001397,-2.89981
-0.001396,-3.20132,-0.001396,-2.69881
-0.0013950000000000002,-3.00031,-0.0013950000000000002,-2.89981
-0.001394,-3.20132,-0.001394,-2.89981
-0.0013930000000000001,-3.20132,-0.0013930000000000001,-3.10082
-0.001392,-3.40232,-0.001392,-2.89981
-0.001391,-3.40232,-0.001391,-2.89981
-0.0013900000000000002,-3.20132,-0.0013900000000000002,-2.89981
-0.001389,-3.40232,-0.001389,-3.10082
-0.0013880000000000001,-3.20132,-0.0013880000000000001,-3.10082
-0.001387,-3.20132,-0.001387,-3.30182
-0.001386,-3.20132,-0.001386,-3.30182
-0.0013850000000000002,-3.40232,-0.0013850000000000002,-3.10082
-0.001384,-3.40232,-0.001384,-3.30182
-0.0013830000000000001,-3.40232,-0.0013830000000000001,-3.10082
-0.0013820000000000002,-3.60333,-0.0013820000000000002,-3.30182
-0.001381,-3.60333,-0.001381,-3.10082
-0.0013800000000000002,-3.60333,-0.0013800000000000002,-3.30182
-0.001379,-3.60333,-0.001379,-3.50283
-0.001378,-3.80433,-0.001378,-3.30182
-0.0013770000000000002,-3.60333,-0.0013770000000000002,-3.30182
-0.001376,-3.40232,-0.001376,-3.30182
-0.0013750000000000001,-3.60333,-0.0013750000000000001,-3.50283
-0.001374,-3.60333,-0.001374,-3.50283
-0.001373,-3.80433,-0.001373,-3.50283
-0.0013720000000000002,-3.80433,-0.0013720000000000002,-3.30182
-0.001371,-3.80433,-0.001371,-3.50283
-0.0013700000000000001,-3.80433,-0.0013700000000000001,-3.50283
-0.0013690000000000002,-3.60333,-0.0013690000000000002,-3.50283
-0.001368,-3.80433,-0.001368,-3.50283
-0.0013670000000000002,-3.80433,-0.0013670000000000002,-3.50283
-0.001366,-3.80433,-0.001366,-3.70383
-0.0013650000000000001,-4.00534,-0.0013650000000000001,-3.50283
-0.0013640000000000002,-4.00534,-0.0013640000000000002,-3.70383
-0.001363,-4.00534,-0.001363,-3.50283
-0.0013620000000000001,-4.00534,-0.0013620000000000001,-3.70383
-0.001361,-4.00534,-0.001361,-3.70383
-0.00136,-4.00534,-0.00136,-3.70383
-0.0013590000000000002,-4.00534,-0.0013590000000000002,-3.70383
-0.001358,-4.00534,-0.001358,-3.90484
-0.0013570000000000001,-4.00534,-0.0013570000000000001,-3.90484
-0.001356,-4.00534,-0.001356,-3.70383
-0.001355,-4.00534,-0.001355,-3.90484
-0.0013540000000000002,-4.20634,-0.0013540000000000002,-3.90484
-0.001353,-4.00534,-0.001353,-3.90484
-0.0013520000000000001,-4.20634,-0.0013520000000000001,-3.90484
-0.0013510000000000002,-4.20634,-0.0013510000000000002,-3.90484
-0.00135,-4.40735,-0.00135,-3.90484
-0.0013490000000000002,-4.40735,-0.0013490000000000002,-4.10584
-0.001348,-4.40735,-0.001348,-4.10584
-0.001347,-4.40735,-0.001347,-4.10584
-0.0013460000000000002,-4.20634,-0.0013460000000000002,-4.10584
-0.001345,-4.40735,-0.001345,-4.10584
-0.0013440000000000001,-4.40735,-0.0013440000000000001,-4.10584
-0.001343,-4.40735,-0.001343,-4.10584
-0.001342,-4.40735,-0.001342,-4.10584
-0.0013410000000000002,-4.40735,-0.0013410000000000002,-4.10584
-0.00134,-4.60835,-0.00134,-4.10584
-0.0013390000000000001,-4.40735,-0.0013390000000000001,-4.30685
-0.001338,-4.60835,-0.001338,-4.30685
-0.001337,-4.60835,-0.001337,-4.30685
-0.0013360000000000002,-4.80936,-0.0013360000000000002,-4.30685
-0.001335,-4.60835,-0.001335,-4.50785
-0.0013340000000000001,-4.60835,-0.0013340000000000001,-4.30685
-0.0013330000000000002,-4.60835,-0.0013330000000000002,-4.30685
-0.001332,-4.60835,-0.001332,-4.50785
-0.0013310000000000002,-4.60835,-0.0013310000000000002,-4.30685
-0.00133,-4.80936,-0.00133,-4.50785
-0.001329,-4.80936,-0.001329,-4.50785
-0.0013280000000000002,-4.80936,-0.0013280000000000002,-4.30685
-0.001327,-4.80936,-0.001327,-4.50785
-0.0013260000000000001,-4.60835,-0.0013260000000000001,-4.50785
-0.001325,-4.80936,-0.001325,-4.50785
-0.001324,-4.80936,-0.001324,-4.50785
-0.0013230000000000002,-4.80936,-0.0013230000000000002,-4.50785
-0.001322,-5.01036,-0.001322,-4.50785
-0.0013210000000000001,-4.80936,-0.0013210000000000001,-4.50785
-0.0013200000000000002,-4.80936,-0.0013200000000000002,-4.70886
-0.001319,-5.01036,-0.001319,-4.70886
-0.0013180000000000002,-4.80936,-0.0013180000000000002,-4.50785
-0.001317,-5.01036,-0.001317,-4.50785
-0.0013160000000000001,-4.80936,-0.0013160000000000001,-4.50785
-0.0013150000000000002,-5.01036,-0.0013150000000000002,-4.50785
-0.001314,-5.01036,-0.001314,-4.70886
-0.0013130000000000001,-4.80936,-0.0013130000000000001,-4.50785
-0.001312,-4.80936,-0.001312,-4.50785
-0.001311,-5.01036,-0.001311,-4.90986
-0.0013100000000000002,-5.01036,-0.0013100000000000002,-4.70886
-0.001309,-5.01036,-0.001309,-4.70886
-0.0013080000000000001,-5.01036,-0.0013080000000000001,-4.70886
-0.001307,-5.01036,-0.001307,-4.70886
-0.001306,-5.21137,-0.001306,-4.70886
-0.0013050000000000002,-5.21137,-0.0013050000000000002,-4.70886
-0.001304,-5.01036,-0.001304,-4.50785
-0.0013030000000000001,-5.21137,-0.0013030000000000001,-4.70886
-0.0013020000000000002,-5.21137,-0.0013020000000000002,-4.70886
-0.001301,-5.21137,-0.001301,-4.90986
-0.0013000000000000002,-5.21137,-0.0013000000000000002,-4.90986
-0.001299,-5.21137,-0.001299,-4.90986
-0.0012980000000000001,-5.41237,-0.0012980000000000001,-4.90986
-0.0012970000000000002,-5.21137,-0.0012970000000000002,-4.90986
-0.001296,-5.21137,-0.001296,-4.90986
-0.0012950000000000001,-5.21137,-0.0012950000000000001,-4.90986
-0.001294,-5.41237,-0.001294,-4.90986
-0.001293,-5.41237,-0.001293,-4.90986
-0.0012920000000000002,-5.21137,-0.0012920000000000002,-4.90986
-0.001291,-5.21137,-0.001291,-5.11087
-0.0012900000000000001,-5.21137,-0.0012900000000000001,-4.90986
-0.0012890000000000002,-5.41237,-0.0012890000000000002,-5.11087
-0.001288,-5.41237,-0.001288,-5.11087
-0.0012870000000000002,-5.41237,-0.0012870000000000002,-4.90986
-0.001286,-5.21137,-0.001286,-5.11087
-0.0012850000000000001,-5.41237,-0.0012850000000000001,-4.90986
-0.0012840000000000002,-5.21137,-0.0012840000000000002,-4.90986
-0.001283,-5.41237,-0.001283,-4.90986
-0.0012820000000000002,-5.61338,-0.0012820000000000002,-5.11087
-0.001281,-5.41237,-0.001281,-5.11087
-0.00128,-5.41237,-0.00128,-5.11087
-0.0012790000000000002,-5.41237,-0.0012790000000000002,-5.11087
-0.001278,-5.61338,-0.001278,-5.11087
-0.0012770000000000001,-5.41237,-0.0012770000000000001,-5.11087
-0.001276,-5.61338,-0.001276,-5.11087
-0.001275,-5.41237,-0.001275,-5.11087
-0.0012740000000000002,-5.61338,-0.0012740000000000002,-5.11087
-0.001273,-5.61338,-0.001273,-5.11087
-0.0012720000000000001,-5.61338,-0.0012720000000000001,-5.31187
-0.0012710000000000002,-5.41237,-0.0012710000000000002,-5.11087
-0.00127,-5.41237,-0.00127,-5.11087
-0.0012690000000000002,-5.41237,-0.0012690000000000002,-5.11087
-0.001268,-5.41237,-0.001268,-5.11087
-0.0012670000000000001,-5.41237,-0.0012670000000000001,-5.11087
-0.0012660000000000002,-5.61338,-0.0012660000000000002,-5.11087
-0.001265,-5.41237,-0.001265,-5.31187
-0.0012640000000000001,-5.61338,-0.0012640000000000001,-5.11087
-0.001263,-5.21137,-0.001263,-4.90986
-0.001262,-5.41237,-0.001262,-5.31187
-0.0012610000000000002,-5.41237,-0.0012610000000000002,-5.11087
-0.00126,-5.41237,-0.00126,-5.11087
-0.0012590000000000001,-5.61338,-0.0012590000000000001,-5.11087
-0.001258,-5.41237,-0.001258,-5.11087
-0.001257,-5.41237,-0.001257,-5.31187
-0.0012560000000000002,-5.61338,-0.0012560000000000002,-5.11087
-0.001255,-5.61338,-0.001255,-5.11087
-0.0012540000000000001,-5.41237,-0.0012540000000000001,-5.11087
-0.0012530000000000002,-5.61338,-0.0012530000000000002,-5.11087
-0.001252,-5.41237,-0.001252,-5.11087
-0.0012510000000000002,-5.61338,-0.0012510000000000002,-5.11087
-0.00125,-5.41237,-0.00125,-5.31187
-0.0012490000000000001,-5.61338,-0.0012490000000000001,-4.90986
-0.0012480000000000002,-5.41237,-0.0012480000000000002,-5.31187
-0.001247,-5.61338,-0.001247,-5.11087
-0.0012460000000000001,-5.61338,-0.0012460000000000001,-5.31187
-0.001245,-5.61338,-0.001245,-5.11087
-0.001244,-5.61338,-0.001244,-4.90986
-0.0012430000000000002,-5.61338,-0.0012430000000000002,-5.31187
-0.001242,-5.61338,-0.001242,-5.31187
-0.0012410000000000001,-5.61338,-0.0012410000000000001,-5.31187
-0.0012400000000000002,-5.61338,-0.0012400000000000002,-5.31187
-0.001239,-5.61338,-0.001239,-5.11087
-0.0012380000000000002,-5.61338,-0.0012380000000000002,-5.31187
-0.001237,-5.61338,-0.001237,-5.31187
-0.0012360000000000001,-5.61338,-0.0012360000000000001,-5.31187
-0.0012350000000000002,-5.61338,-0.0012350000000000002,-5.31187
-0.001234,-5.61338,-0.001234,-5.31187
-0.0012330000000000002,-5.61338,-0.0012330000000000002,-5.31187
-0.001232,-5.81438,-0.001232,-5.31187
-0.001231,-5.81438,-0.001231,-5.31187
-0.0012300000000000002,-5.61338,-0.0012300000000000002,-5.31187
-0.001229,-5.81438,-0.001229,-5.11087
-0.0012280000000000001,-5.41237,-0.0012280000000000001,-5.31187
-0.001227,-5.61338,-0.001227,-5.51288
-0.001226,-5.61338,-0.001226,-5.31187
-0.0012250000000000002,-5.61338,-0.0012250000000000002,-5.31187
-0.001224,-5.61338,-0.001224,-5.11087
-0.0012230000000000001,-5.81438,-0.0012230000000000001,-5.11087
-0.0012220000000000002,-5.61338,-0.0012220000000000002,-5.31187
-0.001221,-5.61338,-0.001221,-5.31187
-0.0012200000000000002,-5.61338,-0.0012200000000000002,-5.31187
-0.001219,-5.61338,-0.001219,-5.31187
-0.0012180000000000001,-5.61338,-0.0012180000000000001,-5.31187
-0.0012170000000000002,-5.61338,-0.0012170000000000002,-5.31187
-0.001216,-5.41237,-0.001216,-5.31187
-0.0012150000000000002,-5.61338,-0.0012150000000000002,-5.31187
-0.001214,-5.81438,-0.001214,-5.31187
-0.001213,-5.61338,-0.001213,-5.11087
-0.0012120000000000002,-5.81438,-0.0012120000000000002,-5.31187
-0.001211,-5.61338,-0.001211,-5.11087
-0.0012100000000000001,-5.61338,-0.0012100000000000001,-5.31187
-0.001209,-5.41237,-0.001209,-5.31187
-0.001208,-5.61338,-0.001208,-5.11087
-0.0012070000000000002,-5.61338,-0.0012070000000000002,-5.11087
-0.001206,-5.61338,-0.001206,-5.31187
-0.0012050000000000001,-5.61338,-0.0012050000000000001,-5.11087
-0.0012040000000000002,-5.61338,-0.0012040000000000002,-5.11087
-0.001203,-5.61338,-0.001203,-5.31187
-0.0012020000000000002,-5.81438,-0.0012020000000000002,-5.11087
-0.001201,-5.41237,-0.001201,-5.11087
-0.0012000000000000001,-5.61338,-0.0012000000000000001,-5.31187
-0.0011990000000000002,-5.41237,-0.0011990000000000002,-4.90986
-0.001198,-5.41237,-0.001198,-5.11087
-0.0011970000000000001,-5.41237,-0.0011970000000000001,-5.11087
-0.001196,-5.61338,-0.001196,-5.11087
-0.001195,-5.41237,-0.001195,-5.11087
-0.0011940000000000002,-5.41237,-0.0011940000000000002,-5.11087
-0.001193,-5.41237,-0.001193,-4.90986
-0.0011920000000000001,-5.41237,-0.0011920000000000001,-4.90986
-0.0011910000000000002,-5.41237,-0.0011910000000000002,-4.90986
-0.00119,-5.41237,-0.00119,-4.90986
-0.0011890000000000002,-5.21137,-0.0011890000000000002,-5.11087
-0.001188,-5.41237,-0.001188,-4.90986
-0.0011870000000000001,-5.41237,-0.0011870000000000001,-4.90986
-0.0011860000000000002,-5.41237,-0.0011860000000000002,-4.90986
-0.001185,-5.21137,-0.001185,-4.90986
-0.0011840000000000002,-5.21137,-0.0011840000000000002,-4.90986
-0.001183,-5.41237,-0.001183,-4.90986
-0.001182,-5.41237,-0.001182,-5.11087
-0.0011810000000000002,-5.41237,-0.0011810000000000002,-4.90986
-0.00118,-5.21137,-0.00118,-5.11087
-0.0011790000000000001,-5.21137,-0.0011790000000000001,-4.90986
-0.001178,-5.21137,-0.001178,-4.90986
-0.001177,-5.21137,-0.001177,-4.90986
-0.0011760000000000002,-5.21137,-0.0011760000000000002,-4.70886
-0.001175,-5.21137,-0.001175,-4.90986
-0.0011740000000000001,-5.21137,-0.0011740000000000001,-4.90986
-0.0011730000000000002,-5.21137,-0.0011730000000000002,-4.70886
-0.001172,-5.21137,-0.001172,-4.90986
-0.0011710000000000002,-5.01036,-0.0011710000000000002,-4.90986
-0.00117,-5.01036,-0.00117,-4.70886
-0.0011690000000000001,-5.01036,-0.0011690000000000001,-4.70886
-0.0011680000000000002,-5.01036,-0.0011680000000000002,-4.70886
-0.001167,-4.80936,-0.001167,-4.70886
-0.0011660000000000002,-5.01036,-0.0011660000000000002,-4.70886
-0.001165,-5.01036,-0.001165,-4.70886
-0.001164,-4.80936,-0.001164,-4.50785
-0.0011630000000000002,-5.01036,-0.0011630000000000002,-4.50785
-0.001162,-4.80936,-0.001162,-4.70886
-0.0011610000000000001,-4.80936,-0.0011610000000000001,-4.50785
-0.00116,-4.80936,-0.00116,-4.50785
-0.001159,-5.01036,-0.001159,-4.50785
-0.0011580000000000002,-4.80936,-0.0011580000000000002,-4.50785
-0.001157,-4.80936,-0.001157,-4.30685
-0.0011560000000000001,-4.80936,-0.0011560000000000001,-4.50785
-0.0011550000000000002,-4.80936,-0.0011550000000000002,-4.50785
-0.001154,-4.80936,-0.001154,-4.30685
-0.0011530000000000002,-4.80936,-0.0011530000000000002,-4.50785
-0.001152,-4.80936,-0.001152,-4.30685
-0.0011510000000000001,-4.80936,-0.0011510000000000001,-4.50785
-0.0011500000000000002,-4.80936,-0.0011500000000000002,-4.50785
-0.001149,-4.80936,-0.001149,-4.30685
-0.0011480000000000001,-4.80936,-0.0011480000000000001,-4.50785
-0.001147,-4.80936,-0.001147,-4.50785
-0.001146,-4.80936,-0.001146,-4.30685
-0.0011450000000000002,-4.60835,-0.0011450000000000002,-4.30685
-0.001144,-4.80936,-0.001144,-4.30685
-0.0011430000000000001,-4.80936,-0.0011430000000000001,-4.30685
-0.0011420000000000002,-4.60835,-0.0011420000000000002,-4.30685
-0.001141,-4.60835,-0.001141,-4.10584
-0.0011400000000000002,-4.60835,-0.0011400000000000002,-4.10584
-0.001139,-4.60835,-0.001139,-4.10584
-0.0011380000000000001,-4.60835,-0.0011380000000000001,-4.10584
-0.0011370000000000002,-4.60835,-0.0011370000000000002,-4.30685
-0.001136,-4.60835,-0.001136,-4.10584
-0.0011350000000000002,-4.40735,-0.0011350000000000002,-4.30685
-0.001134,-4.40735,-0.001134,-4.10584
-0.0011330000000000001,-4.40735,-0.0011330000000000001,-4.10584
-0.0011320000000000002,-4.40735,-0.0011320000000000002,-4.10584
-0.001131,-4.40735,-0.001131,-4.10584
-0.0011300000000000001,-4.40735,-0.0011300000000000001,-4.30685
-0.001129,-4.40735,-0.001129,-4.10584
-0.001128,-4.40735,-0.001128,-3.90484
-0.0011270000000000002,-4.40735,-0.0011270000000000002,-3.90484
-0.001126,-4.20634,-0.001126,-4.10584
-0.0011250000000000001,-4.20634,-0.0011250000000000001,-3.90484
-0.0011240000000000002,-4.20634,-0.0011240000000000002,-3.90484
-0.001123,-4.20634,-0.001123,-3.90484
-0.0011220000000000002,-4.20634,-0.0011220000000000002,-3.90484
-0.001121,-4.20634,-0.001121,-3.90484
-0.0011200000000000001,-4.00534,-0.0011200000000000001,-3.70383
-0.0011190000000000002,-4.20634,-0.0011190000000000002,-3.70383
-0.001118,-4.20634,-0.001118,-3.70383
-0.0011170000000000002,-4.20634,-0.0011170000000000002,-3.90484
-0.001116,-4.00534,-0.001116,-3.70383
-0.001115,-4.20634,-0.001115,-3.70383
-0.0011140000000000002,-4.00534,-0.0011140000000000002,-3.70383
-0.001113,-4.00534,-0.001113,-3.50283
-0.0011120000000000001,-4.00534,-0.0011120000000000001,-3.70383
-0.001111,-4.00534,-0.001111,-3.50283
-0.00111,-4.00534,-0.00111,-3.50283
-0.0011090000000000002,-4.00534,-0.0011090000000000002,-3.50283
-0.001108,-3.80433,-0.001108,-3.50283
-0.0011070000000000001,-3.80433,-0.0011070000000000001,-3.70383
-0.0011060000000000002,-3.80433,-0.0011060000000000002,-3.50283
-0.001105,-3.80433,-0.001105,-3.30182
-0.0011040000000000002,-3.60333,-0.0011040000000000002,-3.50283
-0.001103,-3.60333,-0.001103,-3.30182
-0.0011020000000000001,-3.60333,-0.0011020000000000001,-3.30182
-0.0011010000000000002,-3.60333,-0.0011010000000000002,-3.30182
-0.0011,-3.60333,-0.0011,-3.10082
-0.0010990000000000002,-3.60333,-0.0010990000000000002,-3.30182
-0.001098,-3.60333,-0.001098,-3.10082
-0.001097,-3.40232,-0.001097,-3.30182
-0.0010960000000000002,-3.60333,-0.0010960000000000002,-3.10082
-0.001095,-3.40232,-0.001095,-3.10082
-0.0010940000000000001,-3.20132,-0.0010940000000000001,-3.10082
-0.0010930000000000002,-3.40232,-0.0010930000000000002,-3.10082
-0.001092,-3.40232,-0.001092,-3.10082
-0.0010910000000000002,-3.20132,-0.0010910000000000002,-2.89981
-0.00109,-3.60333,-0.00109,-3.10082
-0.0010890000000000001,-3.40232,-0.0010890000000000001,-3.10082
-0.0010880000000000002,-3.20132,-0.0010880000000000002,-3.10082
-0.001087,-3.20132,-0.001087,-2.89981
-0.0010860000000000002,-3.20132,-0.0010860000000000002,-2.89981
-0.001085,-3.40232,-0.001085,-2.89981
-0.0010840000000000001,-3.20132,-0.0010840000000000001,-2.89981
-0.0010830000000000002,-3.00031,-0.0010830000000000002,-2.89981
-0.001082,-3.20132,-0.001082,-2.89981
-0.0010810000000000001,-3.00031,-0.0010810000000000001,-2.89981
-0.00108,-3.20132,-0.00108,-2.69881
-0.001079,-3.00031,-0.001079,-2.89981
-0.0010780000000000002,-3.00031,-0.0010780000000000002,-2.69881
-0.001077,-3.00031,-0.001077,-2.69881
-0.0010760000000000001,-3.00031,-0.0010760000000000001,-2.69881
-0.0010750000000000002,-2.79931,-0.0010750000000000002,-2.69881
-0.001074,-3.00031,-0.001074,-2.69881
-0.0010730000000000002,-2.79931,-0.0010730000000000002,-2.4978
-0.001072,-3.00031,-0.001072,-2.4978
-0.0010710000000000001,-2.79931,-0.0010710000000000001,-2.2968
-0.0010700000000000002,-2.5983,-0.0010700000000000002,-2.4978
-0.001069,-2.79931,-0.001069,-2.4978
-0.0010680000000000002,-2.5983,-0.0010680000000000002,-2.4978
-0.001067,-2.5983,-0.001067,-2.4978
-0.001066,-2.3973,-0.001066,-2.2968
-0.0010650000000000002,-2.5983,-0.0010650000000000002,-2.2968
-0.001064,-2.3973,-0.001064,-2.2968
-0.0010630000000000001,-2.3973,-0.0010630000000000001,-2.09579
-0.001062,-2.5983,-0.001062,-2.09579
-0.001061,-2.3973,-0.001061,-2.09579
-0.0010600000000000002,-2.3973,-0.0010600000000000002,-2.09579
-0.001059,-2.3973,-0.001059,-2.09579
-0.0010580000000000001,-2.19629,-0.0010580000000000001,-2.09579
-0.0010570000000000002,-2.3973,-0.0010570000000000002,-1.89479
-0.001056,-2.19629,-0.001056,-2.09579
-0.0010550000000000002,-2.19629,-0.0010550000000000002,-1.89479
-0.001054,-2.19629,-0.001054,-1.89479
-0.0010530000000000001,-2.19629,-0.0010530000000000001,-2.09579
-0.0010520000000000002,-2.19629,-0.0010520000000000002,-1.89479
-0.001051,-2.19629,-0.001051,-1.89479
-0.0010500000000000002,-2.19629,-0.0010500000000000002,-1.89479
-0.001049,-1.99529,-0.001049,-1.69378
-0.001048,-1.99529,-0.001048,-1.69378
-0.0010470000000000002,-1.79428,-0.0010470000000000002,-1.69378
-0.001046,-1.99529,-0.001046,-1.69378
-0.0010450000000000001,-1.79428,-0.0010450000000000001,-1.69378
-0.0010440000000000002,-1.99529,-0.0010440000000000002,-1.69378
-0.001043,-1.79428,-0.001043,-1.49278
-0.0010420000000000002,-1.79428,-0.0010420000000000002,-1.49278
-0.001041,-1.79428,-0.001041,-1.49278
-0.0010400000000000001,-1.79428,-0.0010400000000000001,-1.49278
-0.0010390000000000002,-1.59328,-0.0010390000000000002,-1.49278
-0.001038,-1.59328,-0.001038,-1.29177
-0.0010370000000000002,-1.59328,-0.0010370000000000002,-1.29177
-0.001036,-1.59328,-0.001036,-1.29177
-0.0010350000000000001,-1.59328,-0.0010350000000000001,-1.29177
-0.0010340000000000002,-1.59328,-0.0010340000000000002,-1.29177
-0.001033,-1.39227,-0.001033,-1.09077
-0.0010320000000000001,-1.59328,-0.0010320000000000001,-1.09077
-0.001031,-1.39227,-0.001031,-1.09077
-0.00103,-1.39227,-0.00103,-1.09077
-0.0010290000000000002,-1.39227,-0.0010290000000000002,-1.09077
-0.001028,-1.19127,-0.001028,-1.09077
-0.0010270000000000001,-1.39227,-0.0010270000000000001,-1.09077
-0.0010260000000000002,-1.19127,-0.0010260000000000002,-1.09077
-0.001025,-1.19127,-0.001025,-0.889761
-0.0010240000000000002,-1.19127,-0.0010240000000000002,-1.09077
-0.001023,-1.39227,-0.001023,-0.889761
-0.0010220000000000001,-1.19127,-0.0010220000000000001,-0.889761
-0.0010210000000000002,-1.19127,-0.0010210000000000002,-0.889761
-0.00102,-1.19127,-0.00102,-0.889761
-0.0010190000000000002,-0.990264,-0.0010190000000000002,-0.688756
-0.001018,-0.990264,-0.001018,-0.889761
-0.0010170000000000001,-0.990264,-0.0010170000000000001,-0.688756
-0.0010160000000000002,-0.990264,-0.0010160000000000002,-0.688756
-0.001015,-0.990264,-0.001015,-0.487751
-0.0010140000000000001,-0.789259,-0.0010140000000000001,-0.487751
-0.001013,-0.990264,-0.001013,-0.688756
-0.001012,-0.789259,-0.001012,-0.487751
-0.0010110000000000002,-0.990264,-0.0010110000000000002,-0.487751
-0.00101,-0.588254,-0.00101,-0.487751
-0.0010090000000000001,-0.588254,-0.0010090000000000001,-0.286746
-0.0010080000000000002,-0.588254,-0.0010080000000000002,-0.487751
-0.001007,-0.588254,-0.001007,-0.487751
-0.0010060000000000002,-0.588254,-0.0010060000000000002,-0.286746
-0.001005,-0.588254,-0.001005,-0.286746
-0.0010040000000000001,-0.588254,-0.0010040000000000001,-0.286746
-0.0010030000000000002,-0.387249,-0.0010030000000000002,-0.286746
-0.001002,-0.588254,-0.001002,-0.286746
-0.0010010000000000002,-0.387249,-0.0010010000000000002,-0.085741
-0.001,-0.387249,-0.001,-0.286746
-0.000999,-0.186244,-0.000999,-0.085741
-0.0009980000000000002,-0.387249,-0.0009980000000000002,-0.085741
-0.000997,-0.387249,-0.000997,0.115264
-0.0009960000000000001,-0.186244,-0.0009960000000000001,0.115264
-0.0009950000000000002,-0.186244,-0.0009950000000000002,-0.085741
-0.000994,0.014761,-0.000994,0.115264
-0.0009930000000000002,-0.186244,-0.0009930000000000002,0.115264
-0.000992,0.014761,-0.000992,0.115264
-0.0009910000000000001,0.014761,-0.0009910000000000001,0.115264
-0.0009900000000000002,0.014761,-0.0009900000000000002,0.316269
-0.000989,0.014761,-0.000989,0.316269
-0.0009880000000000002,0.215766,-0.0009880000000000002,0.115264
-0.000987,0.014761,-0.000987,0.316269
-0.0009860000000000001,0.215766,-0.0009860000000000001,0.316269
-0.0009850000000000002,0.215766,-0.0009850000000000002,0.316269
-0.000984,0.215766,-0.000984,0.517274
-0.0009830000000000001,0.215766,-0.0009830000000000001,0.316269
-0.000982,0.215766,-0.000982,0.316269
-0.000981,0.215766,-0.000981,0.316269
-0.0009800000000000002,0.416772,-0.0009800000000000002,0.517274
-0.000979,0.215766,-0.000979,0.718279
-0.0009780000000000001,0.215766,-0.0009780000000000001,0.517274
-0.0009770000000000002,0.215766,-0.0009770000000000002,0.718279
-0.0009760000000000001,0.617777,-0.0009760000000000001,0.718279
-0.0009750000000000002,0.617777,-0.0009750000000000002,0.718279
-0.000974,0.617777,-0.000974,0.718279
-0.0009730000000000001,0.416772,-0.0009730000000000001,0.718279
-0.0009720000000000002,0.617777,-0.0009720000000000002,0.718279
-0.0009710000000000001,0.617777,-0.0009710000000000001,0.919284
-0.0009700000000000002,0.617777,-0.0009700000000000002,0.718279
-0.000969,0.818782,-0.000969,0.919284
-0.0009680000000000001,0.818782,-0.0009680000000000001,0.919284
-0.0009670000000000002,0.818782,-0.0009670000000000002,0.919284
-0.0009660000000000001,0.818782,-0.0009660000000000001,0.919284
-0.0009650000000000001,1.01979,-0.0009650000000000001,1.12029
-0.000964,1.01979,-0.000964,0.919284
-0.0009630000000000001,0.818782,-0.0009630000000000001,1.32129
-0.0009620000000000002,0.818782,-0.0009620000000000002,1.12029
-0.000961,1.01979,-0.000961,1.12029
-0.0009600000000000001,1.01979,-0.0009600000000000001,1.12029
-0.0009590000000000002,1.01979,-0.0009590000000000002,1.12029
-0.0009580000000000001,1.22079,-0.0009580000000000001,1.12029
-0.0009570000000000002,1.22079,-0.0009570000000000002,1.32129
-0.000956,1.22079,-0.000956,1.32129
-0.0009550000000000001,1.22079,-0.0009550000000000001,1.32129
-0.0009540000000000002,1.22079,-0.0009540000000000002,1.5223
-0.0009530000000000001,1.4218,-0.0009530000000000001,1.5223
-0.0009520000000000002,1.4218,-0.0009520000000000002,1.5223
-0.000951,1.4218,-0.000951,1.32129
-0.0009500000000000001,1.22079,-0.0009500000000000001,1.5223
-0.0009490000000000002,1.4218,-0.0009490000000000002,1.5223
-0.0009480000000000001,1.22079,-0.0009480000000000001,1.7233
-0.0009470000000000001,1.6228,-0.0009470000000000001,1.7233
-0.0009460000000000002,1.4218,-0.0009460000000000002,1.7233
-0.0009450000000000001,1.4218,-0.0009450000000000001,1.7233
-0.0009440000000000002,1.6228,-0.0009440000000000002,1.7233
-0.000943,1.6228,-0.000943,1.7233
-0.0009420000000000001,1.4218,-0.0009420000000000001,1.5223
-0.0009410000000000002,1.82381,-0.0009410000000000002,1.92431
-0.0009400000000000001,1.6228,-0.0009400000000000001,1.7233
-0.0009390000000000002,1.6228,-0.0009390000000000002,1.7233
-0.000938,1.82381,-0.000938,1.92431
-0.0009370000000000001,1.82381,-0.0009370000000000001,2.12531
-0.0009360000000000002,1.82381,-0.0009360000000000002,1.92431
-0.0009350000000000001,1.82381,-0.0009350000000000001,1.92431
-0.0009340000000000002,1.82381,-0.0009340000000000002,2.12531
-0.000933,1.82381,-0.000933,1.92431
-0.0009320000000000001,2.02481,-0.0009320000000000001,2.12531
-0.0009310000000000002,2.02481,-0.0009310000000000002,2.12531
-0.00093,2.02481,-0.00093,2.12531
-0.0009290000000000001,2.02481,-0.0009290000000000001,2.12531
-0.0009280000000000002,2.02481,-0.0009280000000000002,2.12531
-0.0009270000000000001,2.02481,-0.0009270000000000001,2.12531
-0.0009260000000000002,2.02481,-0.0009260000000000002,2.32632
-0.000925,2.02481,-0.000925,2.32632
-0.0009240000000000001,2.22582,-0.0009240000000000001,2.32632
-0.0009230000000000002,2.42682,-0.0009230000000000002,2.32632
-0.0009220000000000001,2.42682,-0.0009220000000000001,2.32632
-0.0009210000000000002,2.22582,-0.0009210000000000002,2.32632
-0.00092,2.42682,-0.00092,2.32632
-0.0009190000000000001,2.42682,-0.0009190000000000001,2.32632
-0.0009180000000000002,2.42682,-0.0009180000000000002,2.52732
-0.0009170000000000001,2.42682,-0.0009170000000000001,2.52732
-0.0009160000000000001,2.42682,-0.0009160000000000001,2.52732
-0.0009150000000000002,2.42682,-0.0009150000000000002,2.52732
-0.0009140000000000001,2.42682,-0.0009140000000000001,2.52732
-0.0009130000000000002,2.62783,-0.0009130000000000002,2.52732
-0.000912,2.42682,-0.000912,2.72833
-0.0009110000000000001,2.62783,-0.0009110000000000001,2.72833
-0.0009100000000000002,2.62783,-0.0009100000000000002,2.72833
-0.0009090000000000001,2.62783,-0.0009090000000000001,2.72833
-0.0009080000000000002,2.62783,-0.0009080000000000002,2.92933
-0.000907,2.82883,-0.000907,2.52732
-0.0009060000000000001,3.02984,-0.0009060000000000001,2.92933
-0.0009050000000000002,2.82883,-0.0009050000000000002,2.92933
-0.0009040000000000001,2.82883,-0.0009040000000000001,2.92933
-0.0009030000000000002,2.82883,-0.0009030000000000002,2.92933
-0.000902,3.02984,-0.000902,2.92933
-0.0009010000000000001,2.82883,-0.0009010000000000001,2.92933
-0.0009000000000000002,3.02984,-0.0009000000000000002,2.92933
-0.0008990000000000001,3.23084,-0.0008990000000000001,2.92933
-0.0008980000000000001,2.82883,-0.0008980000000000001,2.92933
-0.0008970000000000002,3.02984,-0.0008970000000000002,3.13034
-0.0008960000000000001,3.02984,-0.0008960000000000001,2.92933
-0.0008950000000000002,3.02984,-0.0008950000000000002,3.13034
-0.000894,3.23084,-0.000894,3.33134
-0.0008930000000000001,3.43185,-0.0008930000000000001,3.13034
-0.0008920000000000002,3.43185,-0.0008920000000000002,3.13034
-0.0008910000000000001,3.23084,-0.0008910000000000001,3.33134
-0.0008900000000000002,3.23084,-0.0008900000000000002,3.33134
-0.000889,3.43185,-0.000889,3.33134
-0.0008880000000000001,3.43185,-0.0008880000000000001,3.33134
-0.0008870000000000002,3.43185,-0.0008870000000000002,3.33134
-0.0008860000000000001,3.43185,-0.0008860000000000001,3.33134
-0.0008850000000000002,3.43185,-0.0008850000000000002,3.53235
-0.000884,3.43185,-0.000884,3.33134
-0.0008830000000000001,3.43185,-0.0008830000000000001,3.53235
-0.0008820000000000002,3.63285,-0.0008820000000000002,3.53235
-0.0008810000000000001,3.43185,-0.0008810000000000001,3.53235
-0.0008800000000000001,3.43185,-0.0008800000000000001,3.53235
-0.0008790000000000002,3.63285,-0.0008790000000000002,3.73335
-0.0008780000000000001,3.63285,-0.0008780000000000001,3.73335
-0.0008770000000000002,3.63285,-0.0008770000000000002,3.73335
-0.000876,3.83386,-0.000876,3.53235
-0.0008750000000000001,3.63285,-0.0008750000000000001,3.73335
-0.0008740000000000002,3.63285,-0.0008740000000000002,3.73335
-0.0008730000000000001,3.83386,-0.0008730000000000001,3.73335
-0.0008720000000000002,3.83386,-0.0008720000000000002,3.73335
-0.000871,3.83386,-0.000871,3.73335
-0.0008700000000000001,3.83386,-0.0008700000000000001,3.73335
-0.0008690000000000002,3.83386,-0.0008690000000000002,3.73335
-0.0008680000000000001,4.03486,-0.0008680000000000001,3.73335
-0.0008670000000000001,4.03486,-0.0008670000000000001,3.93436
-0.0008660000000000002,4.03486,-0.0008660000000000002,3.73335
-0.0008650000000000001,3.83386,-0.0008650000000000001,3.93436
-0.0008640000000000002,4.03486,-0.0008640000000000002,3.93436
-0.000863,4.03486,-0.000863,3.93436
-0.0008620000000000001,4.03486,-0.0008620000000000001,3.93436
-0.0008610000000000002,4.23587,-0.0008610000000000002,3.93436
-0.0008600000000000001,4.23587,-0.0008600000000000001,3.93436
-0.0008590000000000002,4.03486,-0.0008590000000000002,3.93436
-0.000858,4.03486,-0.000858,3.93436
-0.0008570000000000001,4.23587,-0.0008570000000000001,4.13536
-0.0008560000000000002,4.23587,-0.0008560000000000002,4.13536
-0.0008550000000000001,4.23587,-0.0008550000000000001,3.93436
-0.0008540000000000002,4.23587,-0.0008540000000000002,4.13536
-0.000853,4.23587,-0.000853,4.33637
-0.0008520000000000001,4.43687,-0.0008520000000000001,4.13536
-0.0008510000000000002,4.23587,-0.0008510000000000002,4.13536
-0.0008500000000000001,4.43687,-0.0008500000000000001,4.13536
-0.0008490000000000001,4.43687,-0.0008490000000000001,4.13536
-0.0008480000000000002,4.43687,-0.0008480000000000002,4.33637
-0.0008470000000000001,4.43687,-0.0008470000000000001,4.53737
-0.0008460000000000002,4.43687,-0.0008460000000000002,4.33637
-0.000845,4.43687,-0.000845,4.33637
-0.0008440000000000001,4.23587,-0.0008440000000000001,4.33637
-0.0008430000000000002,4.63788,-0.0008430000000000002,4.33637
-0.0008420000000000001,4.63788,-0.0008420000000000001,4.33637
-0.0008410000000000002,4.43687,-0.0008410000000000002,4.53737
-0.00084,4.43687,-0.00084,4.33637
-0.0008390000000000001,4.63788,-0.0008390000000000001,4.53737
-0.0008380000000000002,4.63788,-0.0008380000000000002,4.53737
-0.0008370000000000001,4.63788,-0.0008370000000000001,4.53737
-0.0008360000000000002,4.63788,-0.0008360000000000002,4.53737
-0.000835,4.63788,-0.000835,4.73838
-0.0008340000000000001,4.63788,-0.0008340000000000001,4.53737
-0.0008330000000000002,4.63788,-0.0008330000000000002,4.53737
-0.0008320000000000001,4.83888,-0.0008320000000000001,4.53737
-0.0008310000000000001,4.83888,-0.0008310000000000001,4.53737
-0.0008300000000000002,4.63788,-0.0008300000000000002,4.53737
-0.0008290000000000001,4.63788,-0.0008290000000000001,4.53737
-0.0008280000000000002,4.83888,-0.0008280000000000002,4.53737
-0.000827,4.83888,-0.000827,4.73838
-0.0008260000000000001,4.83888,-0.0008260000000000001,4.73838
-0.0008250000000000002,4.63788,-0.0008250000000000002,4.53737
-0.0008240000000000001,4.83888,-0.0008240000000000001,4.73838
-0.0008230000000000002,4.83888,-0.0008230000000000002,4.73838
-0.000822,5.03989,-0.000822,4.73838
-0.0008210000000000001,4.83888,-0.0008210000000000001,4.93938
-0.0008200000000000002,4.83888,-0.0008200000000000002,4.73838
-0.0008190000000000001,5.03989,-0.0008190000000000001,4.73838
-0.0008180000000000002,5.03989,-0.0008180000000000002,4.73838
-0.0008170000000000002,4.83888,-0.0008170000000000002,4.73838
-0.0008160000000000001,5.03989,-0.0008160000000000001,4.73838
-0.0008150000000000002,5.03989,-0.0008150000000000002,4.93938
-0.000814,5.03989,-0.000814,4.73838
-0.0008130000000000001,5.03989,-0.0008130000000000001,4.73838
-0.0008120000000000002,4.83888,-0.0008120000000000002,4.93938
-0.0008110000000000001,5.24089,-0.0008110000000000001,4.73838
-0.0008100000000000002,5.24089,-0.0008100000000000002,4.73838
-0.000809,5.03989,-0.000809,4.93938
-0.0008080000000000001,5.03989,-0.0008080000000000001,4.93938
-0.0008070000000000002,5.24089,-0.0008070000000000002,5.14039
-0.0008060000000000001,5.24089,-0.0008060000000000001,4.93938
-0.0008050000000000002,5.24089,-0.0008050000000000002,4.93938
-0.000804,5.03989,-0.000804,4.93938
-0.0008030000000000001,5.03989,-0.0008030000000000001,5.14039
-0.0008020000000000002,5.03989,-0.0008020000000000002,5.14039
-0.0008010000000000001,5.24089,-0.0008010000000000001,5.14039
-0.0008000000000000001,5.24089,-0.0008000000000000001,4.93938
-0.0007990000000000002,5.24089,-0.0007990000000000002,5.14039
-0.0007980000000000001,5.24089,-0.0007980000000000001,4.93938
-0.0007970000000000002,5.24089,-0.0007970000000000002,5.14039
-0.000796,5.24089,-0.000796,5.14039
-0.0007950000000000001,5.4419,-0.0007950000000000001,5.14039
-0.0007940000000000002,5.4419,-0.0007940000000000002,5.14039
-0.0007930000000000001,5.24089,-0.0007930000000000001,5.14039
-0.0007920000000000002,5.24089,-0.0007920000000000002,5.34139
-0.000791,5.24089,-0.000791,5.14039
-0.0007900000000000001,5.24089,-0.0007900000000000001,5.14039
-0.0007890000000000002,5.4419,-0.0007890000000000002,5.14039
-0.0007880000000000001,5.24089,-0.0007880000000000001,5.14039
-0.0007870000000000002,5.4419,-0.0007870000000000002,5.34139
-0.000786,5.6429,-0.000786,5.34139
-0.0007850000000000001,5.24089,-0.0007850000000000001,5.34139
-0.0007840000000000002,5.4419,-0.0007840000000000002,5.34139
-0.0007830000000000001,5.4419,-0.0007830000000000001,5.14039
-0.0007820000000000001,5.4419,-0.0007820000000000001,5.14039
-0.0007810000000000002,5.4419,-0.0007810000000000002,5.34139
-0.0007800000000000001,5.24089,-0.0007800000000000001,5.34139
-0.0007790000000000002,5.4419,-0.0007790000000000002,5.34139
-0.000778,5.24089,-0.000778,5.34139
-0.0007770000000000001,5.4419,-0.0007770000000000001,5.34139
-0.0007760000000000002,5.4419,-0.0007760000000000002,5.34139
-0.0007750000000000001,5.4419,-0.0007750000000000001,5.14039
-0.0007740000000000002,5.6429,-0.0007740000000000002,5.34139
-0.000773,5.4419,-0.000773,5.14039
-0.0007720000000000001,5.4419,-0.0007720000000000001,5.14039
-0.0007710000000000002,5.4419,-0.0007710000000000002,5.34139
-0.0007700000000000001,5.6429,-0.0007700000000000001,5.34139
-0.0007690000000000002,5.4419,-0.0007690000000000002,5.14039
-0.0007680000000000002,5.4419,-0.0007680000000000002,5.34139
-0.0007670000000000001,5.4419,-0.0007670000000000001,5.34139
-0.0007660000000000002,5.6429,-0.0007660000000000002,5.34139
-0.0007650000000000001,5.4419,-0.0007650000000000001,5.34139
-0.0007640000000000001,5.4419,-0.0007640000000000001,5.34139
-0.0007630000000000002,5.4419,-0.0007630000000000002,5.34139
-0.0007620000000000001,5.4419,-0.0007620000000000001,5.34139
-0.0007610000000000002,5.6429,-0.0007610000000000002,5.5424
-0.00076,5.6429,-0.00076,5.34139
-0.0007590000000000001,5.4419,-0.0007590000000000001,5.34139
-0.0007580000000000002,5.6429,-0.0007580000000000002,5.34139
-0.0007570000000000001,5.6429,-0.0007570000000000001,5.34139
-0.0007560000000000002,5.6429,-0.0007560000000000002,5.34139
-0.000755,5.6429,-0.000755,5.5424
-0.0007540000000000001,5.6429,-0.0007540000000000001,5.34139
-0.0007530000000000002,5.6429,-0.0007530000000000002,5.34139
-0.0007520000000000001,5.6429,-0.0007520000000000001,5.5424
-0.0007510000000000001,5.6429,-0.0007510000000000001,5.34139
-0.0007500000000000002,5.6429,-0.0007500000000000002,5.5424
-0.0007490000000000001,5.4419,-0.0007490000000000001,5.5424
-0.0007480000000000002,5.6429,-0.0007480000000000002,5.5424
-0.000747,5.6429,-0.000747,5.5424
-0.0007460000000000001,5.6429,-0.0007460000000000001,5.34139
-0.0007450000000000002,5.6429,-0.0007450000000000002,5.5424
-0.0007440000000000001,5.6429,-0.0007440000000000001,5.34139
-0.0007430000000000002,5.6429,-0.0007430000000000002,5.34139
-0.000742,5.6429,-0.000742,5.34139
-0.0007410000000000001,5.6429,-0.0007410000000000001,5.34139
-0.0007400000000000002,5.6429,-0.0007400000000000002,5.34139
-0.0007390000000000001,5.4419,-0.0007390000000000001,5.34139
-0.0007380000000000002,5.4419,-0.0007380000000000002,5.34139
-0.000737,5.6429,-0.000737,5.5424
-0.0007360000000000001,5.6429,-0.0007360000000000001,5.34139
-0.0007350000000000002,5.6429,-0.0007350000000000002,5.5424
-0.0007340000000000001,5.6429,-0.0007340000000000001,5.5424
-0.0007330000000000001,5.6429,-0.0007330000000000001,5.5424
-0.0007320000000000002,5.6429,-0.0007320000000000002,5.5424
-0.0007310000000000001,5.6429,-0.0007310000000000001,5.34139
-0.0007300000000000002,5.6429,-0.0007300000000000002,5.34139
-0.000729,5.6429,-0.000729,5.5424
-0.0007280000000000001,5.6429,-0.0007280000000000001,5.34139
-0.0007270000000000002,5.4419,-0.0007270000000000002,5.5424
-0.0007260000000000001,5.84391,-0.0007260000000000001,5.34139
-0.0007250000000000002,5.6429,-0.0007250000000000002,5.5424
-0.000724,5.6429,-0.000724,5.34139
-0.0007230000000000001,5.6429,-0.0007230000000000001,5.5424
-0.0007220000000000002,5.6429,-0.0007220000000000002,5.5424
-0.0007210000000000001,5.6429,-0.0007210000000000001,5.34139
-0.0007200000000000002,5.6429,-0.0007200000000000002,5.34139
-0.0007190000000000002,5.4419,-0.0007190000000000002,5.34139
-0.0007180000000000001,5.6429,-0.0007180000000000001,5.34139
-0.0007170000000000002,5.4419,-0.0007170000000000002,5.5424
-0.0007160000000000001,5.4419,-0.0007160000000000001,5.34139
-0.0007150000000000001,5.6429,-0.0007150000000000001,5.34139
-0.0007140000000000002,5.4419,-0.0007140000000000002,5.34139
-0.0007130000000000001,5.4419,-0.0007130000000000001,5.34139
-0.0007120000000000002,5.6429,-0.0007120000000000002,5.34139
-0.000711,5.4419,-0.000711,5.34139
-0.0007100000000000001,5.4419,-0.0007100000000000001,5.34139
-0.0007090000000000002,5.4419,-0.0007090000000000002,5.14039
-0.0007080000000000001,5.4419,-0.0007080000000000001,5.14039
-0.0007070000000000002,5.24089,-0.0007070000000000002,5.34139
-0.000706,5.24089,-0.000706,5.14039
-0.0007050000000000001,5.4419,-0.0007050000000000001,5.34139
-0.0007040000000000002,5.24089,-0.0007040000000000002,5.14039
-0.0007030000000000001,5.4419,-0.0007030000000000001,5.14039
-0.0007020000000000001,5.24089,-0.0007020000000000001,4.93938
-0.0007010000000000002,5.24089,-0.0007010000000000002,5.14039
-0.0007000000000000001,5.24089,-0.0007000000000000001,5.14039
-0.0006990000000000002,5.24089,-0.0006990000000000002,5.14039
-0.000698,5.24089,-0.000698,5.14039
-0.0006970000000000001,5.24089,-0.0006970000000000001,5.14039
-0.0006960000000000002,5.24089,-0.0006960000000000002,5.14039
-0.0006950000000000001,5.24089,-0.0006950000000000001,5.14039
-0.0006940000000000002,5.4419,-0.0006940000000000002,5.14039
-0.000693,5.24089,-0.000693,5.14039
-0.0006920000000000001,5.24089,-0.0006920000000000001,5.14039
-0.0006910000000000002,5.24089,-0.0006910000000000002,4.93938
-0.0006900000000000001,5.24089,-0.0006900000000000001,4.93938
-0.0006890000000000002,5.03989,-0.0006890000000000002,4.93938
-0.000688,5.24089,-0.000688,4.93938
-0.0006870000000000001,5.24089,-0.0006870000000000001,4.93938
-0.0006860000000000002,5.24089,-0.0006860000000000002,4.93938
-0.0006850000000000001,5.03989,-0.0006850000000000001,4.93938
-0.0006840000000000001,5.03989,-0.0006840000000000001,4.93938
-0.0006830000000000002,5.03989,-0.0006830000000000002,4.93938
-0.0006820000000000001,5.03989,-0.0006820000000000001,4.73838
-0.0006810000000000002,5.03989,-0.0006810000000000002,4.73838
-0.00068,5.03989,-0.00068,4.73838
-0.0006790000000000001,5.03989,-0.0006790000000000001,4.93938
-0.0006780000000000002,5.03989,-0.0006780000000000002,4.73838
-0.0006770000000000001,5.03989,-0.0006770000000000001,4.93938
-0.0006760000000000002,4.83888,-0.0006760000000000002,4.73838
-0.000675,4.83888,-0.000675,4.73838
-0.0006740000000000001,4.83888,-0.0006740000000000001,4.73838
-0.0006730000000000002,4.83888,-0.0006730000000000002,4.73838
-0.0006720000000000001,5.03989,-0.0006720000000000001,4.73838
-0.0006710000000000002,4.83888,-0.0006710000000000002,4.73838
-0.0006700000000000002,4.83888,-0.0006700000000000002,4.73838
-0.0006690000000000001,4.83888,-0.0006690000000000001,4.73838
-0.0006680000000000002,4.83888,-0.0006680000000000002,4.73838
-0.0006670000000000001,4.83888,-0.0006670000000000001,4.53737
-0.0006660000000000001,4.83888,-0.0006660000000000001,4.53737
-0.0006650000000000002,4.63788,-0.0006650000000000002,4.53737
-0.0006640000000000001,4.63788,-0.0006640000000000001,4.53737
-0.0006630000000000002,4.83888,-0.0006630000000000002,4.73838
-0.000662,4.63788,-0.000662,4.73838
-0.0006610000000000001,4.83888,-0.0006610000000000001,4.53737
-0.0006600000000000002,4.83888,-0.0006600000000000002,4.33637
-0.0006590000000000001,4.83888,-0.0006590000000000001,4.53737
-0.0006580000000000002,4.63788,-0.0006580000000000002,4.53737
-0.000657,4.83888,-0.000657,4.53737
-0.0006560000000000001,4.83888,-0.0006560000000000001,4.53737
-0.0006550000000000002,4.63788,-0.0006550000000000002,4.53737
-0.0006540000000000001,4.63788,-0.0006540000000000001,4.53737
-0.0006530000000000002,4.63788,-0.0006530000000000002,4.53737
-0.0006520000000000002,4.63788,-0.0006520000000000002,4.33637
-0.0006510000000000001,4.43687,-0.0006510000000000001,4.33637
-0.0006500000000000002,4.43687,-0.0006500000000000002,4.33637
-0.0006490000000000001,4.43687,-0.0006490000000000001,4.33637
-0.0006480000000000001,4.43687,-0.0006480000000000001,4.33637
-0.0006470000000000002,4.43687,-0.0006470000000000002,4.33637
-0.0006460000000000001,4.63788,-0.0006460000000000001,4.33637
-0.0006450000000000002,4.43687,-0.0006450000000000002,4.33637
-0.000644,4.23587,-0.000644,4.33637
-0.0006430000000000001,4.23587,-0.0006430000000000001,4.13536
-0.0006420000000000002,4.23587,-0.0006420000000000002,4.13536
-0.0006410000000000001,4.43687,-0.0006410000000000001,4.13536
-0.0006400000000000002,4.43687,-0.0006400000000000002,4.13536
-0.000639,4.43687,-0.000639,4.13536
-0.0006380000000000001,4.23587,-0.0006380000000000001,4.13536
-0.0006370000000000002,4.23587,-0.0006370000000000002,4.13536
-0.0006360000000000001,4.23587,-0.0006360000000000001,4.13536
-0.0006350000000000001,4.23587,-0.0006350000000000001,4.13536
-0.0006340000000000002,4.43687,-0.0006340000000000002,3.93436
-0.0006330000000000001,4.03486,-0.0006330000000000001,4.13536
-0.0006320000000000002,4.03486,-0.0006320000000000002,3.93436
-0.000631,4.03486,-0.000631,3.93436
-0.0006300000000000001,4.03486,-0.0006300000000000001,3.93436
-0.0006290000000000002,4.03486,-0.0006290000000000002,3.93436
-0.0006280000000000001,4.03486,-0.0006280000000000001,3.73335
-0.0006270000000000002,3.83386,-0.0006270000000000002,3.73335
-0.000626,4.03486,-0.000626,3.93436
-0.0006250000000000001,4.03486,-0.0006250000000000001,3.93436
-0.0006240000000000002,4.03486,-0.0006240000000000002,3.93436
-0.0006230000000000001,3.83386,-0.0006230000000000001,3.93436
-0.0006220000000000002,3.83386,-0.0006220000000000002,3.73335
-0.0006210000000000002,3.83386,-0.0006210000000000002,3.53235
-0.0006200000000000001,3.83386,-0.0006200000000000001,3.73335
-0.0006190000000000002,3.63285,-0.0006190000000000002,3.73335
-0.0006180000000000001,3.83386,-0.0006180000000000001,3.53235
-0.0006170000000000001,3.63285,-0.0006170000000000001,3.53235
-0.0006160000000000002,3.83386,-0.0006160000000000002,3.53235
-0.0006150000000000001,3.63285,-0.0006150000000000001,3.53235
-0.0006140000000000002,3.83386,-0.0006140000000000002,3.53235
-0.000613,3.63285,-0.000613,3.53235
-0.0006120000000000001,3.63285,-0.0006120000000000001,3.33134
-0.0006110000000000002,3.43185,-0.0006110000000000002,3.33134
-0.0006100000000000001,3.63285,-0.0006100000000000001,3.53235
-0.0006090000000000002,3.63285,-0.0006090000000000002,3.53235
-0.000608,3.63285,-0.000608,3.53235
-0.0006070000000000001,3.23084,-0.0006070000000000001,3.33134
-0.0006060000000000002,3.43185,-0.0006060000000000002,3.33134
-0.0006050000000000001,3.43185,-0.0006050000000000001,3.33134
-0.0006040000000000002,3.43185,-0.0006040000000000002,3.33134
-0.0006030000000000002,3.43185,-0.0006030000000000002,3.33134
-0.0006020000000000001,3.23084,-0.0006020000000000001,3.33134
-0.0006010000000000002,3.23084,-0.0006010000000000002,3.13034
-0.0006000000000000001,3.23084,-0.0006000000000000001,3.13034
-0.0005990000000000001,3.23084,-0.0005990000000000001,3.13034
-0.0005980000000000002,3.23084,-0.0005980000000000002,3.13034
-0.0005970000000000001,3.02984,-0.0005970000000000001,3.13034
-0.0005960000000000002,3.02984,-0.0005960000000000002,2.92933
-0.000595,3.23084,-0.000595,3.13034
-0.0005940000000000001,3.02984,-0.0005940000000000001,3.13034
-0.0005930000000000002,3.02984,-0.0005930000000000002,3.13034
-0.0005920000000000001,3.02984,-0.0005920000000000001,2.92933
-0.0005910000000000002,3.02984,-0.0005910000000000002,2.72833
-0.0005900000000000002,3.02984,-0.0005900000000000002,2.92933
-0.0005890000000000001,2.82883,-0.0005890000000000001,2.92933
-0.0005880000000000002,3.02984,-0.0005880000000000002,2.72833
-0.0005870000000000001,3.02984,-0.0005870000000000001,2.92933
-0.0005860000000000001,3.02984,-0.0005860000000000001,2.72833
-0.0005850000000000002,3.02984,-0.0005850000000000002,2.52732
-0.0005840000000000001,2.82883,-0.0005840000000000001,2.72833
-0.0005830000000000002,3.02984,-0.0005830000000000002,2.72833
-0.000582,2.62783,-0.000582,2.52732
-0.0005810000000000001,2.62783,-0.0005810000000000001,2.72833
-0.0005800000000000002,2.82883,-0.0005800000000000002,2.72833
-0.0005790000000000001,2.62783,-0.0005790000000000001,2.52732
-0.0005780000000000002,2.62783,-0.0005780000000000002,2.52732
-0.000577,2.62783,-0.000577,2.52732
-0.0005760000000000001,2.62783,-0.0005760000000000001,2.52732
-0.0005750000000000002,2.82883,-0.0005750000000000002,2.52732
-0.0005740000000000001,2.42682,-0.0005740000000000001,2.32632
-0.0005730000000000002,2.42682,-0.0005730000000000002,2.32632
-0.0005720000000000002,2.42682,-0.0005720000000000002,2.32632
-0.0005710000000000001,2.42682,-0.0005710000000000001,2.32632
-0.0005700000000000002,2.42682,-0.0005700000000000002,2.32632
-0.0005690000000000001,2.22582,-0.0005690000000000001,2.32632
-0.0005680000000000001,2.22582,-0.0005680000000000001,2.32632
-0.0005670000000000002,2.22582,-0.0005670000000000002,1.92431
-0.0005660000000000001,2.22582,-0.0005660000000000001,2.12531
-0.0005650000000000002,2.42682,-0.0005650000000000002,2.12531
-0.000564,2.22582,-0.000564,1.92431
-0.0005630000000000001,2.02481,-0.0005630000000000001,2.12531
-0.0005620000000000002,2.22582,-0.0005620000000000002,2.12531
-0.0005610000000000001,2.02481,-0.0005610000000000001,1.92431
-0.0005600000000000002,2.22582,-0.0005600000000000002,1.92431
-0.000559,2.02481,-0.000559,1.92431
-0.0005580000000000001,2.02481,-0.0005580000000000001,1.92431
-0.0005570000000000002,2.02481,-0.0005570000000000002,1.92431
-0.0005560000000000001,1.82381,-0.0005560000000000001,1.92431
-0.0005550000000000002,1.82381,-0.0005550000000000002,1.7233
-0.0005540000000000002,2.02481,-0.0005540000000000002,1.7233
-0.0005530000000000001,1.82381,-0.0005530000000000001,1.7233
-0.0005520000000000002,1.82381,-0.0005520000000000002,1.7233
-0.0005510000000000001,1.82381,-0.0005510000000000001,1.7233
-0.0005500000000000001,1.82381,-0.0005500000000000001,1.7233
-0.0005490000000000002,1.6228,-0.0005490000000000002,1.7233
-0.0005480000000000001,1.82381,-0.0005480000000000001,1.7233
-0.0005470000000000002,1.6228,-0.0005470000000000002,1.5223
-0.000546,1.6228,-0.000546,1.32129
-0.0005450000000000003,1.6228,-0.0005450000000000003,1.5223
-0.0005440000000000002,1.4218,-0.0005440000000000002,1.5223
-0.0005430000000000001,1.6228,-0.0005430000000000001,1.5223
-0.000542,1.6228,-0.000542,1.32129
-0.0005410000000000002,1.4218,-0.0005410000000000002,1.32129
-0.0005400000000000001,1.4218,-0.0005400000000000001,1.32129
-0.000539,1.4218,-0.000539,1.12029
-0.0005380000000000003,1.4218,-0.0005380000000000003,1.32129
-0.0005370000000000002,1.4218,-0.0005370000000000002,1.32129
-0.000536,1.22079,-0.000536,1.12029
-0.0005350000000000003,1.22079,-0.0005350000000000003,1.32129
-0.0005340000000000002,1.22079,-0.0005340000000000002,1.12029
-0.000533,1.4218,-0.000533,1.12029
-0.0005320000000000004,1.01979,-0.0005320000000000004,1.12029
-0.0005310000000000002,1.22079,-0.0005310000000000002,1.12029
-0.0005300000000000001,1.01979,-0.0005300000000000001,1.12029
-0.000529,1.22079,-0.000529,0.919284
-0.0005280000000000003,1.01979,-0.0005280000000000003,1.12029
-0.0005270000000000001,1.01979,-0.0005270000000000001,0.919284
-0.000526,1.01979,-0.000526,0.919284
-0.0005250000000000003,0.818782,-0.0005250000000000003,0.919284
-0.0005240000000000002,0.818782,-0.0005240000000000002,0.718279
-0.000523,0.818782,-0.000523,0.718279
-0.0005220000000000003,0.818782,-0.0005220000000000003,0.718279
-0.0005210000000000002,0.818782,-0.0005210000000000002,0.718279
-0.0005200000000000001,0.818782,-0.0005200000000000001,0.718279
-0.0005189999999999999,0.818782,-0.0005189999999999999,0.517274
-0.0005180000000000002,0.617777,-0.0005180000000000002,0.718279
-0.0005170000000000001,0.617777,-0.0005170000000000001,0.517274
-0.000516,0.617777,-0.000516,0.316269
-0.0005150000000000003,0.416772,-0.0005150000000000003,0.517274
-0.0005140000000000001,0.617777,-0.0005140000000000001,0.517274
-0.000513,0.416772,-0.000513,0.316269
-0.0005120000000000003,0.416772,-0.0005120000000000003,0.316269
-0.0005110000000000002,0.416772,-0.0005110000000000002,0.316269
-0.00051,0.416772,-0.00051,0.316269
-0.0005090000000000003,0.416772,-0.0005090000000000003,0.115264
-0.0005080000000000002,0.416772,-0.0005080000000000002,0.316269
-0.0005070000000000001,0.416772,-0.0005070000000000001,0.316269
-0.0005059999999999999,0.215766,-0.0005059999999999999,0.316269
-0.0005050000000000002,0.215766,-0.0005050000000000002,0.115264
-0.0005040000000000001,0.215766,-0.0005040000000000001,0.316269
-0.000503,0.215766,-0.000503,0.115264
-0.0005020000000000003,0.215766,-0.0005020000000000003,0.115264
-0.0005010000000000001,0.215766,-0.0005010000000000001,-0.085741
-0.0005,0.215766,-0.0005,0.115264
-0.0004990000000000003,0.014761,-0.0004990000000000003,-0.085741
-0.0004980000000000002,0.014761,-0.0004980000000000002,-0.085741
-0.000497,0.014761,-0.000497,-0.085741
-0.0004960000000000003,0.014761,-0.0004960000000000003,-0.085741
-0.0004950000000000002,0.014761,-0.0004950000000000002,-0.085741
-0.0004940000000000001,-0.186244,-0.0004940000000000001,-0.085741
-0.000493,-0.186244,-0.000493,-0.085741
-0.0004920000000000002,-0.186244,-0.0004920000000000002,-0.286746
-0.0004910000000000001,-0.186244,-0.0004910000000000001,-0.085741
-0.00049,-0.186244,-0.00049,-0.286746
-0.0004890000000000003,-0.186244,-0.0004890000000000003,-0.286746
-0.00048800000000000015,-0.186244,-0.00048800000000000015,-0.487751
-0.000487,-0.588254,-0.000487,-0.487751
-0.0004860000000000003,-0.387249,-0.0004860000000000003,-0.487751
-0.0004850000000000002,-0.387249,-0.0004850000000000002,-0.487751
-0.00048400000000000006,-0.387249,-0.00048400000000000006,-0.487751
-0.00048300000000000036,-0.588254,-0.00048300000000000036,-0.487751
-0.0004820000000000002,-0.387249,-0.0004820000000000002,-0.487751
-0.0004810000000000001,-0.387249,-0.0004810000000000001,-0.487751
-0.00047999999999999996,-0.387249,-0.00047999999999999996,-0.688756
-0.00047900000000000026,-0.588254,-0.00047900000000000026,-0.688756
-0.0004780000000000001,-0.588254,-0.0004780000000000001,-0.688756
-0.000477,-0.789259,-0.000477,-0.688756
-0.0004760000000000003,-0.588254,-0.0004760000000000003,-0.889761
-0.00047500000000000016,-0.789259,-0.00047500000000000016,-0.889761
-0.00047400000000000003,-0.789259,-0.00047400000000000003,-0.688756
-0.00047300000000000033,-0.789259,-0.00047300000000000033,-0.688756
-0.0004720000000000002,-0.789259,-0.0004720000000000002,-1.09077
-0.00047100000000000006,-0.789259,-0.00047100000000000006,-1.09077
-0.00046999999999999993,-0.990264,-0.00046999999999999993,-0.889761
-0.00046900000000000023,-0.990264,-0.00046900000000000023,-0.889761
-0.0004680000000000001,-1.19127,-0.0004680000000000001,-1.09077
-0.00046699999999999997,-1.19127,-0.00046699999999999997,-1.09077
-0.00046600000000000027,-0.990264,-0.00046600000000000027,-0.889761
-0.00046500000000000014,-1.19127,-0.00046500000000000014,-1.09077
-0.000464,-1.19127,-0.000464,-1.09077
-0.0004630000000000003,-0.990264,-0.0004630000000000003,-1.09077
-0.00046200000000000017,-1.19127,-0.00046200000000000017,-1.29177
-0.00046100000000000004,-0.990264,-0.00046100000000000004,-1.09077
-0.00046000000000000034,-1.19127,-0.00046000000000000034,-1.29177
-0.0004590000000000002,-1.19127,-0.0004590000000000002,-1.29177
-0.0004580000000000001,-1.19127,-0.0004580000000000001,-1.29177
-0.00045699999999999994,-1.39227,-0.00045699999999999994,-1.29177
-0.00045600000000000024,-1.39227,-0.00045600000000000024,-1.29177
-0.0004550000000000001,-1.39227,-0.0004550000000000001,-1.29177
-0.000454,-1.39227,-0.000454,-1.49278
-0.0004530000000000003,-1.59328,-0.0004530000000000003,-1.49278
-0.00045200000000000014,-1.39227,-0.00045200000000000014,-1.29177
-0.000451,-1.39227,-0.000451,-1.29177
-0.0004500000000000003,-1.39227,-0.0004500000000000003,-1.49278
-0.0004490000000000002,-1.59328,-0.0004490000000000002,-1.49278
-0.00044800000000000005,-1.59328,-0.00044800000000000005,-1.49278
-0.00044700000000000035,-1.59328,-0.00044700000000000035,-1.69378
-0.0004460000000000002,-1.59328,-0.0004460000000000002,-1.69378
-0.0004450000000000001,-1.79428,-0.0004450000000000001,-1.69378
-0.00044399999999999995,-1.79428,-0.00044399999999999995,-1.69378
-0.00044300000000000025,-1.79428,-0.00044300000000000025,-1.69378
-0.0004420000000000001,-1.59328,-0.0004420000000000001,-1.69378
-0.000441,-1.79428,-0.000441,-1.69378
-0.0004400000000000003,-1.79428,-0.0004400000000000003,-1.69378
-0.00043900000000000015,-1.99529,-0.00043900000000000015,-1.89479
-0.000438,-1.99529,-0.000438,-1.89479
-0.0004370000000000003,-1.99529,-0.0004370000000000003,-2.09579
-0.0004360000000000002,-2.19629,-0.0004360000000000002,-1.89479
-0.00043500000000000006,-1.99529,-0.00043500000000000006,-1.89479
-0.00043400000000000036,-1.99529,-0.00043400000000000036,-1.89479
-0.0004330000000000002,-1.99529,-0.0004330000000000002,-1.89479
-0.0004320000000000001,-2.19629,-0.0004320000000000001,-1.89479
-0.00043099999999999996,-2.19629,-0.00043099999999999996,-2.09579
-0.00043000000000000026,-2.19629,-0.00043000000000000026,-2.09579
-0.00042900000000000013,-2.19629,-0.00042900000000000013,-2.09579
-0.000428,-2.19629,-0.000428,-2.2968
-0.0004270000000000003,-2.19629,-0.0004270000000000003,-2.09579
-0.00042600000000000016,-2.19629,-0.00042600000000000016,-2.2968
-0.00042500000000000003,-2.3973,-0.00042500000000000003,-2.2968
-0.00042400000000000033,-2.3973,-0.00042400000000000033,-2.2968
-0.0004230000000000002,-2.3973,-0.0004230000000000002,-2.4978
-0.00042200000000000007,-2.3973,-0.00042200000000000007,-2.4978
-0.00042099999999999993,-2.3973,-0.00042099999999999993,-2.2968
-0.00042000000000000023,-2.3973,-0.00042000000000000023,-2.2968
-0.0004190000000000001,-2.5983,-0.0004190000000000001,-2.2968
-0.00041799999999999997,-2.5983,-0.00041799999999999997,-2.4978
-0.00041700000000000027,-2.79931,-0.00041700000000000027,-2.4978
-0.00041600000000000014,-2.5983,-0.00041600000000000014,-2.4978
-0.000415,-2.79931,-0.000415,-2.4978
-0.0004140000000000003,-2.79931,-0.0004140000000000003,-2.4978
-0.00041300000000000017,-2.79931,-0.00041300000000000017,-2.4978
-0.00041200000000000004,-2.79931,-0.00041200000000000004,-2.4978
-0.00041100000000000034,-2.79931,-0.00041100000000000034,-2.89981
-0.0004100000000000002,-2.79931,-0.0004100000000000002,-2.4978
-0.0004090000000000001,-2.79931,-0.0004090000000000001,-2.69881
-0.00040799999999999994,-3.00031,-0.00040799999999999994,-2.89981
-0.00040700000000000024,-2.79931,-0.00040700000000000024,-2.69881
-0.0004060000000000001,-3.00031,-0.0004060000000000001,-2.89981
-0.000405,-3.20132,-0.000405,-2.69881
-0.0004040000000000003,-3.00031,-0.0004040000000000003,-2.89981
-0.00040300000000000015,-3.00031,-0.00040300000000000015,-2.69881
-0.000402,-3.00031,-0.000402,-2.89981
-0.0004010000000000003,-3.00031,-0.0004010000000000003,-2.89981
-0.0004000000000000002,-3.00031,-0.0004000000000000002,-2.89981
-0.00039900000000000005,-3.20132,-0.00039900000000000005,-2.89981
-0.00039800000000000035,-3.00031,-0.00039800000000000035,-2.89981
-0.0003970000000000002,-3.20132,-0.0003970000000000002,-3.10082
-0.0003960000000000001,-3.20132,-0.0003960000000000001,-2.89981
-0.00039499999999999995,-3.00031,-0.00039499999999999995,-2.89981
-0.00039400000000000025,-3.20132,-0.00039400000000000025,-2.89981
-0.0003930000000000001,-3.40232,-0.0003930000000000001,-2.89981
-0.000392,-3.40232,-0.000392,-3.10082
-0.0003910000000000003,-3.20132,-0.0003910000000000003,-3.10082
-0.00039000000000000016,-3.40232,-0.00039000000000000016,-3.10082
-0.000389,-3.20132,-0.000389,-3.30182
-0.0003880000000000003,-3.40232,-0.0003880000000000003,-3.30182
-0.0003870000000000002,-3.40232,-0.0003870000000000002,-3.30182
-0.00038600000000000006,-3.40232,-0.00038600000000000006,-3.30182
-0.00038500000000000036,-3.40232,-0.00038500000000000036,-3.30182
-0.0003840000000000002,-3.40232,-0.0003840000000000002,-3.30182
-0.0003830000000000001,-3.60333,-0.0003830000000000001,-3.30182
-0.00038199999999999996,-3.60333,-0.00038199999999999996,-3.30182
-0.00038100000000000026,-3.60333,-0.00038100000000000026,-3.50283
-0.00038000000000000013,-3.60333,-0.00038000000000000013,-3.50283
-0.000379,-3.60333,-0.000379,-3.30182
-0.0003780000000000003,-3.80433,-0.0003780000000000003,-3.50283
-0.00037700000000000016,-3.80433,-0.00037700000000000016,-3.50283
-0.00037600000000000003,-3.80433,-0.00037600000000000003,-3.50283
-0.00037500000000000033,-3.80433,-0.00037500000000000033,-3.70383
-0.0003740000000000002,-3.80433,-0.0003740000000000002,-3.50283
-0.00037300000000000007,-3.80433,-0.00037300000000000007,-3.70383
-0.00037199999999999993,-3.80433,-0.00037199999999999993,-3.70383
-0.00037100000000000024,-3.80433,-0.00037100000000000024,-3.70383
-0.0003700000000000001,-4.00534,-0.0003700000000000001,-3.70383
-0.00036899999999999997,-3.80433,-0.00036899999999999997,-3.70383
-0.00036800000000000027,-4.00534,-0.00036800000000000027,-3.70383
-0.00036700000000000014,-4.00534,-0.00036700000000000014,-3.70383
-0.000366,-4.00534,-0.000366,-3.90484
-0.0003650000000000003,-4.20634,-0.0003650000000000003,-3.70383
-0.0003640000000000002,-4.00534,-0.0003640000000000002,-3.70383
-0.00036300000000000004,-4.20634,-0.00036300000000000004,-3.70383
-0.00036200000000000034,-4.20634,-0.00036200000000000034,-3.90484
-0.0003610000000000002,-4.20634,-0.0003610000000000002,-3.90484
-0.0003600000000000001,-4.20634,-0.0003600000000000001,-3.90484
-0.00035899999999999994,-4.00534,-0.00035899999999999994,-3.90484
-0.00035800000000000025,-4.20634,-0.00035800000000000025,-3.90484
-0.0003570000000000001,-4.20634,-0.0003570000000000001,-3.90484
-0.000356,-4.20634,-0.000356,-3.90484
-0.0003550000000000003,-4.20634,-0.0003550000000000003,-3.90484
-0.00035400000000000015,-4.40735,-0.00035400000000000015,-4.10584
-0.000353,-4.20634,-0.000353,-4.30685
-0.0003520000000000003,-4.40735,-0.0003520000000000003,-3.90484
-0.0003510000000000002,-4.40735,-0.0003510000000000002,-4.10584
-0.00035000000000000005,-4.40735,-0.00035000000000000005,-4.10584
-0.00034900000000000035,-4.40735,-0.00034900000000000035,-3.90484
-0.0003480000000000002,-4.40735,-0.0003480000000000002,-4.10584
-0.0003470000000000001,-4.60835,-0.0003470000000000001,-4.30685
-0.00034599999999999995,-4.60835,-0.00034599999999999995,-4.30685
-0.00034500000000000025,-4.60835,-0.00034500000000000025,-4.10584
-0.0003440000000000001,-4.40735,-0.0003440000000000001,-4.30685
-0.000343,-4.60835,-0.000343,-4.10584
-0.0003420000000000003,-4.60835,-0.0003420000000000003,-4.30685
-0.00034100000000000016,-4.60835,-0.00034100000000000016,-4.30685
-0.00034,-4.80936,-0.00034,-4.10584
-0.0003390000000000003,-4.60835,-0.0003390000000000003,-4.30685
-0.0003380000000000002,-4.40735,-0.0003380000000000002,-4.50785
-0.00033700000000000006,-4.40735,-0.00033700000000000006,-4.50785
-0.00033600000000000036,-4.60835,-0.00033600000000000036,-4.50785
-0.00033500000000000023,-4.60835,-0.00033500000000000023,-4.30685
-0.0003340000000000001,-4.60835,-0.0003340000000000001,-4.50785
-0.00033299999999999996,-4.80936,-0.00033299999999999996,-4.30685
-0.00033200000000000026,-4.80936,-0.00033200000000000026,-4.30685
-0.00033100000000000013,-4.60835,-0.00033100000000000013,-4.30685
-0.00033,-4.60835,-0.00033,-4.50785
-0.0003290000000000003,-4.80936,-0.0003290000000000003,-4.50785
-0.00032800000000000017,-4.80936,-0.00032800000000000017,-4.30685
-0.00032700000000000003,-4.80936,-0.00032700000000000003,-4.50785
-0.00032600000000000033,-4.80936,-0.00032600000000000033,-4.50785
-0.0003250000000000002,-5.01036,-0.0003250000000000002,-4.70886
-0.00032400000000000007,-4.80936,-0.00032400000000000007,-4.50785
-0.00032299999999999994,-4.80936,-0.00032299999999999994,-4.50785
-0.00032200000000000024,-4.80936,-0.00032200000000000024,-4.50785
-0.0003210000000000001,-5.01036,-0.0003210000000000001,-4.50785
-0.00031999999999999997,-5.01036,-0.00031999999999999997,-4.50785
-0.0003190000000000003,-5.01036,-0.0003190000000000003,-4.70886
-0.00031800000000000014,-4.80936,-0.00031800000000000014,-4.70886
-0.000317,-5.01036,-0.000317,-4.70886
-0.0003160000000000003,-5.01036,-0.0003160000000000003,-4.70886
-0.0003150000000000002,-5.21137,-0.0003150000000000002,-4.90986
-0.00031400000000000004,-5.01036,-0.00031400000000000004,-4.90986
-0.00031300000000000034,-5.21137,-0.00031300000000000034,-4.70886
-0.0003120000000000002,-5.01036,-0.0003120000000000002,-4.70886
-0.0003110000000000001,-5.01036,-0.0003110000000000001,-4.70886
-0.00030999999999999995,-5.21137,-0.00030999999999999995,-4.90986
-0.00030900000000000025,-5.21137,-0.00030900000000000025,-4.70886
-0.0003080000000000001,-5.21137,-0.0003080000000000001,-4.90986
-0.000307,-5.21137,-0.000307,-4.90986
-0.0003060000000000003,-5.21137,-0.0003060000000000003,-4.90986
-0.00030500000000000015,-5.41237,-0.00030500000000000015,-4.90986
-0.000304,-5.41237,-0.000304,-4.90986
-0.0003030000000000003,-5.21137,-0.0003030000000000003,-4.90986
-0.0003020000000000002,-5.21137,-0.0003020000000000002,-4.90986
-0.00030100000000000005,-5.41237,-0.00030100000000000005,-4.70886
-0.00030000000000000035,-5.21137,-0.00030000000000000035,-4.90986
-0.0002990000000000002,-5.21137,-0.0002990000000000002,-4.70886
-0.0002980000000000001,-5.41237,-0.0002980000000000001,-4.90986
-0.00029699999999999996,-5.21137,-0.00029699999999999996,-4.90986
-0.00029600000000000026,-5.21137,-0.00029600000000000026,-4.90986
-0.0002950000000000001,-5.21137,-0.0002950000000000001,-4.90986
-0.000294,-5.41237,-0.000294,-5.11087
-0.0002930000000000003,-5.41237,-0.0002930000000000003,-4.90986
-0.00029200000000000016,-5.41237,-0.00029200000000000016,-4.90986
-0.000291,-5.21137,-0.000291,-4.90986
-0.0002900000000000003,-5.41237,-0.0002900000000000003,-5.11087
-0.0002890000000000002,-5.41237,-0.0002890000000000002,-5.11087
-0.00028800000000000006,-5.41237,-0.00028800000000000006,-4.90986
-0.00028700000000000036,-5.41237,-0.00028700000000000036,-4.90986
-0.00028600000000000023,-5.41237,-0.00028600000000000023,-5.11087
-0.0002850000000000001,-5.41237,-0.0002850000000000001,-4.90986
-0.00028399999999999996,-5.41237,-0.00028399999999999996,-5.11087
-0.00028300000000000027,-5.41237,-0.00028300000000000027,-4.90986
-0.00028200000000000013,-5.21137,-0.00028200000000000013,-4.90986
-0.000281,-5.41237,-0.000281,-5.11087
-0.0002800000000000003,-5.41237,-0.0002800000000000003,-5.11087
-0.00027900000000000017,-5.41237,-0.00027900000000000017,-5.31187
-0.00027800000000000004,-5.61338,-0.00027800000000000004,-5.11087
-0.00027700000000000034,-5.41237,-0.00027700000000000034,-5.11087
-0.0002760000000000002,-5.41237,-0.0002760000000000002,-4.90986
-0.00027500000000000007,-5.41237,-0.00027500000000000007,-5.11087
-0.00027399999999999994,-5.41237,-0.00027399999999999994,-5.31187
-0.00027300000000000024,-5.41237,-0.00027300000000000024,-5.11087
-0.0002720000000000001,-5.61338,-0.0002720000000000001,-5.11087
-0.000271,-5.41237,-0.000271,-5.31187
-0.0002700000000000003,-5.61338,-0.0002700000000000003,-5.11087
-0.00026900000000000014,-5.61338,-0.00026900000000000014,-5.31187
-0.000268,-5.61338,-0.000268,-5.11087
-0.0002670000000000003,-5.41237,-0.0002670000000000003,-5.11087
-0.0002660000000000002,-5.61338,-0.0002660000000000002,-5.11087
-0.00026500000000000004,-5.61338,-0.00026500000000000004,-5.11087
-0.00026400000000000035,-5.61338,-0.00026400000000000035,-5.11087
-0.0002630000000000002,-5.61338,-0.0002630000000000002,-5.11087
-0.0002620000000000001,-5.41237,-0.0002620000000000001,-5.11087
-0.00026099999999999995,-5.61338,-0.00026099999999999995,-5.11087
-0.00026000000000000025,-5.61338,-0.00026000000000000025,-5.31187
-0.0002590000000000001,-5.61338,-0.0002590000000000001,-5.31187
-0.000258,-5.61338,-0.000258,-5.31187
-0.0002570000000000003,-5.41237,-0.0002570000000000003,-5.11087
-0.00025600000000000015,-5.61338,-0.00025600000000000015,-5.31187
-0.000255,-5.61338,-0.000255,-5.31187
-0.0002540000000000003,-5.61338,-0.0002540000000000003,-5.31187
-0.0002530000000000002,-5.61338,-0.0002530000000000002,-5.11087
-0.00025200000000000005,-5.41237,-0.00025200000000000005,-5.11087
-0.00025100000000000035,-5.61338,-0.00025100000000000035,-5.31187
-0.0002500000000000002,-5.61338,-0.0002500000000000002,-5.31187
-0.0002490000000000001,-5.61338,-0.0002490000000000001,-5.31187
-0.00024799999999999996,-5.61338,-0.00024799999999999996,-5.31187
-0.00024700000000000026,-5.61338,-0.00024700000000000026,-5.51288
-0.0002460000000000001,-5.61338,-0.0002460000000000001,-5.11087
-0.000245,-5.61338,-0.000245,-5.31187
-0.0002440000000000003,-5.61338,-0.0002440000000000003,-5.31187
-0.00024300000000000016,-5.61338,-0.00024300000000000016,-5.31187
-0.00024200000000000003,-5.61338,-0.00024200000000000003,-5.51288
-0.00024100000000000033,-5.61338,-0.00024100000000000033,-5.31187
-0.0002400000000000002,-5.61338,-0.0002400000000000002,-5.31187
-0.00023900000000000006,-5.61338,-0.00023900000000000006,-5.31187
-0.00023800000000000036,-5.41237,-0.00023800000000000036,-5.31187
-0.00023700000000000023,-5.81438,-0.00023700000000000023,-5.31187
-0.0002360000000000001,-5.81438,-0.0002360000000000001,-5.31187
-0.00023499999999999997,-5.61338,-0.00023499999999999997,-5.11087
-0.00023400000000000027,-5.81438,-0.00023400000000000027,-5.11087
-0.00023300000000000013,-5.61338,-0.00023300000000000013,-5.11087
-0.000232,-5.81438,-0.000232,-5.31187
-0.0002310000000000003,-5.61338,-0.0002310000000000003,-5.11087
-0.00023000000000000017,-5.61338,-0.00023000000000000017,-5.31187
-0.00022900000000000004,-5.81438,-0.00022900000000000004,-5.11087
-0.00022800000000000034,-5.81438,-0.00022800000000000034,-5.31187
-0.0002270000000000002,-5.61338,-0.0002270000000000002,-5.11087
-0.00022600000000000007,-5.61338,-0.00022600000000000007,-5.31187
-0.00022499999999999994,-5.61338,-0.00022499999999999994,-5.11087
-0.00022400000000000024,-5.41237,-0.00022400000000000024,-5.31187
-0.0002230000000000001,-5.81438,-0.0002230000000000001,-5.31187
-0.00022199999999999998,-5.61338,-0.00022199999999999998,-5.31187
-0.00022100000000000028,-5.61338,-0.00022100000000000028,-5.31187
-0.00022000000000000014,-5.61338,-0.00022000000000000014,-5.31187
-0.000219,-5.61338,-0.000219,-5.11087
-0.0002180000000000003,-5.61338,-0.0002180000000000003,-5.31187
-0.00021700000000000018,-5.61338,-0.00021700000000000018,-5.31187
-0.00021600000000000005,-5.61338,-0.00021600000000000005,-5.11087
-0.00021500000000000035,-5.61338,-0.00021500000000000035,-5.31187
-0.00021400000000000021,-5.61338,-0.00021400000000000021,-5.31187
-0.00021300000000000008,-5.61338,-0.00021300000000000008,-5.31187
-0.00021199999999999995,-5.61338,-0.00021199999999999995,-5.31187
-0.00021100000000000025,-5.61338,-0.00021100000000000025,-5.31187
-0.00021000000000000012,-5.61338,-0.00021000000000000012,-5.11087
-0.00020899999999999998,-5.61338,-0.00020899999999999998,-5.31187
-0.00020800000000000029,-5.61338,-0.00020800000000000029,-5.31187
-0.00020700000000000015,-5.61338,-0.00020700000000000015,-5.31187
-0.00020600000000000002,-5.61338,-0.00020600000000000002,-5.31187
-0.00020500000000000032,-5.61338,-0.00020500000000000032,-5.31187
-0.0002040000000000002,-5.61338,-0.0002040000000000002,-5.11087
-0.00020300000000000006,-5.41237,-0.00020300000000000006,-5.11087
-0.00020200000000000036,-5.41237,-0.00020200000000000036,-5.11087
-0.00020100000000000022,-5.41237,-0.00020100000000000022,-5.11087
-0.0002000000000000001,-5.41237,-0.0002000000000000001,-5.11087
-0.00019899999999999996,-5.21137,-0.00019899999999999996,-5.11087
-0.00019800000000000026,-5.41237,-0.00019800000000000026,-5.11087
-0.00019700000000000013,-5.41237,-0.00019700000000000013,-5.11087
-0.000196,-5.41237,-0.000196,-5.11087
-0.0001950000000000003,-5.41237,-0.0001950000000000003,-5.11087
-0.00019400000000000016,-5.41237,-0.00019400000000000016,-4.70886
-0.00019300000000000003,-5.21137,-0.00019300000000000003,-5.11087
-0.00019200000000000033,-5.21137,-0.00019200000000000033,-5.11087
-0.0001910000000000002,-5.41237,-0.0001910000000000002,-5.11087
-0.00019000000000000006,-5.21137,-0.00019000000000000006,-4.90986
-0.00018900000000000037,-5.21137,-0.00018900000000000037,-4.90986
-0.00018800000000000023,-5.21137,-0.00018800000000000023,-5.11087
-0.0001870000000000001,-5.41237,-0.0001870000000000001,-4.90986
-0.00018599999999999997,-5.21137,-0.00018599999999999997,-4.90986
-0.00018500000000000027,-5.21137,-0.00018500000000000027,-4.90986
-0.00018400000000000014,-5.21137,-0.00018400000000000014,-4.90986
-0.000183,-5.41237,-0.000183,-4.70886
-0.0001820000000000003,-5.21137,-0.0001820000000000003,-4.90986
-0.00018100000000000017,-5.41237,-0.00018100000000000017,-4.90986
-0.00018000000000000004,-5.21137,-0.00018000000000000004,-4.70886
-0.00017900000000000034,-5.21137,-0.00017900000000000034,-4.90986
-0.0001780000000000002,-5.21137,-0.0001780000000000002,-4.90986
-0.00017700000000000007,-5.21137,-0.00017700000000000007,-4.90986
-0.00017599999999999994,-5.01036,-0.00017599999999999994,-4.70886
-0.00017500000000000024,-5.01036,-0.00017500000000000024,-4.70886
-0.0001740000000000001,-5.01036,-0.0001740000000000001,-4.70886
-0.00017299999999999998,-5.21137,-0.00017299999999999998,-4.70886
-0.00017200000000000028,-5.01036,-0.00017200000000000028,-4.70886
-0.00017100000000000014,-5.01036,-0.00017100000000000014,-4.70886
-0.00017,-5.01036,-0.00017,-4.70886
-0.0001690000000000003,-5.01036,-0.0001690000000000003,-4.50785
-0.00016800000000000018,-5.01036,-0.00016800000000000018,-4.70886
-0.00016700000000000005,-5.01036,-0.00016700000000000005,-4.50785
-0.00016600000000000035,-4.80936,-0.00016600000000000035,-4.50785
-0.00016500000000000022,-4.80936,-0.00016500000000000022,-4.50785
-0.00016400000000000008,-4.80936,-0.00016400000000000008,-4.50785
-0.00016299999999999995,-4.80936,-0.00016299999999999995,-4.70886
-0.00016200000000000025,-4.80936,-0.00016200000000000025,-4.50785
-0.00016100000000000012,-4.80936,-0.00016100000000000012,-4.50785
-0.00015999999999999999,-4.80936,-0.00015999999999999999,-4.50785
-0.0001590000000000003,-4.80936,-0.0001590000000000003,-4.50785
-0.00015800000000000015,-4.80936,-0.00015800000000000015,-4.70886
-0.00015700000000000002,-4.60835,-0.00015700000000000002,-4.50785
-0.00015600000000000032,-5.01036,-0.00015600000000000032,-4.50785
-0.0001550000000000002,-4.60835,-0.0001550000000000002,-4.50785
-0.00015400000000000006,-4.80936,-0.00015400000000000006,-4.50785
-0.00015300000000000036,-4.60835,-0.00015300000000000036,-4.50785
-0.00015200000000000023,-4.60835,-0.00015200000000000023,-4.30685
-0.0001510000000000001,-4.80936,-0.0001510000000000001,-4.30685
-0.00014999999999999996,-4.60835,-0.00014999999999999996,-4.30685
-0.00014900000000000026,-4.60835,-0.00014900000000000026,-4.30685
-0.00014800000000000013,-4.80936,-0.00014800000000000013,-4.30685
-0.000147,-4.60835,-0.000147,-4.30685
-0.0001460000000000003,-4.60835,-0.0001460000000000003,-4.30685
-0.00014500000000000016,-4.60835,-0.00014500000000000016,-4.30685
-0.00014400000000000003,-4.60835,-0.00014400000000000003,-4.10584
-0.00014300000000000033,-4.40735,-0.00014300000000000033,-4.10584
-0.0001420000000000002,-4.40735,-0.0001420000000000002,-4.10584
-0.00014100000000000007,-4.40735,-0.00014100000000000007,-4.10584
-0.00014000000000000037,-4.40735,-0.00014000000000000037,-4.10584
-0.00013900000000000023,-4.60835,-0.00013900000000000023,-4.30685
-0.0001380000000000001,-4.60835,-0.0001380000000000001,-4.10584
-0.00013699999999999997,-4.40735,-0.00013699999999999997,-4.10584
-0.00013600000000000027,-4.20634,-0.00013600000000000027,-4.10584
-0.00013500000000000014,-4.20634,-0.00013500000000000014,-4.10584
-0.000134,-4.20634,-0.000134,-3.90484
-0.0001330000000000003,-4.40735,-0.0001330000000000003,-4.10584
-0.00013200000000000017,-4.20634,-0.00013200000000000017,-3.90484
-0.00013100000000000004,-4.40735,-0.00013100000000000004,-3.90484
-0.00013000000000000034,-4.40735,-0.00013000000000000034,-3.70383
-0.0001290000000000002,-4.20634,-0.0001290000000000002,-3.90484
-0.00012800000000000008,-4.20634,-0.00012800000000000008,-3.90484
-0.00012699999999999994,-4.20634,-0.00012699999999999994,-3.90484
-0.00012600000000000024,-4.20634,-0.00012600000000000024,-3.90484
-0.0001250000000000001,-4.20634,-0.0001250000000000001,-3.90484
-0.00012399999999999998,-4.00534,-0.00012399999999999998,-3.70383
-0.00012300000000000028,-4.20634,-0.00012300000000000028,-3.70383
-0.00012200000000000015,-4.00534,-0.00012200000000000015,-3.70383
-0.00012100000000000001,-4.00534,-0.00012100000000000001,-3.70383
-0.00012000000000000031,-4.00534,-0.00012000000000000031,-3.70383
-0.00011900000000000018,-4.00534,-0.00011900000000000018,-3.70383
-0.00011800000000000005,-4.20634,-0.00011800000000000005,-3.50283
-0.00011700000000000035,-4.00534,-0.00011700000000000035,-3.70383
-0.00011600000000000022,-4.00534,-0.00011600000000000022,-3.50283
-0.00011500000000000008,-4.00534,-0.00011500000000000008,-3.50283
-0.00011399999999999995,-3.80433,-0.00011399999999999995,-3.70383
-0.00011300000000000025,-3.80433,-0.00011300000000000025,-3.70383
-0.00011200000000000012,-3.80433,-0.00011200000000000012,-3.50283
-0.00011099999999999999,-3.80433,-0.00011099999999999999,-3.50283
-0.00011000000000000029,-3.80433,-0.00011000000000000029,-3.70383
-0.00010900000000000016,-3.80433,-0.00010900000000000016,-3.30182
-0.00010800000000000002,-3.60333,-0.00010800000000000002,-3.30182
-0.00010700000000000032,-3.80433,-0.00010700000000000032,-3.30182
-0.00010600000000000019,-3.80433,-0.00010600000000000019,-3.30182
-0.00010500000000000006,-3.60333,-0.00010500000000000006,-3.30182
-0.00010400000000000036,-3.60333,-0.00010400000000000036,-3.30182
-0.00010300000000000023,-3.60333,-0.00010300000000000023,-3.30182
-0.0001020000000000001,-3.60333,-0.0001020000000000001,-3.30182
-0.00010099999999999996,-3.40232,-0.00010099999999999996,-3.30182
-0.00010000000000000026,-3.40232,-0.00010000000000000026,-3.10082
-9.900000000000013e-05,-3.40232,-9.900000000000013e-05,-3.10082
-9.8e-05,-3.40232,-9.8e-05,-3.30182
-9.70000000000003e-05,-3.40232,-9.70000000000003e-05,-3.30182
-9.600000000000017e-05,-3.40232,-9.600000000000017e-05,-3.10082
-9.500000000000003e-05,-3.40232,-9.500000000000003e-05,-3.10082
-9.400000000000033e-05,-3.20132,-9.400000000000033e-05,-3.10082
-9.30000000000002e-05,-3.40232,-9.30000000000002e-05,-2.89981
-9.200000000000007e-05,-3.20132,-9.200000000000007e-05,-3.10082
-9.100000000000037e-05,-3.40232,-9.100000000000037e-05,-2.89981
-9.000000000000024e-05,-3.20132,-9.000000000000024e-05,-2.89981
-8.90000000000001e-05,-3.20132,-8.90000000000001e-05,-2.89981
-8.799999999999997e-05,-3.20132,-8.799999999999997e-05,-2.89981
-8.700000000000027e-05,-3.20132,-8.700000000000027e-05,-2.89981
-8.600000000000014e-05,-3.00031,-8.600000000000014e-05,-2.89981
-8.5e-05,-3.00031,-8.5e-05,-2.69881
-8.400000000000031e-05,-2.79931,-8.400000000000031e-05,-2.69881
-8.300000000000017e-05,-3.00031,-8.300000000000017e-05,-2.69881
-8.200000000000004e-05,-3.00031,-8.200000000000004e-05,-2.69881
-8.100000000000034e-05,-3.00031,-8.100000000000034e-05,-2.69881
-8.000000000000021e-05,-2.79931,-8.000000000000021e-05,-2.4978
-7.900000000000008e-05,-2.79931,-7.900000000000008e-05,-2.4978
-7.800000000000038e-05,-2.79931,-7.800000000000038e-05,-2.69881
-7.700000000000025e-05,-2.79931,-7.700000000000025e-05,-2.69881
-7.600000000000011e-05,-2.5983,-7.600000000000011e-05,-2.4978
-7.499999999999998e-05,-2.79931,-7.499999999999998e-05,-2.4978
-7.400000000000028e-05,-2.5983,-7.400000000000028e-05,-2.4978
-7.300000000000015e-05,-2.5983,-7.300000000000015e-05,-2.4978
-7.200000000000002e-05,-2.5983,-7.200000000000002e-05,-2.4978
-7.100000000000032e-05,-2.79931,-7.100000000000032e-05,-2.2968
-7.000000000000018e-05,-2.5983,-7.000000000000018e-05,-2.2968
-6.900000000000005e-05,-2.3973,-6.900000000000005e-05,-2.2968
-6.800000000000035e-05,-2.5983,-6.800000000000035e-05,-2.2968
-6.700000000000022e-05,-2.3973,-6.700000000000022e-05,-2.2968
-6.600000000000009e-05,-2.19629,-6.600000000000009e-05,-2.2968
-6.499999999999995e-05,-2.5983,-6.499999999999995e-05,-2.09579
-6.400000000000025e-05,-2.3973,-6.400000000000025e-05,-2.09579
-6.300000000000012e-05,-2.3973,-6.300000000000012e-05,-2.2968
-6.199999999999999e-05,-2.19629,-6.199999999999999e-05,-2.09579
-6.100000000000029e-05,-2.19629,-6.100000000000029e-05,-1.89479
-6.000000000000016e-05,-2.19629,-6.000000000000016e-05,-1.89479
-5.9000000000000025e-05,-2.19629,-5.9000000000000025e-05,-1.89479
-5.8000000000000326e-05,-1.99529,-5.8000000000000326e-05,-1.69378
-5.700000000000019e-05,-1.99529,-5.700000000000019e-05,-1.89479
-5.600000000000006e-05,-1.99529,-5.600000000000006e-05,-1.89479
-5.500000000000036e-05,-1.99529,-5.500000000000036e-05,-1.89479
-5.400000000000023e-05,-1.99529,-5.400000000000023e-05,-1.89479
-5.3000000000000096e-05,-1.99529,-5.3000000000000096e-05,-1.69378
-5.199999999999996e-05,-1.79428,-5.199999999999996e-05,-1.89479
-5.1000000000000264e-05,-1.99529,-5.1000000000000264e-05,-1.69378
-5.000000000000013e-05,-1.99529,-5.000000000000013e-05,-1.69378
-4.9e-05,-1.99529,-4.9e-05,-1.69378
-4.80000000000003e-05,-1.99529,-4.80000000000003e-05,-1.69378
-4.700000000000017e-05,-1.79428,-4.700000000000017e-05,-1.69378
-4.6000000000000034e-05,-1.79428,-4.6000000000000034e-05,-1.49278
-4.5000000000000335e-05,-1.79428,-4.5000000000000335e-05,-1.49278
-4.40000000000002e-05,-1.79428,-4.40000000000002e-05,-1.49278
-4.300000000000007e-05,-1.79428,-4.300000000000007e-05,-1.29177
-4.200000000000037e-05,-1.79428,-4.200000000000037e-05,-1.49278
-4.100000000000024e-05,-1.59328,-4.100000000000024e-05,-1.49278
-4.0000000000000105e-05,-1.59328,-4.0000000000000105e-05,-1.29177
-3.899999999999997e-05,-1.39227,-3.899999999999997e-05,-1.29177
-3.800000000000027e-05,-1.59328,-3.800000000000027e-05,-1.29177
-3.700000000000014e-05,-1.39227,-3.700000000000014e-05,-1.09077
-3.600000000000001e-05,-1.59328,-3.600000000000001e-05,-1.09077
-3.500000000000031e-05,-1.39227,-3.500000000000031e-05,-1.09077
-3.4000000000000176e-05,-1.39227,-3.4000000000000176e-05,-1.29177
-3.300000000000004e-05,-1.19127,-3.300000000000004e-05,-1.29177
-3.2000000000000344e-05,-1.39227,-3.2000000000000344e-05,-1.09077
-3.100000000000021e-05,-1.19127,-3.100000000000021e-05,-1.09077
-3.000000000000008e-05,-1.19127,-3.000000000000008e-05,-0.889761
-2.900000000000038e-05,-1.19127,-2.900000000000038e-05,-0.889761
-2.8000000000000247e-05,-1.19127,-2.8000000000000247e-05,-1.09077
-2.7000000000000114e-05,-1.19127,-2.7000000000000114e-05,-0.889761
-2.599999999999998e-05,-1.19127,-2.599999999999998e-05,-0.889761
-2.5000000000000282e-05,-0.990264,-2.5000000000000282e-05,-0.889761
-2.400000000000015e-05,-0.990264,-2.400000000000015e-05,-0.688756
-2.3000000000000017e-05,-0.990264,-2.3000000000000017e-05,-0.688756
-2.2000000000000318e-05,-0.990264,-2.2000000000000318e-05,-0.688756
-2.1000000000000185e-05,-0.990264,-2.1000000000000185e-05,-0.688756
-2.0000000000000052e-05,-0.990264,-2.0000000000000052e-05,-0.487751
-1.9000000000000353e-05,-0.789259,-1.9000000000000353e-05,-0.688756
-1.800000000000022e-05,-0.789259,-1.800000000000022e-05,-0.688756
-1.7000000000000088e-05,-0.789259,-1.7000000000000088e-05,-0.487751
-1.5999999999999955e-05,-0.789259,-1.5999999999999955e-05,-0.487751
-1.5000000000000256e-05,-0.789259,-1.5000000000000256e-05,-0.487751
-1.4000000000000123e-05,-0.588254,-1.4000000000000123e-05,-0.688756
-1.299999999999999e-05,-0.588254,-1.299999999999999e-05,-0.487751
-1.2000000000000292e-05,-0.588254,-1.2000000000000292e-05,-0.487751
-1.1000000000000159e-05,-0.588254,-1.1000000000000159e-05,-0.487751
-1.0000000000000026e-05,-0.588254,-1.0000000000000026e-05,-0.286746
-9.000000000000327e-06,-0.588254,-9.000000000000327e-06,-0.286746
-8.000000000000194e-06,-0.588254,-8.000000000000194e-06,-0.286746
-7.000000000000062e-06,-0.387249,-7.000000000000062e-06,-0.085741
-6.000000000000363e-06,-0.387249,-6.000000000000363e-06,-0.085741
-5.00000000000023e-06,-0.186244,-5.00000000000023e-06,-0.286746
-4.000000000000097e-06,-0.387249,-4.000000000000097e-06,-0.085741
-2.9999999999999645e-06,-0.387249,-2.9999999999999645e-06,0.115264
-2.0000000000002655e-06,-0.186244,-2.0000000000002655e-06,-0.085741
-1.0000000000001327e-06,-0.186244,-1.0000000000001327e-06,0.115264
0.0,-0.186244,0.0,0.115264
9.99999999999699e-07,-0.186244,9.99999999999699e-07,-0.085741
1.9999999999998318e-06,0.014761,1.9999999999998318e-06,0.115264
2.9999999999999645e-06,0.014761,2.9999999999999645e-06,0.115264
3.9999999999996635e-06,0.014761,3.9999999999996635e-06,0.115264
4.999999999999796e-06,0.014761,4.999999999999796e-06,0.115264
5.999999999999929e-06,0.014761,5.999999999999929e-06,0.316269
6.999999999999628e-06,0.014761,6.999999999999628e-06,0.115264
7.99999999999976e-06,0.215766,7.99999999999976e-06,0.316269
8.999999999999894e-06,0.014761,8.999999999999894e-06,0.316269
1.0000000000000026e-05,0.215766,1.0000000000000026e-05,0.316269
1.0999999999999725e-05,0.215766,1.0999999999999725e-05,0.316269
1.1999999999999858e-05,0.215766,1.1999999999999858e-05,0.517274
1.299999999999999e-05,0.215766,1.299999999999999e-05,0.517274
1.399999999999969e-05,0.215766,1.399999999999969e-05,0.316269
1.4999999999999823e-05,0.416772,1.4999999999999823e-05,0.517274
1.5999999999999955e-05,0.416772,1.5999999999999955e-05,0.517274
1.6999999999999654e-05,0.215766,1.6999999999999654e-05,0.718279
1.7999999999999787e-05,0.617777,1.7999999999999787e-05,0.517274
1.899999999999992e-05,0.416772,1.899999999999992e-05,0.718279
1.999999999999962e-05,0.617777,1.999999999999962e-05,0.718279
2.099999999999975e-05,0.416772,2.099999999999975e-05,0.517274
2.1999999999999884e-05,0.617777,2.1999999999999884e-05,0.919284
2.3000000000000017e-05,0.617777,2.3000000000000017e-05,0.718279
2.3999999999999716e-05,0.617777,2.3999999999999716e-05,0.718279
2.499999999999985e-05,0.818782,2.499999999999985e-05,0.919284
2.599999999999998e-05,0.617777,2.599999999999998e-05,0.919284
2.699999999999968e-05,0.818782,2.699999999999968e-05,0.919284
2.7999999999999813e-05,0.617777,2.7999999999999813e-05,0.919284
2.8999999999999946e-05,0.818782,2.8999999999999946e-05,0.919284
2.9999999999999645e-05,0.818782,2.9999999999999645e-05,1.12029
3.099999999999978e-05,0.818782,3.099999999999978e-05,1.12029
3.199999999999991e-05,0.818782,3.199999999999991e-05,0.919284
3.300000000000004e-05,1.01979,3.300000000000004e-05,1.12029
3.399999999999974e-05,1.01979,3.399999999999974e-05,1.12029
3.4999999999999875e-05,1.01979,3.4999999999999875e-05,1.12029
3.600000000000001e-05,1.01979,3.600000000000001e-05,1.12029
3.699999999999971e-05,1.01979,3.699999999999971e-05,1.12029
3.799999999999984e-05,1.01979,3.799999999999984e-05,1.32129
3.899999999999997e-05,1.01979,3.899999999999997e-05,1.32129
3.999999999999967e-05,1.01979,3.999999999999967e-05,1.32129
4.0999999999999804e-05,1.22079,4.0999999999999804e-05,1.32129
4.199999999999994e-05,1.22079,4.199999999999994e-05,1.32129
4.2999999999999636e-05,1.4218,4.2999999999999636e-05,1.5223
4.399999999999977e-05,1.22079,4.399999999999977e-05,1.5223
4.49999999999999e-05,1.4218,4.49999999999999e-05,1.5223
4.6000000000000034e-05,1.4218,4.6000000000000034e-05,1.5223
4.699999999999973e-05,1.4218,4.699999999999973e-05,1.5223
4.7999999999999866e-05,1.4218,4.7999999999999866e-05,1.5223
4.9e-05,1.4218,4.9e-05,1.5223
4.99999999999997e-05,1.4218,4.99999999999997e-05,1.5223
5.099999999999983e-05,1.6228,5.099999999999983e-05,1.5223
5.199999999999996e-05,1.6228,5.199999999999996e-05,1.7233
5.299999999999966e-05,1.6228,5.299999999999966e-05,1.7233
5.3999999999999795e-05,1.6228,5.3999999999999795e-05,1.7233
5.499999999999993e-05,1.82381,5.499999999999993e-05,1.92431
5.5999999999999626e-05,1.82381,5.5999999999999626e-05,1.7233
5.699999999999976e-05,1.6228,5.699999999999976e-05,1.92431
5.799999999999989e-05,1.6228,5.799999999999989e-05,1.92431
5.9000000000000025e-05,1.82381,5.9000000000000025e-05,1.92431
5.9999999999999724e-05,1.82381,5.9999999999999724e-05,1.92431
6.0999999999999856e-05,1.82381,6.0999999999999856e-05,1.92431
6.199999999999999e-05,1.82381,6.199999999999999e-05,1.92431
6.299999999999969e-05,1.82381,6.299999999999969e-05,1.92431
6.399999999999982e-05,1.82381,6.399999999999982e-05,1.92431
6.499999999999995e-05,2.02481,6.499999999999995e-05,2.12531
6.599999999999965e-05,2.02481,6.599999999999965e-05,2.12531
6.699999999999979e-05,2.22582,6.699999999999979e-05,2.12531
6.799999999999992e-05,2.02481,6.799999999999992e-05,2.12531
6.899999999999962e-05,2.22582,6.899999999999962e-05,2.12531
6.999999999999975e-05,2.22582,6.999999999999975e-05,2.32632
7.099999999999988e-05,2.22582,7.099999999999988e-05,2.32632
7.200000000000002e-05,2.22582,7.200000000000002e-05,2.32632
7.299999999999971e-05,2.22582,7.299999999999971e-05,2.32632
7.399999999999985e-05,2.42682,7.399999999999985e-05,2.52732
7.499999999999998e-05,2.42682,7.499999999999998e-05,2.32632
7.599999999999968e-05,2.62783,7.599999999999968e-05,2.32632
7.699999999999981e-05,2.42682,7.699999999999981e-05,2.52732
7.799999999999994e-05,2.42682,7.799999999999994e-05,2.32632
7.899999999999964e-05,2.42682,7.899999999999964e-05,2.52732
7.999999999999978e-05,2.42682,7.999999999999978e-05,2.52732
8.099999999999991e-05,2.62783,8.099999999999991e-05,2.52732
8.200000000000004e-05,2.62783,8.200000000000004e-05,2.72833
8.299999999999974e-05,2.62783,8.299999999999974e-05,2.72833
8.399999999999987e-05,2.62783,8.399999999999987e-05,2.52732
8.5e-05,2.62783,8.5e-05,2.52732
8.59999999999997e-05,2.62783,8.59999999999997e-05,2.52732
8.699999999999984e-05,2.62783,8.699999999999984e-05,2.72833
8.799999999999997e-05,2.62783,8.799999999999997e-05,2.92933
8.899999999999967e-05,2.82883,8.899999999999967e-05,2.72833
8.99999999999998e-05,2.82883,8.99999999999998e-05,2.92933
9.099999999999994e-05,2.82883,9.099999999999994e-05,2.92933
9.199999999999963e-05,2.82883,9.199999999999963e-05,2.72833
9.299999999999977e-05,3.02984,9.299999999999977e-05,3.13034
9.39999999999999e-05,2.82883,9.39999999999999e-05,2.92933
9.500000000000003e-05,3.02984,9.500000000000003e-05,2.92933
9.599999999999973e-05,3.02984,9.599999999999973e-05,2.92933
9.699999999999986e-05,3.02984,9.699999999999986e-05,3.13034
9.8e-05,3.02984,9.8e-05,3.13034
9.89999999999997e-05,3.23084,9.89999999999997e-05,3.13034
9.999999999999983e-05,3.23084,9.999999999999983e-05,3.13034
0.00010099999999999996,3.23084,0.00010099999999999996,3.13034
0.00010199999999999966,3.43185,0.00010199999999999966,3.33134
0.00010299999999999979,3.23084,0.00010299999999999979,3.33134
0.00010399999999999993,3.23084,0.00010399999999999993,3.33134
0.00010499999999999962,3.23084,0.00010499999999999962,3.33134
0.00010599999999999976,3.23084,0.00010599999999999976,3.33134
0.00010699999999999989,3.43185,0.00010699999999999989,3.33134
0.00010800000000000002,3.43185,0.00010800000000000002,3.33134
0.00010899999999999972,3.43185,0.00010899999999999972,3.33134
0.00010999999999999985,3.43185,0.00010999999999999985,3.33134
0.00011099999999999999,3.43185,0.00011099999999999999,3.33134
0.00011199999999999969,3.43185,0.00011199999999999969,3.53235
0.00011299999999999982,3.43185,0.00011299999999999982,3.53235
0.00011399999999999995,3.43185,0.00011399999999999995,3.33134
0.00011499999999999965,3.63285,0.00011499999999999965,3.53235
0.00011599999999999978,3.43185,0.00011599999999999978,3.53235
0.00011699999999999992,3.43185,0.00011699999999999992,3.73335
0.00011799999999999962,3.63285,0.00011799999999999962,3.73335
0.00011899999999999975,3.63285,0.00011899999999999975,3.53235
0.00011999999999999988,3.83386,0.00011999999999999988,3.53235
0.00012100000000000001,3.63285,0.00012100000000000001,3.53235
0.00012199999999999971,3.83386,0.00012199999999999971,3.73335
0.00012299999999999985,3.83386,0.00012299999999999985,3.53235
0.00012399999999999998,3.83386,0.00012399999999999998,3.73335
0.00012499999999999968,3.83386,0.00012499999999999968,3.93436
0.0001259999999999998,3.83386,0.0001259999999999998,3.73335
0.00012699999999999994,3.83386,0.00012699999999999994,3.73335
0.00012799999999999964,3.83386,0.00012799999999999964,3.93436
0.00012899999999999977,4.03486,0.00012899999999999977,3.93436
0.0001299999999999999,4.03486,0.0001299999999999999,3.93436
0.00013100000000000004,4.03486,0.00013100000000000004,3.93436
0.00013199999999999974,3.83386,0.00013199999999999974,3.93436
0.00013299999999999987,4.03486,0.00013299999999999987,4.13536
0.000134,4.03486,0.000134,3.93436
0.0001349999999999997,4.03486,0.0001349999999999997,4.13536
0.00013599999999999984,4.23587,0.00013599999999999984,4.13536
0.00013699999999999997,4.23587,0.00013699999999999997,3.93436
0.00013799999999999967,4.23587,0.00013799999999999967,4.13536
0.0001389999999999998,4.23587,0.0001389999999999998,3.93436
0.00013999999999999993,4.03486,0.00013999999999999993,4.13536
0.00014099999999999963,4.23587,0.00014099999999999963,4.13536
0.00014199999999999977,4.43687,0.00014199999999999977,4.13536
0.0001429999999999999,4.23587,0.0001429999999999999,4.13536
0.00014400000000000003,4.23587,0.00014400000000000003,3.93436
0.00014499999999999973,4.63788,0.00014499999999999973,4.13536
0.00014599999999999986,4.23587,0.00014599999999999986,4.33637
0.000147,4.43687,0.000147,4.53737
0.0001479999999999997,4.43687,0.0001479999999999997,4.33637
0.00014899999999999983,4.63788,0.00014899999999999983,4.33637
0.00014999999999999996,4.43687,0.00014999999999999996,4.53737
0.00015099999999999966,4.43687,0.00015099999999999966,4.33637
0.0001519999999999998,4.63788,0.0001519999999999998,4.33637
0.00015299999999999992,4.63788,0.00015299999999999992,4.53737
0.00015399999999999962,4.43687,0.00015399999999999962,4.33637
0.00015499999999999976,4.63788,0.00015499999999999976,4.53737
0.0001559999999999999,4.63788,0.0001559999999999999,4.33637
0.00015700000000000002,4.63788,0.00015700000000000002,4.53737
0.00015799999999999972,4.63788,0.00015799999999999972,4.53737
0.00015899999999999985,4.63788,0.00015899999999999985,4.53737
0.00015999999999999999,4.63788,0.00015999999999999999,4.53737
0.00016099999999999969,4.63788,0.00016099999999999969,4.53737
0.00016199999999999982,4.83888,0.00016199999999999982,4.53737
0.00016299999999999995,4.83888,0.00016299999999999995,4.53737
0.00016399999999999965,4.63788,0.00016399999999999965,4.53737
0.00016499999999999978,4.63788,0.00016499999999999978,4.53737
0.00016599999999999991,4.83888,0.00016599999999999991,4.73838
0.00016699999999999961,4.83888,0.00016699999999999961,4.53737
0.00016799999999999975,4.83888,0.00016799999999999975,4.53737
0.00016899999999999988,4.83888,0.00016899999999999988,4.73838
0.00017,4.83888,0.00017,4.73838
0.0001709999999999997,4.83888,0.0001709999999999997,4.73838
0.00017199999999999984,5.03989,0.00017199999999999984,4.73838
0.00017299999999999998,5.03989,0.00017299999999999998,4.73838
0.00017399999999999968,5.03989,0.00017399999999999968,4.73838
0.0001749999999999998,4.83888,0.0001749999999999998,4.73838
0.00017599999999999994,4.83888,0.00017599999999999994,4.73838
0.00017699999999999964,5.03989,0.00017699999999999964,4.73838
0.00017799999999999977,5.03989,0.00017799999999999977,4.73838
0.0001789999999999999,4.83888,0.0001789999999999999,4.93938
0.00018000000000000004,5.03989,0.00018000000000000004,4.93938
0.00018099999999999974,5.03989,0.00018099999999999974,4.73838
0.00018199999999999987,5.03989,0.00018199999999999987,5.14039
0.000183,5.03989,0.000183,4.73838
0.0001839999999999997,5.24089,0.0001839999999999997,4.93938
0.00018499999999999983,5.03989,0.00018499999999999983,4.93938
0.00018599999999999997,5.24089,0.00018599999999999997,4.93938
0.00018699999999999967,5.03989,0.00018699999999999967,4.93938
0.0001879999999999998,5.24089,0.0001879999999999998,4.93938
0.00018899999999999993,5.03989,0.00018899999999999993,4.93938
0.00018999999999999963,5.24089,0.00018999999999999963,4.93938
0.00019099999999999976,5.24089,0.00019099999999999976,5.14039
0.0001919999999999999,5.24089,0.0001919999999999999,4.93938
0.00019300000000000003,5.24089,0.00019300000000000003,4.93938
0.00019399999999999973,5.24089,0.00019399999999999973,4.93938
0.00019499999999999986,5.24089,0.00019499999999999986,4.93938
0.000196,5.24089,0.000196,4.93938
0.0001969999999999997,5.24089,0.0001969999999999997,5.14039
0.00019799999999999983,5.24089,0.00019799999999999983,4.93938
0.00019899999999999996,5.24089,0.00019899999999999996,5.14039
0.00019999999999999966,5.4419,0.00019999999999999966,5.14039
0.0002009999999999998,5.24089,0.0002009999999999998,5.14039
0.00020199999999999992,5.4419,0.00020199999999999992,5.14039
0.00020299999999999962,5.24089,0.00020299999999999962,5.14039
0.00020399999999999975,5.24089,0.00020399999999999975,4.93938
0.0002049999999999999,5.4419,0.0002049999999999999,5.14039
0.00020600000000000002,5.4419,0.00020600000000000002,5.14039
0.00020699999999999972,5.24089,0.00020699999999999972,5.14039
0.00020799999999999985,5.24089,0.00020799999999999985,5.14039
0.00020899999999999998,5.4419,0.00020899999999999998,5.14039
0.00020999999999999968,5.4419,0.00020999999999999968,5.14039
0.00021099999999999982,5.4419,0.00021099999999999982,5.14039
0.00021199999999999995,5.4419,0.00021199999999999995,5.14039
0.00021299999999999965,5.4419,0.00021299999999999965,5.34139
0.00021399999999999978,5.4419,0.00021399999999999978,5.34139
0.0002149999999999999,5.4419,0.0002149999999999999,5.14039
0.0002159999999999996,5.4419,0.0002159999999999996,5.14039
0.00021699999999999975,5.4419,0.00021699999999999975,5.14039
0.00021799999999999988,5.6429,0.00021799999999999988,5.34139
0.000219,5.24089,0.000219,5.14039
0.0002199999999999997,5.4419,0.0002199999999999997,5.34139
0.00022099999999999984,5.24089,0.00022099999999999984,5.34139
0.00022199999999999998,5.4419,0.00022199999999999998,5.34139
0.00022299999999999967,5.4419,0.00022299999999999967,5.34139
0.0002239999999999998,5.4419,0.0002239999999999998,5.34139
0.00022499999999999994,5.4419,0.00022499999999999994,5.34139
0.00022599999999999964,5.4419,0.00022599999999999964,5.34139
0.00022699999999999977,5.4419,0.00022699999999999977,5.34139
0.0002279999999999999,5.6429,0.0002279999999999999,5.34139
0.00022900000000000004,5.4419,0.00022900000000000004,5.34139
0.00022999999999999974,5.4419,0.00022999999999999974,5.14039
0.00023099999999999987,5.6429,0.00023099999999999987,5.34139
0.000232,5.6429,0.000232,5.5424
0.0002329999999999997,5.4419,0.0002329999999999997,5.34139
0.00023399999999999983,5.6429,0.00023399999999999983,5.34139
0.00023499999999999997,5.6429,0.00023499999999999997,5.34139
0.00023599999999999966,5.4419,0.00023599999999999966,5.5424
0.0002369999999999998,5.4419,0.0002369999999999998,5.5424
0.00023799999999999993,5.4419,0.00023799999999999993,5.34139
0.00023899999999999963,5.6429,0.00023899999999999963,5.14039
0.00023999999999999976,5.4419,0.00023999999999999976,5.34139
0.0002409999999999999,5.6429,0.0002409999999999999,5.5424
0.00024200000000000003,5.6429,0.00024200000000000003,5.34139
0.00024299999999999973,5.6429,0.00024299999999999973,5.34139
0.00024399999999999986,5.6429,0.00024399999999999986,5.34139
0.000245,5.6429,0.000245,5.5424
0.0002459999999999997,5.6429,0.0002459999999999997,5.34139
0.0002469999999999998,5.6429,0.0002469999999999998,5.5424
0.00024799999999999996,5.6429,0.00024799999999999996,5.34139
0.00024899999999999966,5.6429,0.00024899999999999966,5.34139
0.0002499999999999998,5.6429,0.0002499999999999998,5.34139
0.0002509999999999999,5.6429,0.0002509999999999999,5.14039
0.0002519999999999996,5.6429,0.0002519999999999996,5.34139
0.00025299999999999975,5.4419,0.00025299999999999975,5.5424
0.0002539999999999999,5.6429,0.0002539999999999999,5.34139
0.000255,5.4419,0.000255,5.34139
0.0002559999999999997,5.4419,0.0002559999999999997,5.34139
0.00025699999999999985,5.4419,0.00025699999999999985,5.5424
0.000258,5.6429,0.000258,5.34139
0.0002589999999999997,5.6429,0.0002589999999999997,5.34139
0.0002599999999999998,5.6429,0.0002599999999999998,5.34139
0.00026099999999999995,5.6429,0.00026099999999999995,5.34139
0.00026199999999999965,5.6429,0.00026199999999999965,5.34139
0.0002629999999999998,5.84391,0.0002629999999999998,5.5424
0.0002639999999999999,5.6429,0.0002639999999999999,5.34139
0.0002649999999999996,5.6429,0.0002649999999999996,5.34139
0.00026599999999999974,5.4419,0.00026599999999999974,5.34139
0.0002669999999999999,5.6429,0.0002669999999999999,5.5424
0.000268,5.6429,0.000268,5.5424
0.0002689999999999997,5.6429,0.0002689999999999997,5.34139
0.00026999999999999984,5.4419,0.00026999999999999984,5.34139
0.000271,5.6429,0.000271,5.34139
0.00027199999999999967,5.84391,0.00027199999999999967,5.5424
0.0002729999999999998,5.6429,0.0002729999999999998,5.34139
0.00027399999999999994,5.6429,0.00027399999999999994,5.34139
0.00027499999999999964,5.6429,0.00027499999999999964,5.34139
0.00027599999999999977,5.6429,0.00027599999999999977,5.34139
0.0002769999999999999,5.4419,0.0002769999999999999,5.34139
0.00027800000000000004,5.4419,0.00027800000000000004,5.34139
0.00027899999999999973,5.6429,0.00027899999999999973,5.34139
0.00027999999999999987,5.4419,0.00027999999999999987,5.34139
0.000281,5.4419,0.000281,5.34139
0.0002819999999999997,5.4419,0.0002819999999999997,5.34139
0.00028299999999999983,5.4419,0.00028299999999999983,5.14039
0.00028399999999999996,5.4419,0.00028399999999999996,5.34139
0.00028499999999999966,5.4419,0.00028499999999999966,5.14039
0.0002859999999999998,5.4419,0.0002859999999999998,5.14039
0.00028699999999999993,5.4419,0.00028699999999999993,5.34139
0.00028799999999999963,5.24089,0.00028799999999999963,5.34139
0.00028899999999999976,5.24089,0.00028899999999999976,5.34139
0.0002899999999999999,5.4419,0.0002899999999999999,5.14039
0.000291,5.24089,0.000291,5.14039
0.0002919999999999997,5.4419,0.0002919999999999997,5.14039
0.00029299999999999986,5.24089,0.00029299999999999986,5.14039
0.000294,5.24089,0.000294,5.14039
0.0002949999999999997,5.24089,0.0002949999999999997,5.14039
0.0002959999999999998,5.24089,0.0002959999999999998,5.14039
0.00029699999999999996,5.24089,0.00029699999999999996,5.14039
0.00029799999999999965,5.24089,0.00029799999999999965,5.14039
0.0002989999999999998,5.24089,0.0002989999999999998,5.14039
0.0002999999999999999,5.24089,0.0002999999999999999,4.93938
0.0003009999999999996,5.24089,0.0003009999999999996,5.14039
0.00030199999999999975,5.4419,0.00030199999999999975,4.93938
0.0003029999999999999,5.24089,0.0003029999999999999,5.14039
0.000304,5.24089,0.000304,5.14039
0.0003049999999999997,5.24089,0.0003049999999999997,4.93938
0.00030599999999999985,5.24089,0.00030599999999999985,4.93938
0.000307,5.24089,0.000307,4.93938
0.0003079999999999997,5.03989,0.0003079999999999997,5.14039
0.0003089999999999998,5.03989,0.0003089999999999998,4.93938
0.00030999999999999995,5.24089,0.00030999999999999995,4.73838
0.00031099999999999964,5.03989,0.00031099999999999964,4.93938
0.0003119999999999998,5.03989,0.0003119999999999998,4.93938
0.0003129999999999999,5.03989,0.0003129999999999999,4.93938
0.0003139999999999996,5.03989,0.0003139999999999996,4.93938
0.00031499999999999974,4.83888,0.00031499999999999974,4.73838
0.0003159999999999999,5.03989,0.0003159999999999999,4.73838
0.000317,5.03989,0.000317,4.93938
0.0003179999999999997,4.83888,0.0003179999999999997,4.73838
0.00031899999999999984,5.03989,0.00031899999999999984,4.93938
0.00031999999999999997,4.83888,0.00031999999999999997,4.73838
0.00032099999999999967,4.83888,0.00032099999999999967,4.73838
0.0003219999999999998,4.83888,0.0003219999999999998,4.73838
0.00032299999999999994,5.03989,0.00032299999999999994,4.93938
0.00032399999999999964,4.83888,0.00032399999999999964,4.73838
0.00032499999999999977,4.83888,0.00032499999999999977,4.73838
0.0003259999999999999,4.83888,0.0003259999999999999,4.73838
0.00032700000000000003,4.83888,0.00032700000000000003,4.73838
0.00032799999999999973,4.83888,0.00032799999999999973,4.53737
0.00032899999999999987,4.83888,0.00032899999999999987,4.73838
0.00033,4.83888,0.00033,4.73838
0.0003309999999999997,4.63788,0.0003309999999999997,4.53737
0.00033199999999999983,4.83888,0.00033199999999999983,4.53737
0.00033299999999999996,4.83888,0.00033299999999999996,4.53737
0.00033399999999999966,4.83888,0.00033399999999999966,4.53737
0.0003349999999999998,4.83888,0.0003349999999999998,4.53737
0.00033599999999999993,4.83888,0.00033599999999999993,4.53737
0.0003369999999999996,4.63788,0.0003369999999999996,4.53737
0.00033799999999999976,4.63788,0.00033799999999999976,4.53737
0.0003389999999999999,4.83888,0.0003389999999999999,4.53737
0.00034,4.63788,0.00034,4.53737
0.0003409999999999997,4.63788,0.0003409999999999997,4.33637
0.00034199999999999986,4.63788,0.00034199999999999986,4.33637
0.000343,4.63788,0.000343,4.33637
0.0003439999999999997,4.63788,0.0003439999999999997,4.33637
0.0003449999999999998,4.43687,0.0003449999999999998,4.53737
0.00034599999999999995,4.63788,0.00034599999999999995,4.33637
0.00034699999999999965,4.43687,0.00034699999999999965,4.33637
0.0003479999999999998,4.23587,0.0003479999999999998,4.53737
0.0003489999999999999,4.23587,0.0003489999999999999,4.33637
0.0003499999999999996,4.63788,0.0003499999999999996,4.33637
0.00035099999999999975,4.23587,0.00035099999999999975,4.33637
0.0003519999999999999,4.43687,0.0003519999999999999,4.33637
0.000353,4.23587,0.000353,4.13536
0.0003539999999999997,4.23587,0.0003539999999999997,4.33637
0.00035499999999999985,4.23587,0.00035499999999999985,4.13536
0.000356,4.23587,0.000356,4.13536
0.0003569999999999997,4.23587,0.0003569999999999997,4.13536
0.0003579999999999998,4.23587,0.0003579999999999998,4.13536
0.00035899999999999994,4.43687,0.00035899999999999994,4.13536
0.00035999999999999964,4.23587,0.00035999999999999964,3.93436
0.0003609999999999998,4.23587,0.0003609999999999998,4.13536
0.0003619999999999999,4.03486,0.0003619999999999999,3.93436
0.0003629999999999996,4.03486,0.0003629999999999996,3.93436
0.00036399999999999974,4.23587,0.00036399999999999974,4.13536
0.0003649999999999999,4.03486,0.0003649999999999999,3.93436
0.000366,4.23587,0.000366,3.93436
0.0003669999999999997,4.03486,0.0003669999999999997,3.93436
0.00036799999999999984,3.83386,0.00036799999999999984,3.93436
0.00036899999999999997,3.83386,0.00036899999999999997,3.93436
0.00036999999999999967,4.03486,0.00036999999999999967,3.73335
0.0003709999999999998,4.03486,0.0003709999999999998,3.93436
0.00037199999999999993,4.03486,0.00037199999999999993,3.73335
0.00037299999999999963,3.83386,0.00037299999999999963,3.73335
0.00037399999999999977,3.83386,0.00037399999999999977,3.73335
0.0003749999999999999,3.83386,0.0003749999999999999,3.53235
0.00037600000000000003,3.83386,0.00037600000000000003,3.73335
0.00037699999999999973,3.83386,0.00037699999999999973,3.73335
0.00037799999999999986,3.83386,0.00037799999999999986,3.73335
0.000379,3.63285,0.000379,3.53235
0.0003799999999999997,3.83386,0.0003799999999999997,3.53235
0.00038099999999999983,3.83386,0.00038099999999999983,3.53235
0.00038199999999999996,3.63285,0.00038199999999999996,3.33134
0.00038299999999999966,3.63285,0.00038299999999999966,3.33134
0.0003839999999999998,3.63285,0.0003839999999999998,3.33134
0.0003849999999999999,3.63285,0.0003849999999999999,3.33134
0.0003859999999999996,3.63285,0.0003859999999999996,3.53235
0.00038699999999999976,3.43185,0.00038699999999999976,3.53235
0.0003879999999999999,3.43185,0.0003879999999999999,3.53235
0.000389,3.43185,0.000389,3.33134
0.0003899999999999997,3.43185,0.0003899999999999997,3.33134
0.00039099999999999985,3.43185,0.00039099999999999985,3.33134
0.000392,3.63285,0.000392,3.33134
0.0003929999999999997,3.43185,0.0003929999999999997,3.33134
0.0003939999999999998,3.43185,0.0003939999999999998,3.33134
0.00039499999999999995,3.43185,0.00039499999999999995,3.13034
0.00039599999999999965,3.43185,0.00039599999999999965,3.33134
0.0003969999999999998,3.43185,0.0003969999999999998,3.13034
0.0003979999999999999,3.23084,0.0003979999999999999,3.13034
0.0003989999999999996,3.23084,0.0003989999999999996,2.92933
0.00039999999999999975,3.23084,0.00039999999999999975,3.13034
0.0004009999999999999,3.02984,0.0004009999999999999,3.13034
0.000402,3.02984,0.000402,3.13034
0.0004029999999999997,3.02984,0.0004029999999999997,2.92933
0.00040399999999999985,3.02984,0.00040399999999999985,3.13034
0.000405,3.02984,0.000405,2.92933
0.0004059999999999997,3.02984,0.0004059999999999997,3.13034
0.0004069999999999998,3.23084,0.0004069999999999998,2.92933
0.00040799999999999994,3.02984,0.00040799999999999994,2.92933
0.00040899999999999964,3.02984,0.00040899999999999964,2.92933
0.0004099999999999998,3.02984,0.0004099999999999998,2.72833
0.0004109999999999999,3.02984,0.0004109999999999999,2.72833
0.0004119999999999996,2.82883,0.0004119999999999996,2.72833
0.00041299999999999974,2.82883,0.00041299999999999974,2.52732
0.00041399999999999987,2.82883,0.00041399999999999987,2.72833
0.000415,2.62783,0.000415,2.52732
0.0004159999999999997,2.82883,0.0004159999999999997,2.52732
0.00041699999999999984,2.62783,0.00041699999999999984,2.52732
0.00041799999999999997,2.62783,0.00041799999999999997,2.32632
0.00041899999999999967,2.62783,0.00041899999999999967,2.52732
0.0004199999999999998,2.62783,0.0004199999999999998,2.32632
0.00042099999999999993,2.62783,0.00042099999999999993,2.32632
0.00042199999999999963,2.42682,0.00042199999999999963,2.12531
0.00042299999999999977,2.42682,0.00042299999999999977,2.32632
0.0004239999999999999,2.42682,0.0004239999999999999,2.52732
0.00042500000000000003,2.42682,0.00042500000000000003,2.32632
0.00042599999999999973,2.42682,0.00042599999999999973,2.32632
0.00042699999999999986,2.42682,0.00042699999999999986,2.32632
0.000428,2.22582,0.000428,2.12531
0.0004289999999999997,2.22582,0.0004289999999999997,2.12531
0.0004299999999999998,2.02481,0.0004299999999999998,2.32632
0.00043099999999999996,2.22582,0.00043099999999999996,2.12531
0.00043199999999999966,2.22582,0.00043199999999999966,1.92431
0.0004329999999999998,2.22582,0.0004329999999999998,1.92431
0.0004339999999999999,2.02481,0.0004339999999999999,1.92431
0.0004349999999999996,2.22582,0.0004349999999999996,1.92431
0.00043599999999999976,2.02481,0.00043599999999999976,1.92431
0.0004369999999999999,2.22582,0.0004369999999999999,1.7233
0.000438,2.02481,0.000438,1.92431
0.0004389999999999997,2.22582,0.0004389999999999997,1.92431
0.00043999999999999985,2.02481,0.00043999999999999985,1.92431
0.000441,1.82381,0.000441,1.92431
0.0004419999999999997,1.82381,0.0004419999999999997,1.92431
0.0004429999999999998,1.82381,0.0004429999999999998,1.92431
0.00044399999999999995,1.82381,0.00044399999999999995,1.7233
0.00044499999999999965,2.02481,0.00044499999999999965,1.7233
0.0004459999999999998,1.82381,0.0004459999999999998,1.92431
0.0004469999999999999,1.6228,0.0004469999999999999,1.5223
0.0004479999999999996,1.6228,0.0004479999999999996,1.5223
0.00044899999999999975,1.6228,0.00044899999999999975,1.7233
0.0004499999999999999,1.82381,0.0004499999999999999,1.5223
0.000451,1.6228,0.000451,1.5223
0.0004519999999999997,1.6228,0.0004519999999999997,1.5223
0.00045299999999999984,1.4218,0.00045299999999999984,1.32129
0.000454,1.6228,0.000454,1.32129
0.0004549999999999997,1.4218,0.0004549999999999997,1.32129
0.0004559999999999998,1.4218,0.0004559999999999998,1.32129
0.00045699999999999994,1.4218,0.00045699999999999994,1.32129
0.00045799999999999964,1.22079,0.00045799999999999964,1.32129
0.00045899999999999977,1.4218,0.00045899999999999977,1.32129
0.0004599999999999999,1.4218,0.0004599999999999999,1.32129
0.0004609999999999996,1.4218,0.0004609999999999996,1.32129
0.00046199999999999974,1.01979,0.00046199999999999974,1.12029
0.00046299999999999987,1.22079,0.00046299999999999987,0.919284
0.000464,1.22079,0.000464,1.12029
0.0004649999999999997,1.22079,0.0004649999999999997,1.12029
0.00046599999999999983,1.22079,0.00046599999999999983,1.12029
0.00046699999999999997,1.01979,0.00046699999999999997,1.12029
0.00046799999999999967,1.01979,0.00046799999999999967,0.919284
0.0004689999999999998,1.01979,0.0004689999999999998,0.919284
0.00046999999999999993,1.01979,0.00046999999999999993,0.919284
0.00047099999999999963,1.01979,0.00047099999999999963,0.919284
0.00047199999999999976,1.01979,0.00047199999999999976,0.919284
0.0004729999999999999,0.818782,0.0004729999999999999,0.718279
0.00047400000000000003,0.818782,0.00047400000000000003,0.919284
0.00047499999999999973,0.818782,0.00047499999999999973,0.718279
0.00047599999999999986,0.818782,0.00047599999999999986,0.718279
0.000477,0.617777,0.000477,0.517274
0.0004779999999999997,0.617777,0.0004779999999999997,0.517274
0.0004789999999999998,0.617777,0.0004789999999999998,0.517274
0.00047999999999999996,0.617777,0.00047999999999999996,0.517274
0.00048099999999999966,0.617777,0.00048099999999999966,0.517274
0.0004819999999999998,0.617777,0.0004819999999999998,0.316269
0.0004829999999999999,0.416772,0.0004829999999999999,0.517274
0.0004839999999999996,0.617777,0.0004839999999999996,0.517274
0.00048499999999999975,0.416772,0.00048499999999999975,0.316269
0.0004859999999999999,0.416772,0.0004859999999999999,0.316269
0.000487,0.617777,0.000487,0.115264
0.0004879999999999997,0.416772,0.0004879999999999997,0.316269
0.0004889999999999999,0.416772,0.0004889999999999999,0.316269
0.00049,0.416772,0.00049,0.115264
0.0004909999999999997,0.215766,0.0004909999999999997,0.316269
0.0004919999999999998,0.215766,0.0004919999999999998,0.115264
0.000493,0.014761,0.000493,0.316269
0.0004939999999999996,0.215766,0.0004939999999999996,0.115264
0.0004949999999999998,0.014761,0.0004949999999999998,0.115264
0.0004959999999999999,0.215766,0.0004959999999999999,0.115264
0.0004969999999999996,0.215766,0.0004969999999999996,0.115264
0.0004979999999999997,0.014761,0.0004979999999999997,-0.085741
0.0004989999999999999,0.014761,0.0004989999999999999,0.115264
0.0005,0.014761,0.0005,-0.085741
0.0005009999999999997,-0.186244,0.0005009999999999997,-0.085741
0.0005019999999999998,0.014761,0.0005019999999999998,-0.286746
0.000503,-0.186244,0.000503,-0.286746
0.0005039999999999997,-0.186244,0.0005039999999999997,-0.085741
0.0005049999999999998,-0.186244,0.0005049999999999998,-0.286746
0.0005059999999999999,-0.186244,0.0005059999999999999,-0.286746
0.0005069999999999996,-0.387249,0.0005069999999999996,-0.085741
0.0005079999999999998,-0.186244,0.0005079999999999998,-0.286746
0.0005089999999999999,-0.387249,0.0005089999999999999,-0.487751
0.0005099999999999996,-0.387249,0.0005099999999999996,-0.487751
0.0005109999999999997,-0.186244,0.0005109999999999997,-0.286746
0.0005119999999999999,-0.387249,0.0005119999999999999,-0.487751
0.000513,-0.387249,0.000513,-0.688756
0.0005139999999999997,-0.588254,0.0005139999999999997,-0.487751
0.0005149999999999998,-0.588254,0.0005149999999999998,-0.688756
0.000516,-0.588254,0.000516,-0.487751
0.0005169999999999997,-0.588254,0.0005169999999999997,-0.688756
0.0005179999999999998,-0.789259,0.0005179999999999998,-0.688756
0.0005189999999999999,-0.588254,0.0005189999999999999,-0.688756
0.0005199999999999996,-0.789259,0.0005199999999999996,-0.889761
0.0005209999999999998,-0.789259,0.0005209999999999998,-0.688756
0.0005219999999999999,-0.789259,0.0005219999999999999,-0.889761
0.000523,-0.789259,0.000523,-0.688756
0.0005239999999999997,-0.990264,0.0005239999999999997,-0.889761
0.0005249999999999999,-0.789259,0.0005249999999999999,-1.09077
0.000526,-0.990264,0.000526,-0.889761
0.0005269999999999997,-0.990264,0.0005269999999999997,-0.889761
0.0005279999999999998,-1.19127,0.0005279999999999998,-0.889761
0.000529,-0.990264,0.000529,-1.09077
0.0005299999999999997,-0.990264,0.0005299999999999997,-1.09077
0.0005309999999999998,-1.19127,0.0005309999999999998,-1.09077
0.0005319999999999999,-0.990264,0.0005319999999999999,-1.09077
0.0005329999999999996,-0.990264,0.0005329999999999996,-1.29177
0.0005339999999999998,-1.19127,0.0005339999999999998,-1.09077
0.0005349999999999999,-1.19127,0.0005349999999999999,-1.29177
0.000536,-1.19127,0.000536,-1.09077
0.0005369999999999997,-1.19127,0.0005369999999999997,-1.29177
0.0005379999999999998,-1.39227,0.0005379999999999998,-1.29177
0.000539,-1.39227,0.000539,-1.29177
0.0005399999999999997,-1.19127,0.0005399999999999997,-1.29177
0.0005409999999999998,-1.39227,0.0005409999999999998,-1.29177
0.000542,-1.59328,0.000542,-1.49278
0.0005429999999999996,-1.39227,0.0005429999999999996,-1.29177
0.0005439999999999998,-1.59328,0.0005439999999999998,-1.49278
0.0005449999999999999,-1.59328,0.0005449999999999999,-1.49278
0.0005459999999999996,-1.59328,0.0005459999999999996,-1.49278
0.0005469999999999997,-1.59328,0.0005469999999999997,-1.49278
0.0005479999999999999,-1.59328,0.0005479999999999999,-1.69378
0.000549,-1.59328,0.000549,-1.49278
0.0005499999999999997,-1.79428,0.0005499999999999997,-1.69378
0.0005509999999999998,-1.59328,0.0005509999999999998,-1.49278
0.000552,-1.59328,0.000552,-1.69378
0.0005529999999999997,-1.79428,0.0005529999999999997,-1.69378
0.0005539999999999998,-1.79428,0.0005539999999999998,-1.69378
0.0005549999999999999,-1.79428,0.0005549999999999999,-1.89479
0.0005559999999999996,-1.79428,0.0005559999999999996,-1.69378
0.0005569999999999998,-1.99529,0.0005569999999999998,-1.89479
0.0005579999999999999,-1.99529,0.0005579999999999999,-1.89479
0.0005589999999999996,-1.99529,0.0005589999999999996,-1.89479
0.0005599999999999997,-1.99529,0.0005599999999999997,-2.09579
0.0005609999999999999,-1.99529,0.0005609999999999999,-1.89479
0.000562,-2.19629,0.000562,-1.89479
0.0005629999999999997,-1.99529,0.0005629999999999997,-2.09579
0.0005639999999999998,-1.99529,0.0005639999999999998,-2.09579
0.000565,-2.19629,0.000565,-2.2968
0.0005659999999999997,-2.19629,0.0005659999999999997,-2.09579
0.0005669999999999998,-2.19629,0.0005669999999999998,-2.09579
0.0005679999999999999,-2.3973,0.0005679999999999999,-2.2968
0.0005689999999999996,-2.19629,0.0005689999999999996,-2.09579
0.0005699999999999998,-2.19629,0.0005699999999999998,-2.09579
0.0005709999999999999,-2.3973,0.0005709999999999999,-2.2968
0.000572,-2.19629,0.000572,-2.09579
0.0005729999999999997,-2.3973,0.0005729999999999997,-2.2968
0.0005739999999999999,-2.3973,0.0005739999999999999,-2.2968
0.000575,-2.3973,0.000575,-2.4978
0.0005759999999999997,-2.5983,0.0005759999999999997,-2.2968
0.0005769999999999998,-2.3973,0.0005769999999999998,-2.2968
0.000578,-2.5983,0.000578,-2.4978
0.0005789999999999997,-2.5983,0.0005789999999999997,-2.69881
0.0005799999999999998,-2.5983,0.0005799999999999998,-2.4978
0.0005809999999999999,-2.79931,0.0005809999999999999,-2.69881
0.0005819999999999996,-2.5983,0.0005819999999999996,-2.4978
0.0005829999999999998,-2.79931,0.0005829999999999998,-2.4978
0.0005839999999999999,-2.79931,0.0005839999999999999,-2.69881
0.000585,-2.79931,0.000585,-2.4978
0.0005859999999999997,-2.79931,0.0005859999999999997,-2.69881
0.0005869999999999998,-2.79931,0.0005869999999999998,-2.69881
0.000588,-2.79931,0.000588,-2.69881
0.0005889999999999997,-3.00031,0.0005889999999999997,-2.69881
0.0005899999999999998,-3.00031,0.0005899999999999998,-2.69881
0.0005909999999999999,-2.79931,0.0005909999999999999,-2.89981
0.0005919999999999996,-3.00031,0.0005919999999999996,-2.89981
0.0005929999999999998,-3.00031,0.0005929999999999998,-2.89981
0.0005939999999999999,-3.00031,0.0005939999999999999,-2.89981
0.0005949999999999996,-3.00031,0.0005949999999999996,-2.89981
0.0005959999999999997,-3.00031,0.0005959999999999997,-2.89981
0.0005969999999999999,-3.00031,0.0005969999999999999,-3.10082
0.000598,-3.20132,0.000598,-2.89981
0.0005989999999999997,-3.20132,0.0005989999999999997,-2.89981
0.0005999999999999998,-3.20132,0.0005999999999999998,-3.10082
0.000601,-3.20132,0.000601,-3.10082
0.0006019999999999997,-3.20132,0.0006019999999999997,-3.30182
0.0006029999999999998,-3.40232,0.0006029999999999998,-3.10082
0.0006039999999999999,-3.20132,0.0006039999999999999,-3.10082
0.0006049999999999996,-3.20132,0.0006049999999999996,-3.10082
0.0006059999999999998,-3.20132,0.0006059999999999998,-3.10082
0.0006069999999999999,-3.40232,0.0006069999999999999,-3.10082
0.0006079999999999996,-3.20132,0.0006079999999999996,-3.10082
0.0006089999999999997,-3.40232,0.0006089999999999997,-3.30182
0.0006099999999999999,-3.40232,0.0006099999999999999,-3.30182
0.000611,-3.40232,0.000611,-3.10082
0.0006119999999999997,-3.60333,0.0006119999999999997,-3.30182
0.0006129999999999998,-3.60333,0.0006129999999999998,-3.50283
0.000614,-3.40232,0.000614,-3.30182
0.0006149999999999997,-3.60333,0.0006149999999999997,-3.30182
0.0006159999999999998,-3.60333,0.0006159999999999998,-3.30182
0.0006169999999999999,-3.80433,0.0006169999999999999,-3.30182
0.0006179999999999996,-3.60333,0.0006179999999999996,-3.50283
0.0006189999999999998,-3.80433,0.0006189999999999998,-3.50283
0.0006199999999999999,-3.80433,0.0006199999999999999,-3.30182
0.0006209999999999996,-3.80433,0.0006209999999999996,-3.50283
0.0006219999999999997,-4.00534,0.0006219999999999997,-3.70383
0.0006229999999999999,-4.00534,0.0006229999999999999,-3.50283
0.000624,-3.80433,0.000624,-3.50283
0.0006249999999999997,-4.00534,0.0006249999999999997,-3.70383
0.0006259999999999998,-3.80433,0.0006259999999999998,-3.70383
0.000627,-4.00534,0.000627,-3.70383
0.0006279999999999997,-4.00534,0.0006279999999999997,-3.70383
0.0006289999999999998,-4.00534,0.0006289999999999998,-3.90484
0.0006299999999999999,-4.00534,0.0006299999999999999,-3.70383
0.0006309999999999996,-4.00534,0.0006309999999999996,-3.70383
0.0006319999999999997,-4.20634,0.0006319999999999997,-3.90484
0.0006329999999999999,-4.00534,0.0006329999999999999,-3.90484
0.000634,-4.00534,0.000634,-3.70383
0.0006349999999999997,-4.00534,0.0006349999999999997,-3.70383
0.0006359999999999998,-4.00534,0.0006359999999999998,-3.90484
0.000637,-4.20634,0.000637,-3.90484
0.0006379999999999997,-4.20634,0.0006379999999999997,-4.10584
0.0006389999999999998,-4.40735,0.0006389999999999998,-3.90484
0.0006399999999999999,-4.20634,0.0006399999999999999,-3.90484
0.0006409999999999996,-4.20634,0.0006409999999999996,-3.90484
0.0006419999999999998,-4.20634,0.0006419999999999998,-3.90484
0.0006429999999999999,-4.40735,0.0006429999999999999,-4.10584
0.0006439999999999996,-4.40735,0.0006439999999999996,-3.90484
0.0006449999999999997,-4.40735,0.0006449999999999997,-4.10584
0.0006459999999999999,-4.60835,0.0006459999999999999,-3.90484
0.000647,-4.40735,0.000647,-4.10584
0.0006479999999999997,-4.40735,0.0006479999999999997,-3.90484
0.0006489999999999998,-4.60835,0.0006489999999999998,-4.10584
0.00065,-4.20634,0.00065,-4.10584
0.0006509999999999997,-4.60835,0.0006509999999999997,-4.30685
0.0006519999999999998,-4.40735,0.0006519999999999998,-4.10584
0.0006529999999999999,-4.60835,0.0006529999999999999,-4.30685
0.0006539999999999996,-4.40735,0.0006539999999999996,-4.30685
0.0006549999999999998,-4.60835,0.0006549999999999998,-4.30685
0.0006559999999999999,-4.60835,0.0006559999999999999,-4.30685
0.0006569999999999996,-4.60835,0.0006569999999999996,-4.50785
0.0006579999999999997,-4.60835,0.0006579999999999997,-4.30685
0.0006589999999999999,-4.60835,0.0006589999999999999,-4.30685
0.00066,-4.60835,0.00066,-4.10584
0.0006609999999999997,-4.60835,0.0006609999999999997,-4.10584
0.0006619999999999998,-4.80936,0.0006619999999999998,-4.50785
0.000663,-4.80936,0.000663,-4.50785
0.0006639999999999997,-4.80936,0.0006639999999999997,-4.70886
0.0006649999999999998,-4.60835,0.0006649999999999998,-4.50785
0.0006659999999999999,-4.80936,0.0006659999999999999,-4.50785
0.0006669999999999996,-4.80936,0.0006669999999999996,-4.50785
0.0006679999999999998,-4.60835,0.0006679999999999998,-4.30685
0.0006689999999999999,-4.80936,0.0006689999999999999,-4.50785
0.0006699999999999996,-4.80936,0.0006699999999999996,-4.50785
0.0006709999999999997,-5.01036,0.0006709999999999997,-4.70886
0.0006719999999999999,-4.80936,0.0006719999999999999,-4.50785
0.000673,-5.01036,0.000673,-4.50785
0.0006739999999999997,-4.80936,0.0006739999999999997,-4.70886
0.0006749999999999998,-4.80936,0.0006749999999999998,-4.70886
0.000676,-5.01036,0.000676,-4.50785
0.0006769999999999997,-4.80936,0.0006769999999999997,-4.70886
0.0006779999999999998,-5.01036,0.0006779999999999998,-4.50785
0.0006789999999999999,-5.01036,0.0006789999999999999,-4.70886
0.0006799999999999996,-5.21137,0.0006799999999999996,-4.50785
0.0006809999999999997,-5.01036,0.0006809999999999997,-4.70886
0.0006819999999999999,-5.01036,0.0006819999999999999,-4.70886
0.000683,-5.21137,0.000683,-4.70886
0.0006839999999999997,-5.21137,0.0006839999999999997,-4.90986
0.0006849999999999998,-5.21137,0.0006849999999999998,-4.70886
0.000686,-5.01036,0.000686,-4.90986
0.0006869999999999997,-5.21137,0.0006869999999999997,-4.90986
0.0006879999999999998,-5.21137,0.0006879999999999998,-4.90986
0.0006889999999999999,-5.41237,0.0006889999999999999,-4.90986
0.0006899999999999996,-5.21137,0.0006899999999999996,-4.90986
0.0006909999999999998,-5.21137,0.0006909999999999998,-4.90986
0.0006919999999999999,-5.01036,0.0006919999999999999,-4.70886
0.0006929999999999996,-5.01036,0.0006929999999999996,-4.90986
0.0006939999999999997,-5.21137,0.0006939999999999997,-4.90986
0.0006949999999999999,-5.21137,0.0006949999999999999,-4.90986
0.000696,-5.21137,0.000696,-4.90986
0.0006969999999999997,-5.21137,0.0006969999999999997,-4.90986
0.0006979999999999998,-5.21137,0.0006979999999999998,-4.90986
0.000699,-5.21137,0.000699,-4.70886
0.0006999999999999997,-5.41237,0.0006999999999999997,-4.70886
0.0007009999999999998,-5.21137,0.0007009999999999998,-4.90986
0.0007019999999999999,-5.41237,0.0007019999999999999,-4.90986
0.0007029999999999996,-5.21137,0.0007029999999999996,-5.11087
0.0007039999999999998,-5.21137,0.0007039999999999998,-5.11087
0.0007049999999999999,-5.41237,0.0007049999999999999,-4.90986
0.0007059999999999996,-5.41237,0.0007059999999999996,-4.90986
0.0007069999999999997,-5.41237,0.0007069999999999997,-5.11087
0.0007079999999999999,-5.21137,0.0007079999999999999,-4.90986
0.000709,-5.41237,0.000709,-5.11087
0.0007099999999999997,-5.41237,0.0007099999999999997,-4.90986
0.0007109999999999998,-5.41237,0.0007109999999999998,-5.11087
0.000712,-5.41237,0.000712,-5.11087
0.0007129999999999997,-5.61338,0.0007129999999999997,-4.90986
0.0007139999999999998,-5.41237,0.0007139999999999998,-4.90986
0.0007149999999999999,-5.41237,0.0007149999999999999,-5.11087
0.0007159999999999996,-5.41237,0.0007159999999999996,-5.11087
0.0007169999999999998,-5.41237,0.0007169999999999998,-4.90986
0.0007179999999999999,-5.41237,0.0007179999999999999,-5.11087
0.0007189999999999996,-5.41237,0.0007189999999999996,-5.11087
0.0007199999999999997,-5.41237,0.0007199999999999997,-5.11087
0.0007209999999999999,-5.41237,0.0007209999999999999,-5.11087
0.000722,-5.41237,0.000722,-5.11087
0.0007229999999999997,-5.61338,0.0007229999999999997,-5.11087
0.0007239999999999998,-5.41237,0.0007239999999999998,-5.11087
0.000725,-5.61338,0.000725,-5.31187
0.0007259999999999996,-5.41237,0.0007259999999999996,-5.11087
0.0007269999999999998,-5.41237,0.0007269999999999998,-5.31187
0.0007279999999999999,-5.41237,0.0007279999999999999,-5.31187
0.0007289999999999996,-5.61338,0.0007289999999999996,-5.11087
0.0007299999999999997,-5.41237,0.0007299999999999997,-5.11087
0.0007309999999999999,-5.61338,0.0007309999999999999,-5.31187
0.000732,-5.61338,0.000732,-5.11087
0.0007329999999999997,-5.41237,0.0007329999999999997,-5.11087
0.0007339999999999998,-5.61338,0.0007339999999999998,-5.31187
0.000735,-5.61338,0.000735,-5.11087
0.0007359999999999997,-5.61338,0.0007359999999999997,-5.31187
0.0007369999999999998,-5.81438,0.0007369999999999998,-5.11087
0.0007379999999999999,-5.41237,0.0007379999999999999,-5.11087
0.0007389999999999996,-5.61338,0.0007389999999999996,-5.11087
0.0007399999999999998,-5.61338,0.0007399999999999998,-5.31187
0.0007409999999999999,-5.41237,0.0007409999999999999,-5.31187
0.0007419999999999996,-5.61338,0.0007419999999999996,-5.31187
0.0007429999999999997,-5.61338,0.0007429999999999997,-5.11087
0.0007439999999999999,-5.61338,0.0007439999999999999,-5.11087
0.000745,-5.41237,0.000745,-5.31187
0.0007459999999999997,-5.61338,0.0007459999999999997,-5.31187
0.0007469999999999998,-5.61338,0.0007469999999999998,-5.11087
0.000748,-5.61338,0.000748,-5.31187
0.0007489999999999997,-5.61338,0.0007489999999999997,-5.11087
0.0007499999999999998,-5.61338,0.0007499999999999998,-5.11087
0.0007509999999999999,-5.61338,0.0007509999999999999,-5.11087
0.0007519999999999996,-5.61338,0.0007519999999999996,-5.31187
0.0007529999999999998,-5.61338,0.0007529999999999998,-5.31187
0.0007539999999999999,-5.81438,0.0007539999999999999,-5.31187
0.0007549999999999996,-5.61338,0.0007549999999999996,-5.31187
0.0007559999999999997,-5.61338,0.0007559999999999997,-5.31187
0.0007569999999999999,-5.61338,0.0007569999999999999,-5.11087
0.000758,-5.81438,0.000758,-5.11087
0.0007589999999999997,-5.61338,0.0007589999999999997,-5.31187
0.0007599999999999998,-5.61338,0.0007599999999999998,-5.31187
0.000761,-5.61338,0.000761,-5.11087
0.0007619999999999997,-5.41237,0.0007619999999999997,-5.31187
0.0007629999999999998,-5.61338,0.0007629999999999998,-5.31187
0.0007639999999999999,-5.61338,0.0007639999999999999,-5.31187
0.0007649999999999996,-5.61338,0.0007649999999999996,-5.31187
0.0007659999999999998,-5.61338,0.0007659999999999998,-5.31187
0.0007669999999999999,-5.81438,0.0007669999999999999,-5.11087
0.0007679999999999996,-5.61338,0.0007679999999999996,-5.31187
0.0007689999999999997,-5.81438,0.0007689999999999997,-5.11087
0.0007699999999999999,-5.61338,0.0007699999999999999,-5.31187
0.000771,-5.61338,0.000771,-5.31187
0.0007719999999999997,-5.61338,0.0007719999999999997,-5.11087
0.0007729999999999998,-5.41237,0.0007729999999999998,-5.11087
0.000774,-5.61338,0.000774,-5.11087
0.0007749999999999996,-5.61338,0.0007749999999999996,-5.11087
0.0007759999999999998,-5.61338,0.0007759999999999998,-5.31187
0.0007769999999999999,-5.61338,0.0007769999999999999,-5.31187
0.0007779999999999996,-5.61338,0.0007779999999999996,-5.11087
0.0007789999999999997,-5.61338,0.0007789999999999997,-5.31187
0.0007799999999999999,-5.61338,0.0007799999999999999,-5.31187
0.000781,-5.61338,0.000781,-5.31187
0.0007819999999999997,-5.61338,0.0007819999999999997,-5.31187
0.0007829999999999998,-5.61338,0.0007829999999999998,-5.31187
0.000784,-5.81438,0.000784,-5.31187
0.0007849999999999997,-5.61338,0.0007849999999999997,-5.31187
0.0007859999999999998,-5.61338,0.0007859999999999998,-5.31187
0.0007869999999999999,-5.61338,0.0007869999999999999,-5.11087
0.0007879999999999996,-5.41237,0.0007879999999999996,-5.11087
0.0007889999999999998,-5.61338,0.0007889999999999998,-5.31187
0.0007899999999999999,-5.61338,0.0007899999999999999,-5.11087
0.0007909999999999996,-5.61338,0.0007909999999999996,-5.11087
0.0007919999999999997,-5.61338,0.0007919999999999997,-5.11087
0.0007929999999999999,-5.41237,0.0007929999999999999,-5.31187
0.000794,-5.61338,0.000794,-5.11087
0.0007949999999999997,-5.61338,0.0007949999999999997,-5.31187
0.0007959999999999998,-5.41237,0.0007959999999999998,-4.90986
0.000797,-5.41237,0.000797,-5.11087
0.0007979999999999997,-5.41237,0.0007979999999999997,-5.11087
0.0007989999999999998,-5.41237,0.0007989999999999998,-5.11087
0.0007999999999999999,-5.41237,0.0007999999999999999,-5.11087
0.0008009999999999996,-5.21137,0.0008009999999999996,-5.11087
0.0008019999999999998,-5.21137,0.0008019999999999998,-4.90986
0.0008029999999999999,-5.41237,0.0008029999999999999,-4.90986
0.0008039999999999996,-5.21137,0.0008039999999999996,-4.90986
0.0008049999999999997,-5.21137,0.0008049999999999997,-4.90986
0.0008059999999999999,-5.41237,0.0008059999999999999,-4.90986
0.000807,-5.21137,0.000807,-5.11087
0.0008079999999999997,-5.41237,0.0008079999999999997,-4.90986
0.0008089999999999998,-5.21137,0.0008089999999999998,-4.90986
0.00081,-5.21137,0.00081,-4.90986
0.0008109999999999997,-5.21137,0.0008109999999999997,-4.90986
0.0008119999999999998,-5.21137,0.0008119999999999998,-4.90986
0.0008129999999999999,-5.21137,0.0008129999999999999,-4.90986
0.0008139999999999996,-5.21137,0.0008139999999999996,-4.90986
0.0008149999999999998,-5.21137,0.0008149999999999998,-4.70886
0.0008159999999999999,-5.21137,0.0008159999999999999,-4.90986
0.0008169999999999996,-5.21137,0.0008169999999999996,-4.90986
0.0008179999999999997,-5.21137,0.0008179999999999997,-4.70886
0.0008189999999999998,-5.21137,0.0008189999999999998,-4.90986
0.00082,-5.21137,0.00082,-4.70886
0.0008209999999999997,-5.21137,0.0008209999999999997,-4.70886
0.0008219999999999998,-5.01036,0.0008219999999999998,-4.70886
0.000823,-5.01036,0.000823,-4.70886
0.0008239999999999996,-5.21137,0.0008239999999999996,-4.70886
0.0008249999999999998,-5.01036,0.0008249999999999998,-4.70886
0.0008259999999999999,-5.01036,0.0008259999999999999,-4.50785
0.0008269999999999996,-5.21137,0.0008269999999999996,-4.50785
0.0008279999999999997,-5.01036,0.0008279999999999997,-4.70886
0.0008289999999999999,-5.01036,0.0008289999999999999,-4.70886
0.00083,-5.01036,0.00083,-4.50785
0.0008309999999999997,-5.01036,0.0008309999999999997,-4.70886
0.0008319999999999998,-4.80936,0.0008319999999999998,-4.50785
0.000833,-4.80936,0.000833,-4.50785
0.0008339999999999997,-5.01036,0.0008339999999999997,-4.70886
0.0008349999999999998,-4.80936,0.0008349999999999998,-4.50785
0.0008359999999999999,-5.01036,0.0008359999999999999,-4.50785
0.0008369999999999996,-4.60835,0.0008369999999999996,-4.50785
0.0008379999999999998,-4.80936,0.0008379999999999998,-4.50785
0.0008389999999999999,-4.80936,0.0008389999999999999,-4.50785
0.0008399999999999996,-4.60835,0.0008399999999999996,-4.30685
0.0008409999999999997,-4.80936,0.0008409999999999997,-4.50785
0.0008419999999999999,-4.80936,0.0008419999999999999,-4.30685
0.000843,-4.80936,0.000843,-4.50785
0.0008439999999999997,-4.80936,0.0008439999999999997,-4.50785
0.0008449999999999998,-4.80936,0.0008449999999999998,-4.30685
0.000846,-4.80936,0.000846,-4.30685
0.0008469999999999997,-4.60835,0.0008469999999999997,-4.30685
0.0008479999999999998,-4.80936,0.0008479999999999998,-4.30685
0.0008489999999999999,-4.60835,0.0008489999999999999,-4.30685
0.0008499999999999996,-4.60835,0.0008499999999999996,-4.30685
0.0008509999999999998,-4.60835,0.0008509999999999998,-4.30685
0.0008519999999999999,-4.60835,0.0008519999999999999,-4.10584
0.0008529999999999996,-4.60835,0.0008529999999999996,-4.30685
0.0008539999999999997,-4.40735,0.0008539999999999997,-4.30685
0.0008549999999999999,-4.40735,0.0008549999999999999,-4.10584
0.000856,-4.40735,0.000856,-4.10584
0.0008569999999999997,-4.40735,0.0008569999999999997,-4.10584
0.0008579999999999998,-4.40735,0.0008579999999999998,-3.90484
0.000859,-4.40735,0.000859,-4.10584
0.0008599999999999997,-4.60835,0.0008599999999999997,-4.10584
0.0008609999999999998,-4.20634,0.0008609999999999998,-3.90484
0.0008619999999999999,-4.20634,0.0008619999999999999,-3.90484
0.0008629999999999996,-4.40735,0.0008629999999999996,-4.10584
0.0008639999999999998,-4.20634,0.0008639999999999998,-3.90484
0.0008649999999999999,-4.20634,0.0008649999999999999,-4.10584
0.0008659999999999996,-4.20634,0.0008659999999999996,-3.90484
0.0008669999999999997,-4.20634,0.0008669999999999997,-3.90484
0.0008679999999999998,-4.20634,0.0008679999999999998,-3.90484
0.000869,-4.20634,0.000869,-3.90484
0.0008699999999999997,-4.20634,0.0008699999999999997,-3.70383
0.0008709999999999998,-4.20634,0.0008709999999999998,-3.90484
0.0008719999999999999,-4.20634,0.0008719999999999999,-3.90484
0.0008729999999999996,-4.00534,0.0008729999999999996,-3.70383
0.0008739999999999998,-4.00534,0.0008739999999999998,-3.70383
0.0008749999999999999,-4.00534,0.0008749999999999999,-3.90484
0.0008759999999999996,-3.80433,0.0008759999999999996,-3.70383
0.0008769999999999997,-4.00534,0.0008769999999999997,-3.70383
0.0008779999999999999,-4.00534,0.0008779999999999999,-3.50283
0.000879,-4.00534,0.000879,-3.50283
0.0008799999999999997,-3.80433,0.0008799999999999997,-3.50283
0.0008809999999999998,-4.00534,0.0008809999999999998,-3.50283
0.000882,-3.80433,0.000882,-3.50283
0.0008829999999999997,-3.80433,0.0008829999999999997,-3.50283
0.0008839999999999998,-4.00534,0.0008839999999999998,-3.50283
0.0008849999999999999,-3.80433,0.0008849999999999999,-3.50283
0.0008859999999999996,-3.80433,0.0008859999999999996,-3.70383
0.0008869999999999998,-3.80433,0.0008869999999999998,-3.50283
0.0008879999999999999,-3.60333,0.0008879999999999999,-3.50283
0.0008889999999999996,-3.60333,0.0008889999999999996,-3.30182
0.0008899999999999997,-3.60333,0.0008899999999999997,-3.30182
0.0008909999999999999,-3.60333,0.0008909999999999999,-3.30182
0.000892,-3.60333,0.000892,-3.30182
0.0008929999999999997,-3.40232,0.0008929999999999997,-3.30182
0.0008939999999999998,-3.40232,0.0008939999999999998,-3.30182
0.000895,-3.60333,0.000895,-3.10082
0.0008959999999999997,-3.60333,0.0008959999999999997,-3.30182
0.0008969999999999998,-3.40232,0.0008969999999999998,-3.10082
0.0008979999999999999,-3.40232,0.0008979999999999999,-3.10082
0.0008989999999999996,-3.40232,0.0008989999999999996,-3.10082
0.0008999999999999998,-3.40232,0.0008999999999999998,-2.89981
0.0009009999999999999,-3.40232,0.0009009999999999999,-2.89981
0.0009019999999999996,-3.20132,0.0009019999999999996,-2.89981
0.0009029999999999997,-3.20132,0.0009029999999999997,-2.89981
0.0009039999999999999,-3.20132,0.0009039999999999999,-2.89981
0.000905,-3.20132,0.000905,-2.89981
0.0009059999999999997,-3.20132,0.0009059999999999997,-3.10082
0.0009069999999999998,-3.00031,0.0009069999999999998,-2.89981
0.000908,-3.40232,0.000908,-2.89981
0.0009089999999999997,-3.00031,0.0009089999999999997,-2.89981
0.0009099999999999998,-3.00031,0.0009099999999999998,-2.69881
0.0009109999999999999,-3.00031,0.0009109999999999999,-2.69881
0.0009119999999999996,-3.00031,0.0009119999999999996,-2.89981
0.0009129999999999997,-3.00031,0.0009129999999999997,-2.69881
0.0009139999999999999,-3.00031,0.0009139999999999999,-2.4978
0.0009149999999999996,-2.79931,0.0009149999999999996,-2.4978
0.0009159999999999997,-3.00031,0.0009159999999999997,-2.4978
0.0009169999999999998,-3.00031,0.0009169999999999998,-2.4978
0.000918,-2.79931,0.000918,-2.4978
0.0009189999999999997,-2.79931,0.0009189999999999997,-2.4978
0.0009199999999999998,-2.79931,0.0009199999999999998,-2.2968
0.0009209999999999999,-2.5983,0.0009209999999999999,-2.2968
0.0009219999999999996,-2.5983,0.0009219999999999996,-2.2968
0.0009229999999999998,-2.5983,0.0009229999999999998,-2.2968
0.0009239999999999999,-2.5983,0.0009239999999999999,-2.4978
0.0009249999999999996,-2.3973,0.0009249999999999996,-2.2968
0.0009259999999999997,-2.5983,0.0009259999999999997,-2.2968
0.0009269999999999999,-2.5983,0.0009269999999999999,-2.09579
0.000928,-2.3973,0.000928,-2.2968
0.0009289999999999997,-2.3973,0.0009289999999999997,-2.09579
0.0009299999999999998,-2.3973,0.0009299999999999998,-2.09579
0.000931,-2.3973,0.000931,-2.09579
0.0009319999999999997,-2.5983,0.0009319999999999997,-2.09579
0.0009329999999999998,-2.3973,0.0009329999999999998,-2.09579
0.0009339999999999999,-2.3973,0.0009339999999999999,-2.09579
0.0009349999999999996,-2.19629,0.0009349999999999996,-1.89479
0.0009359999999999998,-2.3973,0.0009359999999999998,-1.89479
0.0009369999999999999,-2.19629,0.0009369999999999999,-1.69378
0.0009379999999999996,-2.19629,0.0009379999999999996,-1.89479
0.0009389999999999997,-2.19629,0.0009389999999999997,-1.89479
0.0009399999999999999,-1.99529,0.0009399999999999999,-1.69378
0.000941,-1.99529,0.000941,-1.89479
0.0009419999999999997,-1.99529,0.0009419999999999997,-1.69378
0.0009429999999999998,-1.99529,0.0009429999999999998,-1.69378
0.000944,-1.99529,0.000944,-1.89479
0.0009449999999999997,-1.99529,0.0009449999999999997,-1.69378
0.0009459999999999998,-1.99529,0.0009459999999999998,-1.69378
0.0009469999999999999,-1.79428,0.0009469999999999999,-1.69378
0.0009479999999999996,-1.99529,0.0009479999999999996,-1.69378
0.0009489999999999998,-1.79428,0.0009489999999999998,-1.49278
0.0009499999999999999,-1.79428,0.0009499999999999999,-1.69378
0.0009509999999999996,-1.79428,0.0009509999999999996,-1.49278
0.0009519999999999997,-1.59328,0.0009519999999999997,-1.29177
0.0009529999999999999,-1.79428,0.0009529999999999999,-1.49278
0.000954,-1.79428,0.000954,-1.29177
0.0009549999999999997,-1.59328,0.0009549999999999997,-1.49278
0.0009559999999999998,-1.59328,0.0009559999999999998,-1.29177
0.000957,-1.59328,0.000957,-1.29177
0.0009579999999999997,-1.39227,0.0009579999999999997,-1.29177
0.0009589999999999998,-1.39227,0.0009589999999999998,-1.29177
0.0009599999999999999,-1.39227,0.0009599999999999999,-1.09077
0.0009609999999999996,-1.39227,0.0009609999999999996,-1.09077
0.0009619999999999997,-1.39227,0.0009619999999999997,-1.09077
0.0009629999999999999,-1.39227,0.0009629999999999999,-1.09077
0.0009639999999999996,-1.19127,0.0009639999999999996,-0.889761
0.0009649999999999997,-0.990264,0.0009649999999999997,-1.09077
0.0009659999999999998,-1.19127,0.0009659999999999998,-0.889761
0.000967,-1.19127,0.000967,-0.889761
0.0009679999999999997,-0.990264,0.0009679999999999997,-0.889761
0.0009689999999999998,-1.19127,0.0009689999999999998,-0.889761
0.0009699999999999999,-0.789259,0.0009699999999999999,-0.889761
0.0009709999999999996,-0.990264,0.0009709999999999996,-0.688756
0.0009719999999999998,-0.990264,0.0009719999999999998,-0.889761
0.0009729999999999999,-0.789259,0.0009729999999999999,-0.889761
0.0009739999999999996,-0.789259,0.0009739999999999996,-0.688756
0.0009749999999999997,-0.789259,0.0009749999999999997,-0.688756
0.0009759999999999999,-0.990264,0.0009759999999999999,-0.688756
0.000977,-0.990264,0.000977,-0.688756
0.0009779999999999997,-0.789259,0.0009779999999999997,-0.487751
0.0009789999999999998,-0.789259,0.0009789999999999998,-0.286746
0.00098,-0.789259,0.00098,-0.487751
0.0009809999999999997,-0.588254,0.0009809999999999997,-0.487751
0.0009819999999999998,-0.789259,0.0009819999999999998,-0.487751
0.000983,-0.789259,0.000983,-0.487751
0.0009839999999999996,-0.789259,0.0009839999999999996,-0.487751
0.0009849999999999998,-0.588254,0.0009849999999999998,-0.286746
0.000986,-0.387249,0.000986,-0.286746
0.0009869999999999996,-0.387249,0.0009869999999999996,-0.286746
0.0009879999999999997,-0.387249,0.0009879999999999997,-0.286746
0.0009889999999999999,-0.588254,0.0009889999999999999,-0.286746
0.00099,-0.387249,0.00099,-0.286746
0.0009909999999999997,-0.387249,0.0009909999999999997,-0.085741
0.0009919999999999998,-0.387249,0.0009919999999999998,-0.085741
0.000993,-0.387249,0.000993,-0.085741
0.0009939999999999997,-0.387249,0.0009939999999999997,-0.085741
0.0009949999999999998,-0.186244,0.0009949999999999998,0.115264
0.000996,-0.186244,0.000996,0.115264
0.0009969999999999996,-0.186244,0.0009969999999999996,0.115264
0.0009979999999999998,-0.186244,0.0009979999999999998,0.115264
0.0009989999999999999,-0.186244,0.0009989999999999999,0.115264
0.0009999999999999996,0.014761,0.0009999999999999996,0.115264
0.0010009999999999997,-0.186244,0.0010009999999999997,0.115264
0.0010019999999999999,0.215766,0.0010019999999999999,0.316269
0.001003,0.014761,0.001003,0.316269
0.0010039999999999997,0.215766,0.0010039999999999997,0.316269
0.0010049999999999998,0.215766,0.0010049999999999998,0.115264
0.001006,0.215766,0.001006,0.316269
0.0010069999999999996,0.215766,0.0010069999999999996,0.517274
0.0010079999999999998,0.215766,0.0010079999999999998,0.517274
0.001009,0.215766,0.001009,0.517274
0.0010099999999999996,0.215766,0.0010099999999999996,0.316269
0.0010109999999999997,0.215766,0.0010109999999999997,0.517274
0.0010119999999999999,0.215766,0.0010119999999999999,0.517274
0.0010129999999999996,0.416772,0.0010129999999999996,0.517274
0.0010139999999999997,0.416772,0.0010139999999999997,0.517274
0.0010149999999999998,0.416772,0.0010149999999999998,0.718279
0.001016,0.617777,0.001016,0.718279
0.0010169999999999997,0.617777,0.0010169999999999997,0.718279
0.0010179999999999998,0.617777,0.0010179999999999998,0.718279
0.001019,0.416772,0.001019,0.718279
0.0010199999999999996,0.818782,0.0010199999999999996,0.718279
0.0010209999999999998,0.818782,0.0010209999999999998,0.919284
0.001022,0.617777,0.001022,0.919284
0.0010229999999999996,0.617777,0.0010229999999999996,0.919284
0.0010239999999999997,0.818782,0.0010239999999999997,0.919284
0.0010249999999999999,1.01979,0.0010249999999999999,0.919284
0.001026,0.818782,0.001026,1.12029
0.0010269999999999997,0.818782,0.0010269999999999997,1.12029
0.0010279999999999998,1.01979,0.0010279999999999998,1.12029
0.001029,1.01979,0.001029,1.12029
0.0010299999999999997,1.01979,0.0010299999999999997,1.12029
0.0010309999999999998,1.01979,0.0010309999999999998,1.32129
0.001032,1.01979,0.001032,1.32129
0.0010329999999999996,1.01979,0.0010329999999999996,1.12029
0.0010339999999999998,1.22079,0.0010339999999999998,1.32129
0.001035,1.22079,0.001035,1.32129
0.0010359999999999996,1.22079,0.0010359999999999996,1.32129
0.0010369999999999997,1.4218,0.0010369999999999997,1.5223
0.0010379999999999999,1.4218,0.0010379999999999999,1.32129
0.001039,1.22079,0.001039,1.32129
0.0010399999999999997,1.4218,0.0010399999999999997,1.5223
0.0010409999999999998,1.4218,0.0010409999999999998,1.5223
0.001042,1.4218,0.001042,1.5223
0.0010429999999999997,1.4218,0.0010429999999999997,1.5223
0.0010439999999999998,1.6228,0.0010439999999999998,1.7233
0.001045,1.4218,0.001045,1.5223
0.0010459999999999996,1.6228,0.0010459999999999996,1.7233
0.0010469999999999998,1.6228,0.0010469999999999998,1.7233
0.0010479999999999999,1.6228,0.0010479999999999999,1.7233
0.0010489999999999996,1.6228,0.0010489999999999996,1.7233
0.0010499999999999997,1.4218,0.0010499999999999997,1.7233
0.0010509999999999999,1.6228,0.0010509999999999999,1.7233
0.001052,1.82381,0.001052,1.7233
0.0010529999999999997,1.6228,0.0010529999999999997,1.92431
0.0010539999999999998,1.82381,0.0010539999999999998,1.92431
0.001055,1.82381,0.001055,1.92431
0.0010559999999999996,1.82381,0.0010559999999999996,1.92431
0.0010569999999999998,2.02481,0.0010569999999999998,2.12531
0.001058,1.82381,0.001058,2.12531
0.0010589999999999996,2.02481,0.0010589999999999996,2.12531
0.0010599999999999997,2.02481,0.0010599999999999997,2.12531
0.0010609999999999999,2.22582,0.0010609999999999999,2.12531
0.0010619999999999996,2.22582,0.0010619999999999996,2.12531
0.0010629999999999997,2.22582,0.0010629999999999997,2.12531
0.0010639999999999998,2.42682,0.0010639999999999998,2.32632
0.001065,2.22582,0.001065,2.12531
0.0010659999999999997,2.22582,0.0010659999999999997,2.12531
0.0010669999999999998,2.22582,0.0010669999999999998,2.32632
0.001068,2.22582,0.001068,2.32632
0.0010689999999999996,2.42682,0.0010689999999999996,2.32632
0.0010699999999999998,2.22582,0.0010699999999999998,2.32632
0.001071,2.42682,0.001071,2.32632
0.0010719999999999996,2.22582,0.0010719999999999996,2.52732
0.0010729999999999997,2.62783,0.0010729999999999997,2.52732
0.0010739999999999999,2.42682,0.0010739999999999999,2.32632
0.001075,2.42682,0.001075,2.52732
0.0010759999999999997,2.42682,0.0010759999999999997,2.52732
0.0010769999999999998,2.62783,0.0010769999999999998,2.52732
0.001078,2.82883,0.001078,2.72833
0.0010789999999999997,2.42682,0.0010789999999999997,2.72833
0.0010799999999999998,2.62783,0.0010799999999999998,2.72833
0.001081,2.62783,0.001081,2.72833
0.0010819999999999996,2.62783,0.0010819999999999996,2.52732
0.0010829999999999998,2.82883,0.0010829999999999998,2.72833
0.001084,2.82883,0.001084,2.72833
0.0010849999999999996,2.82883,0.0010849999999999996,2.92933
0.0010859999999999997,2.82883,0.0010859999999999997,2.92933
0.0010869999999999999,2.82883,0.0010869999999999999,2.92933
0.001088,3.02984,0.001088,2.92933
0.0010889999999999997,2.82883,0.0010889999999999997,3.13034
0.0010899999999999998,2.82883,0.0010899999999999998,3.13034
0.001091,3.02984,0.001091,2.92933
0.0010919999999999997,3.02984,0.0010919999999999997,2.72833
0.0010929999999999998,3.02984,0.0010929999999999998,2.92933
0.001094,3.02984,0.001094,3.13034
0.0010949999999999996,3.23084,0.0010949999999999996,3.13034
0.0010959999999999998,3.23084,0.0010959999999999998,3.13034
0.0010969999999999999,3.23084,0.0010969999999999999,3.13034
0.0010979999999999996,3.23084,0.0010979999999999996,3.13034
0.0010989999999999997,3.02984,0.0010989999999999997,3.33134
0.0010999999999999998,3.23084,0.0010999999999999998,3.13034
0.001101,3.43185,0.001101,3.33134
0.0011019999999999997,3.23084,0.0011019999999999997,3.33134
0.0011029999999999998,3.23084,0.0011029999999999998,3.33134
0.001104,3.43185,0.001104,3.33134
0.0011049999999999996,3.43185,0.0011049999999999996,3.33134
0.0011059999999999998,3.63285,0.0011059999999999998,3.33134
0.001107,3.43185,0.001107,3.53235
0.0011079999999999996,3.43185,0.0011079999999999996,3.53235
0.0011089999999999997,3.63285,0.0011089999999999997,3.53235
0.0011099999999999999,3.63285,0.0011099999999999999,3.53235
0.0011109999999999996,3.63285,0.0011109999999999996,3.53235
0.0011119999999999997,3.63285,0.0011119999999999997,3.53235
0.0011129999999999998,3.63285,0.0011129999999999998,3.53235
0.001114,3.63285,0.001114,3.53235
0.0011149999999999997,3.83386,0.0011149999999999997,3.53235
0.0011159999999999998,3.83386,0.0011159999999999998,3.73335
0.001117,3.63285,0.001117,3.73335
0.0011179999999999996,3.63285,0.0011179999999999996,3.73335
0.0011189999999999998,3.83386,0.0011189999999999998,3.93436
0.00112,3.83386,0.00112,3.73335
0.0011209999999999996,3.83386,0.0011209999999999996,3.93436
0.0011219999999999997,4.03486,0.0011219999999999997,3.73335
0.0011229999999999999,3.83386,0.0011229999999999999,3.93436
0.001124,4.03486,0.001124,3.73335
0.0011249999999999997,4.03486,0.0011249999999999997,3.73335
0.0011259999999999998,3.83386,0.0011259999999999998,3.73335
0.001127,4.03486,0.001127,3.93436
0.0011279999999999997,4.03486,0.0011279999999999997,3.93436
0.0011289999999999998,4.03486,0.0011289999999999998,3.93436
0.00113,4.03486,0.00113,3.93436
0.0011309999999999996,4.23587,0.0011309999999999996,3.93436
0.0011319999999999998,4.23587,0.0011319999999999998,3.93436
0.001133,4.03486,0.001133,4.13536
0.0011339999999999996,4.03486,0.0011339999999999996,3.93436
0.0011349999999999997,4.03486,0.0011349999999999997,4.33637
0.0011359999999999999,4.23587,0.0011359999999999999,4.13536
0.001137,4.23587,0.001137,4.13536
0.0011379999999999997,4.03486,0.0011379999999999997,4.13536
0.0011389999999999998,4.43687,0.0011389999999999998,4.13536
0.00114,4.23587,0.00114,4.33637
0.0011409999999999997,4.43687,0.0011409999999999997,4.33637
0.0011419999999999998,4.23587,0.0011419999999999998,4.13536
0.001143,4.43687,0.001143,4.33637
0.0011439999999999996,4.43687,0.0011439999999999996,4.33637
0.0011449999999999998,4.43687,0.0011449999999999998,4.33637
0.0011459999999999999,4.43687,0.0011459999999999999,4.33637
0.0011469999999999996,4.43687,0.0011469999999999996,4.33637
0.0011479999999999997,4.43687,0.0011479999999999997,4.53737
0.0011489999999999998,4.43687,0.0011489999999999998,4.33637
0.00115,4.43687,0.00115,4.33637
0.0011509999999999997,4.43687,0.0011509999999999997,4.53737
0.0011519999999999998,4.63788,0.0011519999999999998,4.53737
0.001153,4.63788,0.001153,4.53737
0.0011539999999999996,4.63788,0.0011539999999999996,4.53737
0.0011549999999999998,4.63788,0.0011549999999999998,4.53737
0.001156,4.63788,0.001156,4.53737
0.0011569999999999996,4.63788,0.0011569999999999996,4.53737
0.0011579999999999997,4.63788,0.0011579999999999997,4.53737
0.0011589999999999999,4.63788,0.0011589999999999999,4.73838
0.0011599999999999996,4.63788,0.0011599999999999996,4.53737
0.0011609999999999997,4.63788,0.0011609999999999997,4.73838
0.0011619999999999998,4.63788,0.0011619999999999998,4.53737
0.001163,4.83888,0.001163,4.53737
0.0011639999999999997,4.63788,0.0011639999999999997,4.73838
0.0011649999999999998,4.83888,0.0011649999999999998,4.73838
0.001166,4.83888,0.001166,4.73838
0.0011669999999999996,4.63788,0.0011669999999999996,4.73838
0.0011679999999999998,4.63788,0.0011679999999999998,4.73838
0.001169,4.83888,0.001169,4.73838
0.0011699999999999996,4.83888,0.0011699999999999996,4.73838
0.0011709999999999997,5.03989,0.0011709999999999997,4.93938
0.0011719999999999999,4.83888,0.0011719999999999999,4.93938
0.001173,4.83888,0.001173,4.73838
0.0011739999999999997,4.83888,0.0011739999999999997,4.73838
0.0011749999999999998,5.03989,0.0011749999999999998,4.93938
0.001176,5.03989,0.001176,5.14039
0.0011769999999999997,5.03989,0.0011769999999999997,4.93938
0.0011779999999999998,4.83888,0.0011779999999999998,4.93938
0.001179,5.03989,0.001179,5.14039
0.0011799999999999996,5.03989,0.0011799999999999996,4.93938
0.0011809999999999998,5.03989,0.0011809999999999998,4.93938
0.0011819999999999999,5.03989,0.0011819999999999999,4.93938
0.0011829999999999996,5.03989,0.0011829999999999996,4.93938
0.0011839999999999997,5.03989,0.0011839999999999997,4.93938
0.0011849999999999999,5.03989,0.0011849999999999999,4.93938
0.001186,5.24089,0.001186,4.93938
0.0011869999999999997,5.24089,0.0011869999999999997,4.93938
0.0011879999999999998,5.03989,0.0011879999999999998,5.14039
0.001189,5.03989,0.001189,4.93938
0.0011899999999999997,5.03989,0.0011899999999999997,4.93938
0.0011909999999999998,5.24089,0.0011909999999999998,5.14039
0.001192,5.24089,0.001192,5.14039
0.0011929999999999996,5.24089,0.0011929999999999996,4.93938
0.0011939999999999997,5.24089,0.0011939999999999997,5.14039
0.0011949999999999999,5.24089,0.0011949999999999999,5.14039
0.0011959999999999996,5.24089,0.0011959999999999996,4.93938
0.0011969999999999997,5.24089,0.0011969999999999997,5.14039
0.0011979999999999998,5.24089,0.0011979999999999998,4.93938
0.001199,5.24089,0.001199,5.14039
0.0011999999999999997,5.24089,0.0011999999999999997,5.14039
0.0012009999999999998,5.24089,0.0012009999999999998,5.14039
0.001202,5.24089,0.001202,5.14039
0.0012029999999999996,5.4419,0.0012029999999999996,5.14039
0.0012039999999999998,5.24089,0.0012039999999999998,5.14039
0.001205,5.4419,0.001205,5.14039
0.0012059999999999996,5.24089,0.0012059999999999996,5.14039
0.0012069999999999997,5.4419,0.0012069999999999997,5.14039
0.0012079999999999999,5.4419,0.0012079999999999999,5.14039
0.0012089999999999996,5.24089,0.0012089999999999996,5.14039
0.0012099999999999997,5.24089,0.0012099999999999997,5.14039
0.0012109999999999998,5.4419,0.0012109999999999998,5.34139
0.001212,5.4419,0.001212,5.34139
0.0012129999999999997,5.4419,0.0012129999999999997,5.14039
0.0012139999999999998,5.4419,0.0012139999999999998,5.34139
0.001215,5.4419,0.001215,5.14039
0.0012159999999999996,5.4419,0.0012159999999999996,5.5424
0.0012169999999999998,5.4419,0.0012169999999999998,5.14039
0.001218,5.6429,0.001218,5.34139
0.0012189999999999996,5.6429,0.0012189999999999996,5.14039
0.0012199999999999997,5.6429,0.0012199999999999997,5.34139
0.0012209999999999999,5.4419,0.0012209999999999999,5.34139
0.001222,5.4419,0.001222,5.34139
0.0012229999999999997,5.6429,0.0012229999999999997,5.34139
0.0012239999999999998,5.4419,0.0012239999999999998,5.34139
0.001225,5.4419,0.001225,5.34139
0.0012259999999999997,5.6429,0.0012259999999999997,5.34139
0.0012269999999999998,5.6429,0.0012269999999999998,5.5424
0.001228,5.6429,0.001228,5.34139
0.0012289999999999996,5.4419,0.0012289999999999996,5.34139
0.0012299999999999998,5.4419,0.0012299999999999998,5.34139
0.0012309999999999999,5.6429,0.0012309999999999999,5.5424
0.0012319999999999996,5.4419,0.0012319999999999996,5.34139
0.0012329999999999997,5.6429,0.0012329999999999997,5.34139
0.0012339999999999999,5.4419,0.0012339999999999999,5.5424
0.001235,5.24089,0.001235,5.34139
0.0012359999999999997,5.6429,0.0012359999999999997,5.34139
0.0012369999999999998,5.4419,0.0012369999999999998,5.34139
0.001238,5.6429,0.001238,5.34139
0.0012389999999999997,5.4419,0.0012389999999999997,5.5424
0.0012399999999999998,5.4419,0.0012399999999999998,5.34139
0.001241,5.6429,0.001241,5.34139
0.0012419999999999996,5.6429,0.0012419999999999996,5.34139
0.0012429999999999997,5.6429,0.0012429999999999997,5.5424
0.0012439999999999999,5.6429,0.0012439999999999999,5.14039
0.0012449999999999996,5.4419,0.0012449999999999996,5.34139
0.0012459999999999997,5.6429,0.0012459999999999997,5.34139
0.0012469999999999998,5.4419,0.0012469999999999998,5.34139
0.001248,5.4419,0.001248,5.5424
0.0012489999999999997,5.6429,0.0012489999999999997,5.5424
0.0012499999999999998,5.4419,0.0012499999999999998,5.34139
0.001251,5.6429,0.001251,5.5424
0.0012519999999999996,5.6429,0.0012519999999999996,5.5424
0.0012529999999999998,5.6429,0.0012529999999999998,5.34139
0.001254,5.84391,0.001254,5.34139
0.0012549999999999996,5.6429,0.0012549999999999996,5.34139
0.0012559999999999997,5.6429,0.0012559999999999997,5.34139
0.0012569999999999999,5.6429,0.0012569999999999999,5.34139
0.0012579999999999996,5.6429,0.0012579999999999996,5.5424
0.0012589999999999997,5.6429,0.0012589999999999997,5.34139
0.0012599999999999998,5.6429,0.0012599999999999998,5.34139
0.001261,5.6429,0.001261,5.34139
0.0012619999999999997,5.6429,0.0012619999999999997,5.5424
0.0012629999999999998,5.6429,0.0012629999999999998,5.5424
0.001264,5.6429,0.001264,5.5424
0.0012649999999999996,5.6429,0.0012649999999999996,5.5424
0.0012659999999999998,5.6429,0.0012659999999999998,5.34139
0.001267,5.4419,0.001267,5.34139
0.0012679999999999996,5.6429,0.0012679999999999996,5.34139
0.0012689999999999997,5.6429,0.0012689999999999997,5.34139
0.0012699999999999999,5.4419,0.0012699999999999999,5.34139
0.0012709999999999996,5.6429,0.0012709999999999996,5.34139
0.0012719999999999997,5.6429,0.0012719999999999997,5.34139
0.0012729999999999998,5.6429,0.0012729999999999998,5.5424
0.001274,5.4419,0.001274,5.34139
0.0012749999999999997,5.6429,0.0012749999999999997,5.34139
0.0012759999999999998,5.4419,0.0012759999999999998,5.34139
0.001277,5.4419,0.001277,5.5424
0.0012779999999999996,5.4419,0.0012779999999999996,5.34139
0.0012789999999999998,5.4419,0.0012789999999999998,5.14039
0.0012799999999999999,5.4419,0.0012799999999999999,5.14039
0.0012809999999999996,5.4419,0.0012809999999999996,5.34139
0.0012819999999999997,5.4419,0.0012819999999999997,5.14039
0.0012829999999999999,5.4419,0.0012829999999999999,5.14039
0.001284,5.4419,0.001284,5.14039
0.0012849999999999997,5.24089,0.0012849999999999997,5.14039
0.0012859999999999998,5.4419,0.0012859999999999998,5.14039
0.001287,5.4419,0.001287,5.14039
0.0012879999999999996,5.4419,0.0012879999999999996,5.14039
0.0012889999999999998,5.24089,0.0012889999999999998,5.14039
0.00129,5.24089,0.00129,5.14039
0.0012909999999999996,5.24089,0.0012909999999999996,5.14039
0.0012919999999999997,5.24089,0.0012919999999999997,5.14039
0.0012929999999999999,5.24089,0.0012929999999999999,5.14039
0.0012939999999999996,5.4419,0.0012939999999999996,5.14039
0.0012949999999999997,5.24089,0.0012949999999999997,5.14039
0.0012959999999999998,5.4419,0.0012959999999999998,4.93938
0.001297,5.24089,0.001297,5.14039
0.0012979999999999997,5.4419,0.0012979999999999997,4.93938
0.0012989999999999998,5.24089,0.0012989999999999998,4.93938
0.0013,5.24089,0.0013,5.14039
0.0013009999999999996,5.24089,0.0013009999999999996,5.14039
0.0013019999999999998,5.24089,0.0013019999999999998,4.93938
0.001303,5.24089,0.001303,4.93938
0.0013039999999999996,5.24089,0.0013039999999999996,4.93938
0.0013049999999999997,5.24089,0.0013049999999999997,4.93938
0.0013059999999999999,5.03989,0.0013059999999999999,4.93938
0.0013069999999999996,5.24089,0.0013069999999999996,4.93938
0.0013079999999999997,5.24089,0.0013079999999999997,4.93938
0.0013089999999999998,5.03989,0.0013089999999999998,4.93938
0.00131,4.83888,0.00131,4.93938
0.0013109999999999997,5.03989,0.0013109999999999997,4.93938
0.0013119999999999998,5.03989,0.0013119999999999998,4.73838
0.001313,5.03989,0.001313,4.73838
0.0013139999999999996,5.03989,0.0013139999999999996,4.93938
0.0013149999999999998,4.83888,0.0013149999999999998,4.73838
0.001316,5.03989,0.001316,4.73838
0.0013169999999999996,5.03989,0.0013169999999999996,4.73838
0.0013179999999999997,4.83888,0.0013179999999999997,4.73838
0.0013189999999999999,4.83888,0.0013189999999999999,4.73838
0.0013199999999999996,4.83888,0.0013199999999999996,4.53737
0.0013209999999999997,5.03989,0.0013209999999999997,4.93938
0.0013219999999999998,4.83888,0.0013219999999999998,4.53737
0.001323,4.83888,0.001323,4.73838
0.0013239999999999997,5.03989,0.0013239999999999997,4.53737
0.0013249999999999998,4.83888,0.0013249999999999998,4.53737
0.001326,4.83888,0.001326,4.73838
0.0013269999999999996,4.63788,0.0013269999999999996,4.73838
0.0013279999999999998,4.83888,0.0013279999999999998,4.53737
0.0013289999999999999,4.63788,0.0013289999999999999,4.53737
0.0013299999999999996,4.83888,0.0013299999999999996,4.53737
0.0013309999999999997,4.83888,0.0013309999999999997,4.53737
0.0013319999999999999,4.83888,0.0013319999999999999,4.53737
0.001333,4.83888,0.001333,4.53737
0.0013339999999999997,4.63788,0.0013339999999999997,4.53737
0.0013349999999999998,4.63788,0.0013349999999999998,4.33637
0.001336,4.63788,0.001336,4.53737
0.0013369999999999996,4.63788,0.0013369999999999996,4.53737
0.0013379999999999998,4.63788,0.0013379999999999998,4.33637
0.001339,4.63788,0.001339,4.33637
0.0013399999999999996,4.43687,0.0013399999999999996,4.53737
0.0013409999999999997,4.63788,0.0013409999999999997,4.33637
0.0013419999999999999,4.43687,0.0013419999999999999,4.33637
0.0013429999999999996,4.43687,0.0013429999999999996,4.33637
0.0013439999999999997,4.43687,0.0013439999999999997,4.33637
0.0013449999999999998,4.43687,0.0013449999999999998,4.13536
0.001346,4.43687,0.001346,4.33637
0.0013469999999999997,4.63788,0.0013469999999999997,4.33637
0.0013479999999999998,4.43687,0.0013479999999999998,4.13536
0.001349,4.23587,0.001349,4.13536
0.0013499999999999996,4.23587,0.0013499999999999996,4.13536
0.0013509999999999998,4.23587,0.0013509999999999998,4.13536
0.001352,4.23587,0.001352,3.93436
0.0013529999999999996,4.23587,0.0013529999999999996,3.93436
0.0013539999999999997,4.03486,0.0013539999999999997,4.13536
0.0013549999999999999,4.03486,0.0013549999999999999,4.13536
0.0013559999999999996,4.23587,0.0013559999999999996,3.93436
0.0013569999999999997,4.23587,0.0013569999999999997,4.13536
0.0013579999999999998,4.03486,0.0013579999999999998,3.93436
0.001359,4.23587,0.001359,4.13536
0.0013599999999999997,4.03486,0.0013599999999999997,3.93436
0.0013609999999999998,4.03486,0.0013609999999999998,3.93436
0.001362,4.03486,0.001362,3.73335
0.0013629999999999996,4.23587,0.0013629999999999996,3.73335
0.0013639999999999998,4.03486,0.0013639999999999998,3.73335
0.001365,4.03486,0.001365,3.73335
0.0013659999999999996,4.03486,0.0013659999999999996,3.93436
0.0013669999999999997,3.83386,0.0013669999999999997,3.73335
0.0013679999999999999,3.83386,0.0013679999999999999,3.73335
0.0013689999999999996,3.83386,0.0013689999999999996,3.73335
0.0013699999999999997,3.83386,0.0013699999999999997,3.73335
0.0013709999999999998,3.83386,0.0013709999999999998,3.73335
0.001372,3.83386,0.001372,3.53235
0.0013729999999999997,3.83386,0.0013729999999999997,3.53235
0.0013739999999999998,3.63285,0.0013739999999999998,3.53235
0.001375,3.63285,0.001375,3.53235
0.0013759999999999996,3.83386,0.0013759999999999996,3.53235
0.0013769999999999998,3.63285,0.0013769999999999998,3.53235
0.0013779999999999999,3.83386,0.0013779999999999999,3.53235
0.0013789999999999996,3.63285,0.0013789999999999996,3.53235
0.0013799999999999997,3.63285,0.0013799999999999997,3.33134
0.0013809999999999998,3.63285,0.0013809999999999998,3.53235
0.001382,3.63285,0.001382,3.33134
0.0013829999999999997,3.63285,0.0013829999999999997,3.33134
0.0013839999999999998,3.43185,0.0013839999999999998,3.33134
0.001385,3.43185,0.001385,3.33134
0.0013859999999999996,3.43185,0.0013859999999999996,3.53235
0.0013869999999999998,3.43185,0.0013869999999999998,3.33134
0.001388,3.43185,0.001388,3.33134
0.0013889999999999996,3.43185,0.0013889999999999996,3.13034
0.0013899999999999997,3.43185,0.0013899999999999997,3.33134
0.0013909999999999999,3.23084,0.0013909999999999999,3.13034
0.0013919999999999996,3.23084,0.0013919999999999996,3.13034
0.0013929999999999997,3.23084,0.0013929999999999997,3.33134
0.0013939999999999998,3.23084,0.0013939999999999998,3.13034
0.001395,3.23084,0.001395,2.92933
0.0013959999999999997,3.43185,0.0013959999999999997,2.92933
0.0013969999999999998,3.02984,0.0013969999999999998,3.13034
0.001398,3.02984,0.001398,3.13034
0.0013989999999999996,3.02984,0.0013989999999999996,2.92933
0.0013999999999999998,3.02984,0.0013999999999999998,3.13034
0.001401,3.23084,0.001401,2.92933
0.0014019999999999996,3.23084,0.0014019999999999996,2.92933
0.0014029999999999997,3.02984,0.0014029999999999997,2.92933
0.0014039999999999999,3.02984,0.0014039999999999999,2.72833
0.0014049999999999996,2.82883,0.0014049999999999996,2.72833
0.0014059999999999997,2.82883,0.0014059999999999997,2.72833
0.0014069999999999998,2.82883,0.0014069999999999998,2.72833
0.001408,2.82883,0.001408,2.72833
0.001409,2.62783,0.001409,2.72833
0.0014099999999999994,2.82883,0.0014099999999999994,2.52732
0.0014109999999999995,2.82883,0.0014109999999999995,2.52732
0.0014119999999999996,2.82883,0.0014119999999999996,2.52732
0.0014129999999999998,2.42682,0.0014129999999999998,2.52732
0.001414,2.62783,0.001414,2.52732
0.001415,2.62783,0.001415,2.32632
0.0014160000000000002,2.42682,0.0014160000000000002,2.32632
0.0014169999999999994,2.42682,0.0014169999999999994,2.32632
0.0014179999999999996,2.42682,0.0014179999999999996,2.32632
0.0014189999999999997,2.42682,0.0014189999999999997,2.32632
0.0014199999999999998,2.42682,0.0014199999999999998,2.32632
0.001421,2.42682,0.001421,2.32632
0.001422,2.22582,0.001422,2.12531
0.0014229999999999994,2.42682,0.0014229999999999994,2.32632
0.0014239999999999995,2.22582,0.0014239999999999995,2.32632
0.0014249999999999996,2.22582,0.0014249999999999996,2.12531
0.0014259999999999998,2.42682,0.0014259999999999998,2.12531
0.0014269999999999999,2.02481,0.0014269999999999999,2.12531
0.001428,2.22582,0.001428,2.12531
0.0014290000000000001,2.22582,0.0014290000000000001,2.12531
0.0014299999999999994,2.22582,0.0014299999999999994,1.92431
0.0014309999999999995,2.02481,0.0014309999999999995,1.92431
0.0014319999999999997,2.02481,0.0014319999999999997,1.92431
0.0014329999999999998,2.02481,0.0014329999999999998,1.92431
0.001434,2.02481,0.001434,1.92431
0.001435,2.02481,0.001435,1.92431
0.0014359999999999993,2.02481,0.0014359999999999993,1.92431
0.0014369999999999995,1.82381,0.0014369999999999995,1.7233
0.0014379999999999996,1.82381,0.0014379999999999996,1.7233
0.0014389999999999997,1.6228,0.0014389999999999997,1.7233
0.0014399999999999999,1.82381,0.0014399999999999999,1.7233
0.001441,1.6228,0.001441,1.7233
0.0014420000000000001,1.6228,0.0014420000000000001,1.5223
0.0014429999999999994,1.6228,0.0014429999999999994,1.5223
0.0014439999999999995,1.6228,0.0014439999999999995,1.5223
0.0014449999999999997,1.6228,0.0014449999999999997,1.5223
0.0014459999999999998,1.6228,0.0014459999999999998,1.5223
0.001447,1.6228,0.001447,1.5223
0.001448,1.4218,0.001448,1.5223
0.0014490000000000002,1.4218,0.0014490000000000002,1.5223
0.0014499999999999995,1.4218,0.0014499999999999995,1.32129
0.0014509999999999996,1.4218,0.0014509999999999996,1.32129
0.0014519999999999997,1.4218,0.0014519999999999997,1.32129
0.0014529999999999999,1.4218,0.0014529999999999999,1.32129
0.001454,1.4218,0.001454,1.12029
0.0014550000000000001,1.4218,0.0014550000000000001,1.12029
0.0014559999999999994,1.4218,0.0014559999999999994,1.12029
0.0014569999999999995,1.22079,0.0014569999999999995,1.12029
0.0014579999999999997,1.22079,0.0014579999999999997,1.12029
0.0014589999999999998,1.22079,0.0014589999999999998,1.12029
0.00146,1.22079,0.00146,1.12029
0.001461,1.01979,0.001461,1.12029
0.0014620000000000002,1.01979,0.0014620000000000002,0.919284
0.0014629999999999995,1.01979,0.0014629999999999995,0.919284
0.0014639999999999996,1.01979,0.0014639999999999996,0.919284
0.0014649999999999997,1.01979,0.0014649999999999997,0.919284
0.0014659999999999999,0.818782,0.0014659999999999999,0.718279
0.001467,0.818782,0.001467,0.718279
0.0014680000000000001,0.818782,0.0014680000000000001,0.718279
0.0014689999999999994,0.818782,0.0014689999999999994,0.718279
0.0014699999999999995,0.818782,0.0014699999999999995,0.718279
0.0014709999999999997,0.818782,0.0014709999999999997,0.718279
0.0014719999999999998,0.818782,0.0014719999999999998,0.718279
0.001473,0.617777,0.001473,0.517274
0.001474,0.617777,0.001474,0.517274
0.0014750000000000002,0.617777,0.0014750000000000002,0.718279
0.0014759999999999994,0.617777,0.0014759999999999994,0.517274
0.0014769999999999996,0.416772,0.0014769999999999996,0.517274
0.0014779999999999997,0.617777,0.0014779999999999997,0.517274
0.0014789999999999998,0.617777,0.0014789999999999998,0.316269
0.00148,0.215766,0.00148,0.517274
0.0014810000000000001,0.416772,0.0014810000000000001,0.316269
0.0014819999999999994,0.416772,0.0014819999999999994,0.316269
0.0014829999999999995,0.416772,0.0014829999999999995,0.316269
0.0014839999999999996,0.215766,0.0014839999999999996,0.316269
0.0014849999999999998,0.416772,0.0014849999999999998,0.316269
0.001486,0.215766,0.001486,0.316269
0.001487,0.416772,0.001487,0.115264
0.0014880000000000002,0.215766,0.0014880000000000002,0.316269
0.0014889999999999994,0.215766,0.0014889999999999994,-0.085741
0.0014899999999999996,0.215766,0.0014899999999999996,0.115264
0.0014909999999999997,0.014761,0.0014909999999999997,-0.085741
0.0014919999999999998,0.014761,0.0014919999999999998,-0.085741
0.001493,0.014761,0.001493,-0.085741
0.001494,-0.186244,0.001494,0.115264
0.0014949999999999994,0.014761,0.0014949999999999994,-0.085741
0.0014959999999999995,0.014761,0.0014959999999999995,-0.286746
0.0014969999999999996,0.014761,0.0014969999999999996,-0.286746
0.0014979999999999998,-0.186244,0.0014979999999999998,-0.286746
0.001499,-0.186244,0.001499,-0.085741
0.0015,0.014761,0.0015,-0.085741
0.0015010000000000002,-0.186244,0.0015010000000000002,-0.487751
0.0015019999999999994,-0.186244,0.0015019999999999994,-0.286746
0.0015029999999999996,-0.186244,0.0015029999999999996,-0.286746
0.0015039999999999997,-0.387249,0.0015039999999999997,-0.286746
0.0015049999999999998,-0.387249,0.0015049999999999998,-0.085741
0.001506,-0.387249,0.001506,-0.487751
0.001507,-0.387249,0.001507,-0.487751
0.0015079999999999994,-0.588254,0.0015079999999999994,-0.487751
0.0015089999999999995,-0.588254,0.0015089999999999995,-0.487751
0.0015099999999999996,-0.387249,0.0015099999999999996,-0.487751
0.0015109999999999998,-0.588254,0.0015109999999999998,-0.688756
0.0015119999999999999,-0.789259,0.0015119999999999999,-0.487751
0.001513,-0.588254,0.001513,-0.688756
0.0015140000000000002,-0.789259,0.0015140000000000002,-0.889761
0.0015149999999999994,-0.588254,0.0015149999999999994,-0.688756
0.0015159999999999996,-0.588254,0.0015159999999999996,-0.889761
0.0015169999999999997,-0.990264,0.0015169999999999997,-0.688756
0.0015179999999999998,-0.789259,0.0015179999999999998,-0.889761
0.001519,-0.789259,0.001519,-0.889761
0.00152,-0.789259,0.00152,-0.889761
0.0015209999999999993,-0.990264,0.0015209999999999993,-0.889761
0.0015219999999999995,-0.789259,0.0015219999999999995,-0.889761
0.0015229999999999996,-0.990264,0.0015229999999999996,-1.09077
0.0015239999999999997,-0.990264,0.0015239999999999997,-1.09077
0.0015249999999999999,-0.990264,0.0015249999999999999,-1.09077
0.001526,-0.990264,0.001526,-1.09077
0.0015270000000000001,-1.19127,0.0015270000000000001,-1.29177
0.0015279999999999994,-0.990264,0.0015279999999999994,-1.09077
0.0015289999999999995,-1.19127,0.0015289999999999995,-1.09077
0.0015299999999999997,-1.19127,0.0015299999999999997,-1.09077
0.0015309999999999998,-1.19127,0.0015309999999999998,-1.29177
0.001532,-0.990264,0.001532,-1.29177
0.001533,-1.19127,0.001533,-1.29177
0.0015339999999999993,-1.19127,0.0015339999999999993,-1.29177
0.0015349999999999995,-1.19127,0.0015349999999999995,-1.29177
0.0015359999999999996,-1.39227,0.0015359999999999996,-1.49278
0.0015369999999999997,-1.39227,0.0015369999999999997,-1.49278
0.0015379999999999999,-1.39227,0.0015379999999999999,-1.49278
0.001539,-1.59328,0.001539,-1.29177
0.0015400000000000001,-1.39227,0.0015400000000000001,-1.29177
0.0015409999999999994,-1.59328,0.0015409999999999994,-1.49278
0.0015419999999999995,-1.59328,0.0015419999999999995,-1.49278
0.0015429999999999997,-1.59328,0.0015429999999999997,-1.69378
0.0015439999999999998,-1.59328,0.0015439999999999998,-1.49278
0.001545,-1.79428,0.001545,-1.69378
0.001546,-1.59328,0.001546,-1.49278
0.0015470000000000002,-1.79428,0.0015470000000000002,-1.69378
0.0015479999999999995,-1.79428,0.0015479999999999995,-1.69378
0.0015489999999999996,-1.79428,0.0015489999999999996,-1.89479
0.0015499999999999997,-1.79428,0.0015499999999999997,-1.69378
0.0015509999999999999,-1.79428,0.0015509999999999999,-1.89479
0.001552,-1.99529,0.001552,-1.89479
0.0015530000000000001,-1.99529,0.0015530000000000001,-1.69378
0.0015539999999999994,-1.99529,0.0015539999999999994,-1.89479
0.0015549999999999995,-1.99529,0.0015549999999999995,-1.89479
0.0015559999999999997,-1.99529,0.0015559999999999997,-2.09579
0.0015569999999999998,-1.99529,0.0015569999999999998,-1.89479
0.001558,-1.99529,0.001558,-1.89479
0.001559,-2.19629,0.001559,-2.09579
0.0015600000000000002,-1.99529,0.0015600000000000002,-1.89479
0.0015609999999999995,-1.99529,0.0015609999999999995,-2.2968
0.0015619999999999996,-2.19629,0.0015619999999999996,-1.89479
0.0015629999999999997,-2.3973,0.0015629999999999997,-2.09579
0.0015639999999999999,-2.19629,0.0015639999999999999,-2.2968
0.001565,-2.3973,0.001565,-2.2968
0.0015660000000000001,-2.5983,0.0015660000000000001,-2.2968
0.0015669999999999994,-2.3973,0.0015669999999999994,-2.2968
0.0015679999999999995,-2.3973,0.0015679999999999995,-2.2968
0.0015689999999999996,-2.5983,0.0015689999999999996,-2.2968
0.0015699999999999998,-2.3973,0.0015699999999999998,-2.4978
0.001571,-2.5983,0.001571,-2.2968
0.001572,-2.3973,0.001572,-2.2968
0.0015730000000000002,-2.5983,0.0015730000000000002,-2.4978
0.0015739999999999994,-2.79931,0.0015739999999999994,-2.2968
0.0015749999999999996,-2.5983,0.0015749999999999996,-2.4978
0.0015759999999999997,-2.5983,0.0015759999999999997,-2.4978
0.0015769999999999998,-2.5983,0.0015769999999999998,-2.4978
0.001578,-2.79931,0.001578,-2.69881
0.001579,-2.79931,0.001579,-2.89981
0.0015799999999999994,-2.5983,0.0015799999999999994,-2.69881
0.0015809999999999995,-3.00031,0.0015809999999999995,-2.69881
0.0015819999999999996,-3.00031,0.0015819999999999996,-2.4978
0.0015829999999999998,-2.79931,0.0015829999999999998,-2.89981
0.001584,-3.00031,0.001584,-2.89981
0.001585,-3.00031,0.001585,-2.89981
0.0015860000000000002,-3.00031,0.0015860000000000002,-2.69881
0.0015869999999999994,-3.00031,0.0015869999999999994,-2.69881
0.0015879999999999996,-3.00031,0.0015879999999999996,-2.89981
0.0015889999999999997,-2.79931,0.0015889999999999997,-2.89981
0.0015899999999999998,-3.00031,0.0015899999999999998,-2.89981
0.001591,-3.20132,0.001591,-2.89981
0.001592,-3.00031,0.001592,-3.10082
0.0015929999999999994,-3.20132,0.0015929999999999994,-2.89981
0.0015939999999999995,-3.40232,0.0015939999999999995,-2.89981
0.0015949999999999996,-3.40232,0.0015949999999999996,-3.10082
0.0015959999999999998,-3.20132,0.0015959999999999998,-3.10082
0.001597,-3.20132,0.001597,-3.10082
0.001598,-3.20132,0.001598,-3.10082
0.0015990000000000002,-3.40232,0.0015990000000000002,-3.10082
0.0015999999999999994,-3.40232,0.0015999999999999994,-3.10082
0.0016009999999999996,-3.40232,0.0016009999999999996,-3.30182
0.0016019999999999997,-3.40232,0.0016019999999999997,-3.30182
0.0016029999999999998,-3.40232,0.0016029999999999998,-3.30182
0.001604,-3.40232,0.001604,-3.30182
0.001605,-3.40232,0.001605,-3.30182
0.0016059999999999994,-3.40232,0.0016059999999999994,-3.30182
0.0016069999999999995,-3.40232,0.0016069999999999995,-3.30182
0.0016079999999999996,-3.60333,0.0016079999999999996,-3.30182
0.0016089999999999998,-3.60333,0.0016089999999999998,-3.10082
0.0016099999999999999,-3.60333,0.0016099999999999999,-3.30182
0.001611,-3.60333,0.001611,-3.30182
0.0016120000000000002,-3.80433,0.0016120000000000002,-3.50283
0.0016129999999999994,-3.80433,0.0016129999999999994,-3.70383
0.0016139999999999995,-3.60333,0.0016139999999999995,-3.50283
0.0016149999999999997,-3.80433,0.0016149999999999997,-3.50283
0.0016159999999999998,-3.80433,0.0016159999999999998,-3.50283
0.001617,-3.60333,0.001617,-3.50283
0.001618,-4.00534,0.001618,-3.50283
0.0016189999999999993,-4.00534,0.0016189999999999993,-3.70383
0.0016199999999999995,-3.80433,0.0016199999999999995,-3.70383
0.0016209999999999996,-4.00534,0.0016209999999999996,-3.70383
0.0016219999999999997,-4.00534,0.0016219999999999997,-3.70383
0.0016229999999999999,-3.80433,0.0016229999999999999,-3.70383
0.001624,-4.00534,0.001624,-3.70383
0.0016250000000000001,-4.00534,0.0016250000000000001,-3.70383
0.0016259999999999994,-4.00534,0.0016259999999999994,-3.90484
0.0016269999999999995,-4.00534,0.0016269999999999995,-3.70383
0.0016279999999999997,-4.00534,0.0016279999999999997,-3.70383
0.0016289999999999998,-4.20634,0.0016289999999999998,-3.90484
0.00163,-4.20634,0.00163,-3.90484
0.001631,-4.40735,0.001631,-3.90484
0.0016319999999999993,-4.20634,0.0016319999999999993,-3.90484
0.0016329999999999995,-4.20634,0.0016329999999999995,-3.90484
0.0016339999999999996,-4.20634,0.0016339999999999996,-3.90484
0.0016349999999999997,-4.20634,0.0016349999999999997,-4.10584
0.0016359999999999999,-4.20634,0.0016359999999999999,-4.10584
0.001637,-4.40735,0.001637,-4.10584
0.0016380000000000001,-4.40735,0.0016380000000000001,-4.10584
0.0016389999999999994,-4.20634,0.0016389999999999994,-3.90484
0.0016399999999999995,-4.40735,0.0016399999999999995,-4.10584
0.0016409999999999997,-4.40735,0.0016409999999999997,-4.10584
0.0016419999999999998,-4.40735,0.0016419999999999998,-4.10584
0.001643,-4.40735,0.001643,-4.30685
0.001644,-4.60835,0.001644,-4.10584
0.0016449999999999993,-4.40735,0.0016449999999999993,-4.10584
0.0016459999999999995,-4.40735,0.0016459999999999995,-4.30685
0.0016469999999999996,-4.60835,0.0016469999999999996,-4.30685
0.0016479999999999997,-4.40735,0.0016479999999999997,-4.10584
0.0016489999999999999,-4.60835,0.0016489999999999999,-4.30685
0.00165,-4.60835,0.00165,-4.30685
0.0016510000000000001,-4.60835,0.0016510000000000001,-4.30685
0.0016519999999999994,-4.60835,0.0016519999999999994,-4.30685
0.0016529999999999995,-4.60835,0.0016529999999999995,-4.30685
0.0016539999999999997,-4.60835,0.0016539999999999997,-4.30685
0.0016549999999999998,-4.60835,0.0016549999999999998,-4.30685
0.001656,-4.60835,0.001656,-4.30685
0.001657,-4.60835,0.001657,-4.30685
0.0016580000000000002,-4.80936,0.0016580000000000002,-4.50785
0.0016589999999999995,-4.60835,0.0016589999999999995,-4.30685
0.0016599999999999996,-4.80936,0.0016599999999999996,-4.50785
0.0016609999999999997,-4.80936,0.0016609999999999997,-4.50785
0.0016619999999999998,-4.80936,0.0016619999999999998,-4.50785
0.001663,-5.01036,0.001663,-4.50785
0.0016640000000000001,-4.80936,0.0016640000000000001,-4.50785
0.0016649999999999994,-5.01036,0.0016649999999999994,-4.50785
0.0016659999999999995,-4.80936,0.0016659999999999995,-4.70886
0.0016669999999999996,-4.80936,0.0016669999999999996,-4.70886
0.0016679999999999998,-5.01036,0.0016679999999999998,-4.70886
0.001669,-5.01036,0.001669,-4.70886
0.00167,-5.01036,0.00167,-4.70886
0.0016710000000000002,-4.80936,0.0016710000000000002,-4.50785
0.0016719999999999994,-5.01036,0.0016719999999999994,-4.70886
0.0016729999999999996,-5.01036,0.0016729999999999996,-4.70886
0.0016739999999999997,-5.01036,0.0016739999999999997,-4.90986
0.0016749999999999998,-5.01036,0.0016749999999999998,-4.70886
0.001676,-4.80936,0.001676,-4.70886
0.001677,-5.21137,0.001677,-4.70886
0.0016779999999999994,-5.21137,0.0016779999999999994,-4.70886
0.0016789999999999995,-5.01036,0.0016789999999999995,-4.70886
0.0016799999999999996,-5.01036,0.0016799999999999996,-4.90986
0.0016809999999999998,-5.01036,0.0016809999999999998,-4.70886
0.001682,-5.21137,0.001682,-4.70886
0.001683,-5.21137,0.001683,-4.70886
0.0016840000000000002,-5.21137,0.0016840000000000002,-4.90986
0.0016849999999999994,-5.21137,0.0016849999999999994,-5.11087
0.0016859999999999996,-5.21137,0.0016859999999999996,-4.90986
0.0016869999999999997,-5.41237,0.0016869999999999997,-4.90986
0.0016879999999999998,-5.21137,0.0016879999999999998,-4.90986
0.001689,-5.21137,0.001689,-4.90986
0.00169,-5.41237,0.00169,-4.90986
0.0016909999999999994,-5.41237,0.0016909999999999994,-4.90986
0.0016919999999999995,-5.21137,0.0016919999999999995,-4.90986
0.0016929999999999996,-5.21137,0.0016929999999999996,-4.90986
0.0016939999999999998,-5.21137,0.0016939999999999998,-4.90986
0.001695,-5.21137,0.001695,-4.90986
0.001696,-5.41237,0.001696,-4.90986
0.0016970000000000002,-5.21137,0.0016970000000000002,-4.90986
0.0016979999999999994,-5.41237,0.0016979999999999994,-4.90986
0.0016989999999999996,-5.41237,0.0016989999999999996,-4.90986
0.0016999999999999997,-5.41237,0.0016999999999999997,-4.70886
0.0017009999999999998,-5.21137,0.0017009999999999998,-5.11087
0.001702,-5.41237,0.001702,-4.90986
0.001703,-5.41237,0.001703,-4.90986
0.0017039999999999994,-5.21137,0.0017039999999999994,-4.90986
0.0017049999999999995,-5.41237,0.0017049999999999995,-4.90986
0.0017059999999999996,-5.21137,0.0017059999999999996,-5.11087
0.0017069999999999998,-5.21137,0.0017069999999999998,-4.90986
0.0017079999999999999,-5.41237,0.0017079999999999999,-5.11087
0.001709,-5.41237,0.001709,-5.11087
0.0017100000000000001,-5.41237,0.0017100000000000001,-5.11087
0.0017109999999999994,-5.41237,0.0017109999999999994,-4.90986
0.0017119999999999995,-5.41237,0.0017119999999999995,-5.11087
0.0017129999999999997,-5.41237,0.0017129999999999997,-5.11087
0.0017139999999999998,-5.41237,0.0017139999999999998,-5.31187
0.001715,-5.41237,0.001715,-5.11087
0.001716,-5.41237,0.001716,-4.90986
0.0017169999999999993,-5.41237,0.0017169999999999993,-5.11087
0.0017179999999999995,-5.61338,0.0017179999999999995,-5.11087
0.0017189999999999996,-5.61338,0.0017189999999999996,-5.11087
0.0017199999999999997,-5.41237,0.0017199999999999997,-5.11087
0.0017209999999999999,-5.41237,0.0017209999999999999,-5.31187
0.001722,-5.41237,0.001722,-5.11087
0.0017230000000000001,-5.61338,0.0017230000000000001,-5.11087
0.0017239999999999994,-5.41237,0.0017239999999999994,-5.11087
0.0017249999999999995,-5.61338,0.0017249999999999995,-5.11087
0.0017259999999999997,-5.41237,0.0017259999999999997,-5.31187
0.0017269999999999998,-5.61338,0.0017269999999999998,-5.11087
0.001728,-5.61338,0.001728,-5.31187
0.001729,-5.61338,0.001729,-5.31187
0.0017299999999999993,-5.41237,0.0017299999999999993,-5.11087
0.0017309999999999995,-5.61338,0.0017309999999999995,-5.31187
0.0017319999999999996,-5.41237,0.0017319999999999996,-5.31187
0.0017329999999999997,-5.61338,0.0017329999999999997,-5.31187
0.0017339999999999999,-5.61338,0.0017339999999999999,-5.31187
0.001735,-5.61338,0.001735,-5.31187
0.0017360000000000001,-5.61338,0.0017360000000000001,-5.11087
0.0017369999999999994,-5.61338,0.0017369999999999994,-5.51288
0.0017379999999999995,-5.81438,0.0017379999999999995,-5.31187
0.0017389999999999997,-5.61338,0.0017389999999999997,-5.31187
0.0017399999999999998,-5.61338,0.0017399999999999998,-5.31187
0.001741,-5.61338,0.001741,-5.31187
0.001742,-5.61338,0.001742,-5.31187
0.0017429999999999993,-5.61338,0.0017429999999999993,-5.31187
0.0017439999999999995,-5.61338,0.0017439999999999995,-5.31187
0.0017449999999999996,-5.61338,0.0017449999999999996,-5.31187
0.0017459999999999997,-5.61338,0.0017459999999999997,-5.31187
0.0017469999999999999,-5.41237,0.0017469999999999999,-5.31187
0.001748,-5.61338,0.001748,-5.31187
0.0017490000000000001,-5.61338,0.0017490000000000001,-5.31187
0.0017499999999999994,-5.61338,0.0017499999999999994,-5.31187
0.0017509999999999995,-5.61338,0.0017509999999999995,-5.11087
0.0017519999999999997,-5.61338,0.0017519999999999997,-5.31187
0.0017529999999999998,-5.41237,0.0017529999999999998,-5.11087
0.001754,-5.61338,0.001754,-5.31187
0.001755,-5.61338,0.001755,-5.31187
0.0017560000000000002,-5.61338,0.0017560000000000002,-5.11087
0.0017569999999999994,-5.61338,0.0017569999999999994,-5.11087
0.0017579999999999996,-5.61338,0.0017579999999999996,-5.31187
0.0017589999999999997,-5.61338,0.0017589999999999997,-5.31187
0.0017599999999999998,-5.81438,0.0017599999999999998,-5.31187
0.001761,-5.61338,0.001761,-5.11087
0.0017620000000000001,-5.61338,0.0017620000000000001,-5.31187
0.0017629999999999994,-5.61338,0.0017629999999999994,-5.31187
0.0017639999999999995,-5.61338,0.0017639999999999995,-5.31187
0.0017649999999999996,-5.61338,0.0017649999999999996,-5.31187
0.0017659999999999998,-5.61338,0.0017659999999999998,-5.31187
0.001767,-5.61338,0.001767,-5.11087
0.001768,-5.61338,0.001768,-5.31187
0.0017690000000000002,-5.81438,0.0017690000000000002,-5.31187
0.0017699999999999994,-5.81438,0.0017699999999999994,-5.31187
0.0017709999999999996,-5.81438,0.0017709999999999996,-5.31187
0.0017719999999999997,-5.61338,0.0017719999999999997,-5.31187
0.0017729999999999998,-5.61338,0.0017729999999999998,-5.31187
0.001774,-5.61338,0.001774,-5.11087
0.001775,-5.81438,0.001775,-5.31187
0.0017759999999999994,-5.61338,0.0017759999999999994,-5.11087
0.0017769999999999995,-5.61338,0.0017769999999999995,-5.31187
0.0017779999999999996,-5.61338,0.0017779999999999996,-5.11087
0.0017789999999999998,-5.81438,0.0017789999999999998,-5.31187
0.00178,-5.61338,0.00178,-5.11087
0.001781,-5.61338,0.001781,-5.31187
0.0017820000000000002,-5.61338,0.0017820000000000002,-5.31187
0.0017829999999999994,-5.61338,0.0017829999999999994,-5.31187
0.0017839999999999996,-5.61338,0.0017839999999999996,-5.31187
0.0017849999999999997,-5.41237,0.0017849999999999997,-5.31187
0.0017859999999999998,-5.61338,0.0017859999999999998,-5.11087
0.001787,-5.61338,0.001787,-5.11087
0.001788,-5.61338,0.001788,-5.11087
0.0017889999999999994,-5.61338,0.0017889999999999994,-5.11087
0.0017899999999999995,-5.61338,0.0017899999999999995,-5.31187
0.0017909999999999996,-5.61338,0.0017909999999999996,-5.11087
0.0017919999999999998,-5.61338,0.0017919999999999998,-5.11087
0.0017929999999999999,-5.41237,0.0017929999999999999,-5.11087
0.001794,-5.41237,0.001794,-5.11087
0.0017950000000000002,-5.41237,0.0017950000000000002,-4.90986
0.0017959999999999994,-5.61338,0.0017959999999999994,-4.90986
0.0017969999999999996,-5.41237,0.0017969999999999996,-5.11087
0.0017979999999999997,-5.41237,0.0017979999999999997,-4.90986
0.0017989999999999998,-5.41237,0.0017989999999999998,-5.11087
0.0018,-5.41237,0.0018,-5.11087
0.001801,-5.41237,0.001801,-4.90986
0.0018019999999999993,-5.21137,0.0018019999999999993,-4.90986
0.0018029999999999995,-5.21137,0.0018029999999999995,-4.70886
0.0018039999999999996,-5.21137,0.0018039999999999996,-4.90986
0.0018049999999999997,-5.21137,0.0018049999999999997,-4.90986
0.0018059999999999999,-5.21137,0.0018059999999999999,-4.90986
0.001807,-5.21137,0.001807,-4.70886
0.0018080000000000001,-5.21137,0.0018080000000000001,-4.90986
0.0018089999999999994,-5.21137,0.0018089999999999994,-4.90986
0.0018099999999999995,-5.01036,0.0018099999999999995,-4.90986
0.0018109999999999997,-5.21137,0.0018109999999999997,-4.70886
0.0018119999999999998,-5.21137,0.0018119999999999998,-4.90986
0.001813,-5.41237,0.001813,-4.90986
0.001814,-5.01036,0.001814,-4.70886
0.0018149999999999993,-5.21137,0.0018149999999999993,-4.70886
0.0018159999999999995,-5.21137,0.0018159999999999995,-4.70886
0.0018169999999999996,-5.21137,0.0018169999999999996,-4.70886
0.0018179999999999997,-5.21137,0.0018179999999999997,-4.70886
0.0018189999999999999,-5.01036,0.0018189999999999999,-4.50785
0.00182,-5.21137,0.00182,-4.50785
0.0018210000000000001,-4.80936,0.0018210000000000001,-4.50785
0.0018219999999999994,-5.21137,0.0018219999999999994,-4.70886
0.0018229999999999995,-5.01036,0.0018229999999999995,-4.70886
0.0018239999999999997,-5.21137,0.0018239999999999997,-4.70886
0.0018249999999999998,-5.01036,0.0018249999999999998,-4.70886
0.001826,-4.80936,0.001826,-4.50785
0.001827,-4.80936,0.001827,-4.50785
0.0018279999999999993,-5.01036,0.0018279999999999993,-4.70886
0.0018289999999999995,-4.80936,0.0018289999999999995,-4.50785
0.0018299999999999996,-4.80936,0.0018299999999999996,-4.50785
0.0018309999999999997,-5.01036,0.0018309999999999997,-4.50785
0.0018319999999999999,-4.80936,0.0018319999999999999,-4.50785
0.001833,-4.80936,0.001833,-4.50785
0.0018340000000000001,-4.80936,0.0018340000000000001,-4.70886
0.0018349999999999994,-4.80936,0.0018349999999999994,-4.50785
0.0018359999999999995,-4.80936,0.0018359999999999995,-4.50785
0.0018369999999999997,-4.80936,0.0018369999999999997,-4.50785
0.0018379999999999998,-4.80936,0.0018379999999999998,-4.30685
0.001839,-4.60835,0.001839,-4.30685
0.00184,-4.80936,0.00184,-4.30685
0.0018409999999999993,-4.80936,0.0018409999999999993,-4.30685
0.0018419999999999995,-4.60835,0.0018419999999999995,-4.10584
0.0018429999999999996,-4.60835,0.0018429999999999996,-4.10584
0.0018439999999999997,-4.60835,0.0018439999999999997,-4.50785
0.0018449999999999999,-4.80936,0.0018449999999999999,-4.30685
0.001846,-4.60835,0.001846,-4.30685
0.0018470000000000001,-4.60835,0.0018470000000000001,-4.30685
0.0018479999999999994,-4.80936,0.0018479999999999994,-4.30685
0.0018489999999999995,-4.40735,0.0018489999999999995,-4.10584
0.0018499999999999996,-4.40735,0.0018499999999999996,-4.10584
0.0018509999999999998,-4.40735,0.0018509999999999998,-4.30685
0.001852,-4.40735,0.001852,-4.10584
0.001853,-4.40735,0.001853,-4.10584
0.0018540000000000002,-4.60835,0.0018540000000000002,-4.10584
0.0018549999999999994,-4.40735,0.0018549999999999994,-4.10584
0.0018559999999999996,-4.40735,0.0018559999999999996,-4.10584
0.0018569999999999997,-4.40735,0.0018569999999999997,-3.90484
0.0018579999999999998,-4.40735,0.0018579999999999998,-4.10584
0.001859,-4.40735,0.001859,-3.90484
0.00186,-4.20634,0.00186,-3.90484
0.0018609999999999994,-4.20634,0.0018609999999999994,-3.90484
0.0018619999999999995,-4.20634,0.0018619999999999995,-3.90484
0.0018629999999999996,-4.20634,0.0018629999999999996,-4.10584
0.0018639999999999998,-4.20634,0.0018639999999999998,-3.90484
0.001865,-4.20634,0.001865,-3.90484
0.001866,-4.20634,0.001866,-3.70383
0.0018670000000000002,-4.20634,0.0018670000000000002,-3.70383
0.0018679999999999994,-4.20634,0.0018679999999999994,-3.90484
0.0018689999999999996,-4.20634,0.0018689999999999996,-3.90484
0.0018699999999999997,-4.20634,0.0018699999999999997,-3.70383
0.0018709999999999998,-4.00534,0.0018709999999999998,-3.90484
0.001872,-4.00534,0.001872,-3.50283
0.001873,-4.00534,0.001873,-3.70383
0.0018739999999999994,-4.00534,0.0018739999999999994,-3.50283
0.0018749999999999995,-4.00534,0.0018749999999999995,-3.70383
0.0018759999999999996,-4.00534,0.0018759999999999996,-3.50283
0.0018769999999999998,-3.80433,0.0018769999999999998,-3.50283
0.001878,-4.00534,0.001878,-3.50283
0.001879,-3.80433,0.001879,-3.50283
0.0018800000000000002,-3.80433,0.0018800000000000002,-3.50283
0.0018809999999999994,-3.60333,0.0018809999999999994,-3.50283
0.0018819999999999996,-3.80433,0.0018819999999999996,-3.50283
0.0018829999999999997,-3.80433,0.0018829999999999997,-3.30182
0.0018839999999999998,-3.80433,0.0018839999999999998,-3.50283
0.001885,-3.60333,0.001885,-3.50283
0.001886,-3.60333,0.001886,-3.30182
0.0018869999999999994,-3.60333,0.0018869999999999994,-3.30182
0.0018879999999999995,-3.60333,0.0018879999999999995,-3.30182
0.0018889999999999996,-3.60333,0.0018889999999999996,-3.10082
0.0018899999999999998,-3.60333,0.0018899999999999998,-3.50283
0.0018909999999999999,-3.60333,0.0018909999999999999,-3.10082
0.001892,-3.60333,0.001892,-3.10082
0.0018930000000000002,-3.40232,0.0018930000000000002,-3.10082
0.0018939999999999994,-3.40232,0.0018939999999999994,-3.10082
0.0018949999999999995,-3.40232,0.0018949999999999995,-2.89981
0.0018959999999999997,-3.20132,0.0018959999999999997,-3.10082
0.0018969999999999998,-3.20132,0.0018969999999999998,-3.10082
0.001898,-3.40232,0.001898,-3.10082
0.001899,-3.20132,0.001899,-3.10082
0.0018999999999999993,-3.20132,0.0018999999999999993,-3.10082
0.0019009999999999995,-3.20132,0.0019009999999999995,-2.89981
0.0019019999999999996,-3.20132,0.0019019999999999996,-2.89981
0.0019029999999999997,-3.20132,0.0019029999999999997,-2.89981
0.0019039999999999999,-3.20132,0.0019039999999999999,-2.69881
0.001905,-3.20132,0.001905,-2.89981
0.0019060000000000001,-3.00031,0.0019060000000000001,-2.89981
0.0019069999999999994,-3.00031,0.0019069999999999994,-2.69881
0.0019079999999999995,-3.20132,0.0019079999999999995,-2.69881
0.0019089999999999997,-3.00031,0.0019089999999999997,-2.69881
0.0019099999999999998,-3.00031,0.0019099999999999998,-2.69881
0.001911,-2.79931,0.001911,-2.69881
0.001912,-2.79931,0.001912,-2.4978
0.0019129999999999993,-2.79931,0.0019129999999999993,-2.69881
0.0019139999999999995,-2.5983,0.0019139999999999995,-2.69881
0.0019149999999999996,-3.00031,0.0019149999999999996,-2.2968
0.0019159999999999997,-2.79931,0.0019159999999999997,-2.4978
0.0019169999999999999,-2.79931,0.0019169999999999999,-2.2968
0.001918,-2.3973,0.001918,-2.2968
0.0019190000000000001,-2.79931,0.0019190000000000001,-2.2968
0.0019199999999999994,-2.79931,0.0019199999999999994,-2.4978
0.0019209999999999995,-2.5983,0.0019209999999999995,-2.2968
0.0019219999999999997,-2.79931,0.0019219999999999997,-2.2968
0.0019229999999999998,-2.5983,0.0019229999999999998,-2.2968
0.001924,-2.3973,0.001924,-2.2968
0.001925,-2.5983,0.001925,-2.2968
0.0019259999999999993,-2.3973,0.0019259999999999993,-2.2968
0.0019269999999999995,-2.3973,0.0019269999999999995,-2.09579
0.0019279999999999996,-2.3973,0.0019279999999999996,-2.09579
0.0019289999999999997,-2.19629,0.0019289999999999997,-1.89479
0.0019299999999999999,-2.19629,0.0019299999999999999,-2.09579
0.001931,-2.3973,0.001931,-2.09579
0.0019320000000000001,-2.19629,0.0019320000000000001,-2.09579
0.0019329999999999994,-2.19629,0.0019329999999999994,-2.09579
0.0019339999999999995,-2.19629,0.0019339999999999995,-1.89479
0.0019349999999999997,-2.19629,0.0019349999999999997,-1.89479
0.0019359999999999998,-1.99529,0.0019359999999999998,-1.89479
0.001937,-1.99529,0.001937,-1.69378
0.001938,-1.99529,0.001938,-1.89479
0.0019389999999999993,-1.99529,0.0019389999999999993,-1.69378
0.0019399999999999995,-1.99529,0.0019399999999999995,-1.49278
0.0019409999999999996,-2.19629,0.0019409999999999996,-1.69378
0.0019419999999999997,-1.99529,0.0019419999999999997,-1.49278
0.0019429999999999998,-1.79428,0.0019429999999999998,-1.49278
0.001944,-1.99529,0.001944,-1.49278
0.0019450000000000001,-1.99529,0.0019450000000000001,-1.49278
0.0019459999999999994,-1.79428,0.0019459999999999994,-1.69378
0.0019469999999999995,-1.79428,0.0019469999999999995,-1.29177
0.0019479999999999996,-1.79428,0.0019479999999999996,-1.49278
0.0019489999999999998,-1.79428,0.0019489999999999998,-1.29177
0.00195,-1.59328,0.00195,-1.49278
0.001951,-1.79428,0.001951,-1.29177
0.0019520000000000002,-1.59328,0.0019520000000000002,-1.29177
0.0019529999999999994,-1.59328,0.0019529999999999994,-1.49278
0.0019539999999999996,-1.59328,0.0019539999999999996,-1.29177
0.0019549999999999997,-1.59328,0.0019549999999999997,-1.09077
0.001956,-1.59328,0.001956,-1.09077
0.001957,-1.39227,0.001957,-1.29177
0.001958,-1.39227,0.001958,-1.09077
0.0019589999999999994,-1.39227,0.0019589999999999994,-1.09077
0.0019599999999999995,-1.39227,0.0019599999999999995,-1.09077
0.0019609999999999996,-1.19127,0.0019609999999999996,-1.09077
0.0019619999999999998,-1.19127,0.0019619999999999998,-0.889761
0.001963,-1.19127,0.001963,-0.889761
0.001964,-1.19127,0.001964,-0.688756
0.001965,-1.19127,0.001965,-0.889761
0.0019659999999999994,-1.19127,0.0019659999999999994,-0.889761
0.0019669999999999996,-1.19127,0.0019669999999999996,-0.688756
0.0019679999999999997,-0.990264,0.0019679999999999997,-0.688756
0.001969,-1.19127,0.001969,-0.688756
0.00197,-0.990264,0.00197,-0.487751
0.001971,-0.990264,0.001971,-0.487751
0.0019719999999999994,-0.789259,0.0019719999999999994,-0.487751
0.0019729999999999995,-0.789259,0.0019729999999999995,-0.688756
0.0019739999999999996,-0.789259,0.0019739999999999996,-0.688756
0.0019749999999999998,-0.789259,0.0019749999999999998,-0.487751
0.001976,-0.789259,0.001976,-0.286746
0.001977,-0.789259,0.001977,-0.487751
0.001978,-0.588254,0.001978,-0.487751
0.0019789999999999994,-0.387249,0.0019789999999999994,-0.286746
0.0019799999999999996,-0.588254,0.0019799999999999996,-0.487751
0.0019809999999999997,-0.588254,0.0019809999999999997,-0.286746
0.001982,-0.387249,0.001982,-0.487751
0.001983,-0.588254,0.001983,-0.487751
0.001984,-0.387249,0.001984,-0.286746
0.0019849999999999994,-0.588254,0.0019849999999999994,-0.286746
0.0019859999999999995,-0.588254,0.0019859999999999995,-0.286746
0.0019869999999999996,-0.588254,0.0019869999999999996,-0.286746
0.0019879999999999997,-0.387249,0.0019879999999999997,-0.085741
0.001989,-0.186244,0.001989,-0.085741
0.00199,-0.186244,0.00199,-0.085741
0.001991,-0.186244,0.001991,-0.085741
0.0019919999999999994,-0.186244,0.0019919999999999994,0.115264
0.0019929999999999995,-0.186244,0.0019929999999999995,-0.085741
0.0019939999999999997,0.014761,0.0019939999999999997,0.115264
0.001995,-0.186244,0.001995,0.115264
0.001996,0.014761,0.001996,0.316269
0.001997,-0.186244,0.001997,0.115264
0.0019979999999999993,0.014761,0.0019979999999999993,0.316269
0.0019989999999999995,0.215766,0.0019989999999999995,0.115264
0.0019999999999999996,0.014761,0.0019999999999999996,0.316269
0.0020009999999999997,0.416772,0.0020009999999999997,0.316269
0.002002,0.215766,0.002002,0.517274
0.002003,0.215766,0.002003,0.316269
0.002004,0.215766,0.002004,0.316269
0.0020049999999999994,0.416772,0.0020049999999999994,0.517274
0.0020059999999999995,0.215766,0.0020059999999999995,0.517274
0.0020069999999999997,0.215766,0.0020069999999999997,0.517274
0.002008,0.416772,0.002008,0.517274
0.002009,0.416772,0.002009,0.517274
0.00201,0.416772,0.00201,0.718279
0.0020109999999999993,0.617777,0.0020109999999999993,0.718279
0.0020119999999999995,0.617777,0.0020119999999999995,0.718279
0.0020129999999999996,0.416772,0.0020129999999999996,0.718279
0.0020139999999999997,0.617777,0.0020139999999999997,0.919284
0.002015,0.617777,0.002015,0.718279
0.002016,0.617777,0.002016,0.919284
0.002017,0.818782,0.002017,0.718279
0.0020179999999999994,0.818782,0.0020179999999999994,0.919284
0.0020189999999999995,0.818782,0.0020189999999999995,0.718279
0.0020199999999999997,0.818782,0.0020199999999999997,0.718279
0.002021,1.01979,0.002021,1.12029
0.002022,0.818782,0.002022,1.12029
0.002023,1.01979,0.002023,0.919284
0.0020239999999999993,0.818782,0.0020239999999999993,1.12029
0.0020249999999999995,1.01979,0.0020249999999999995,1.32129
0.0020259999999999996,1.01979,0.0020259999999999996,1.32129
0.0020269999999999997,1.01979,0.0020269999999999997,1.12029
0.002028,1.22079,0.002028,1.12029
0.002029,1.01979,0.002029,1.32129
0.00203,1.01979,0.00203,1.32129
0.0020309999999999994,1.22079,0.0020309999999999994,1.32129
0.0020319999999999995,1.22079,0.0020319999999999995,1.5223
0.0020329999999999997,1.4218,0.0020329999999999997,1.5223
0.002034,1.4218,0.002034,1.5223
0.002035,1.22079,0.002035,1.5223
0.002036,1.22079,0.002036,1.5223
0.0020369999999999993,1.4218,0.0020369999999999993,1.5223
0.0020379999999999994,1.4218,0.0020379999999999994,1.5223
0.0020389999999999996,1.6228,0.0020389999999999996,1.5223
0.0020399999999999997,1.4218,0.0020399999999999997,1.7233
0.002041,1.6228,0.002041,1.7233
0.002042,1.4218,0.002042,1.5223
0.002043,1.4218,0.002043,1.7233
0.0020439999999999994,1.6228,0.0020439999999999994,1.7233
0.0020449999999999995,1.6228,0.0020449999999999995,1.5223
0.0020459999999999996,1.82381,0.0020459999999999996,1.7233
0.0020469999999999998,1.4218,0.0020469999999999998,1.7233
0.002048,1.6228,0.002048,1.7233
0.002049,1.6228,0.002049,1.92431
0.00205,1.82381,0.00205,1.92431
0.0020509999999999994,1.82381,0.0020509999999999994,1.92431
0.0020519999999999996,1.82381,0.0020519999999999996,1.92431
0.0020529999999999997,1.82381,0.0020529999999999997,1.92431
0.002054,1.82381,0.002054,2.12531
0.002055,1.82381,0.002055,1.92431
0.002056,2.02481,0.002056,2.12531
0.0020569999999999994,2.02481,0.0020569999999999994,2.12531
0.0020579999999999995,2.22582,0.0020579999999999995,2.32632
0.0020589999999999996,2.22582,0.0020589999999999996,2.32632
0.0020599999999999998,2.22582,0.0020599999999999998,2.12531
0.002061,2.22582,0.002061,2.32632
0.002062,2.22582,0.002062,2.12531
0.002063,2.42682,0.002063,2.32632
0.0020639999999999994,2.22582,0.0020639999999999994,2.32632
0.0020649999999999996,2.22582,0.0020649999999999996,2.32632
0.0020659999999999997,2.42682,0.0020659999999999997,2.52732
0.002067,2.22582,0.002067,2.32632
0.002068,2.62783,0.002068,2.32632
0.002069,2.22582,0.002069,2.32632
0.0020699999999999994,2.42682,0.0020699999999999994,2.32632
0.0020709999999999995,2.42682,0.0020709999999999995,2.52732
0.0020719999999999996,2.42682,0.0020719999999999996,2.52732
0.0020729999999999998,2.62783,0.0020729999999999998,2.52732
0.002074,2.42682,0.002074,2.52732
0.002075,2.62783,0.002075,2.72833
0.002076,2.62783,0.002076,2.72833
0.0020769999999999994,2.62783,0.0020769999999999994,2.72833
0.0020779999999999996,2.82883,0.0020779999999999996,2.72833
0.0020789999999999997,2.62783,0.0020789999999999997,2.72833
0.00208,2.62783,0.00208,2.72833
0.002081,3.02984,0.002081,2.92933
0.002082,3.02984,0.002082,2.92933
0.0020829999999999993,3.02984,0.0020829999999999993,2.92933
0.0020839999999999995,2.82883,0.0020839999999999995,2.92933
0.0020849999999999996,3.02984,0.0020849999999999996,2.92933
0.0020859999999999997,3.02984,0.0020859999999999997,3.13034
0.002087,2.82883,0.002087,2.92933
0.002088,2.82883,0.002088,3.13034
0.002089,3.02984,0.002089,2.92933
0.0020899999999999994,3.02984,0.0020899999999999994,2.92933
0.0020909999999999995,3.23084,0.0020909999999999995,2.92933
0.0020919999999999997,3.02984,0.0020919999999999997,3.13034
0.002093,3.23084,0.002093,3.13034
0.002094,3.23084,0.002094,2.92933
0.002095,3.23084,0.002095,3.13034
0.0020959999999999993,3.23084,0.0020959999999999993,3.33134
0.0020969999999999995,3.23084,0.0020969999999999995,3.33134
0.0020979999999999996,3.23084,0.0020979999999999996,3.33134
0.0020989999999999997,3.23084,0.0020989999999999997,3.13034
0.0021,3.23084,0.0021,3.33134
0.002101,3.43185,0.002101,3.33134
0.002102,3.43185,0.002102,3.33134
0.0021029999999999994,3.43185,0.0021029999999999994,3.53235
0.0021039999999999995,3.63285,0.0021039999999999995,3.53235
0.0021049999999999997,3.43185,0.0021049999999999997,3.33134
0.002106,3.63285,0.002106,3.33134
0.002107,3.63285,0.002107,3.53235
0.002108,3.63285,0.002108,3.53235
0.0021089999999999993,3.63285,0.0021089999999999993,3.53235
0.0021099999999999995,3.63285,0.0021099999999999995,3.53235
0.0021109999999999996,3.63285,0.0021109999999999996,3.53235
0.0021119999999999997,3.83386,0.0021119999999999997,3.73335
0.002113,3.83386,0.002113,3.53235
0.002114,3.83386,0.002114,3.73335
0.002115,3.83386,0.002115,3.73335
0.0021159999999999994,3.83386,0.0021159999999999994,3.93436
0.0021169999999999995,3.83386,0.0021169999999999995,3.93436
0.0021179999999999997,3.83386,0.0021179999999999997,3.93436
0.002119,3.83386,0.002119,3.73335
0.00212,4.03486,0.00212,3.93436
0.002121,4.03486,0.002121,3.93436
0.0021219999999999993,4.03486,0.0021219999999999993,3.93436
0.0021229999999999995,4.03486,0.0021229999999999995,3.93436
0.0021239999999999996,4.03486,0.0021239999999999996,3.93436
0.0021249999999999997,4.03486,0.0021249999999999997,3.93436
0.002126,4.03486,0.002126,3.93436
0.002127,4.23587,0.002127,3.93436
0.002128,4.03486,0.002128,3.93436
0.0021289999999999994,4.03486,0.0021289999999999994,4.13536
0.0021299999999999995,4.03486,0.0021299999999999995,4.13536
0.0021309999999999996,4.23587,0.0021309999999999996,4.13536
0.0021319999999999998,4.03486,0.0021319999999999998,4.13536
0.002133,4.43687,0.002133,4.13536
0.002134,4.43687,0.002134,4.13536
0.0021349999999999993,4.43687,0.0021349999999999993,4.33637
0.0021359999999999994,4.23587,0.0021359999999999994,4.13536
0.0021369999999999996,4.23587,0.0021369999999999996,4.13536
0.0021379999999999997,4.43687,0.0021379999999999997,4.13536
0.002139,4.63788,0.002139,4.33637
0.00214,4.43687,0.00214,4.13536
0.002141,4.63788,0.002141,4.33637
0.0021419999999999994,4.23587,0.0021419999999999994,4.33637
0.0021429999999999995,4.43687,0.0021429999999999995,4.33637
0.0021439999999999996,4.43687,0.0021439999999999996,4.33637
0.0021449999999999998,4.63788,0.0021449999999999998,4.33637
0.002146,4.43687,0.002146,4.33637
0.002147,4.63788,0.002147,4.53737
0.002148,4.63788,0.002148,4.53737
0.0021489999999999994,4.83888,0.0021489999999999994,4.33637
0.0021499999999999996,4.63788,0.0021499999999999996,4.53737
0.0021509999999999997,4.63788,0.0021509999999999997,4.53737
0.002152,4.63788,0.002152,4.53737
0.002153,4.83888,0.002153,4.53737
0.002154,4.63788,0.002154,4.53737
0.0021549999999999994,4.63788,0.0021549999999999994,4.53737
0.0021559999999999995,4.83888,0.0021559999999999995,4.53737
0.0021569999999999996,4.63788,0.0021569999999999996,4.53737
0.0021579999999999998,4.83888,0.0021579999999999998,4.73838
0.002159,4.83888,0.002159,4.73838
0.00216,4.83888,0.00216,4.73838
0.002161,4.83888,0.002161,4.53737
0.0021619999999999994,4.83888,0.0021619999999999994,4.73838
0.0021629999999999996,4.83888,0.0021629999999999996,4.73838
0.0021639999999999997,4.83888,0.0021639999999999997,4.73838
0.002165,4.83888,0.002165,4.73838
0.002166,4.83888,0.002166,4.73838
0.002167,5.03989,0.002167,4.73838
0.0021679999999999994,5.03989,0.0021679999999999994,4.73838
0.0021689999999999995,4.83888,0.0021689999999999995,4.93938
0.0021699999999999996,5.03989,0.0021699999999999996,4.93938
0.0021709999999999998,5.03989,0.0021709999999999998,4.93938
0.002172,5.03989,0.002172,4.93938
0.002173,5.03989,0.002173,4.93938
0.002174,5.24089,0.002174,4.93938
0.0021749999999999994,5.03989,0.0021749999999999994,4.93938
0.0021759999999999995,4.83888,0.0021759999999999995,4.93938
0.0021769999999999997,5.24089,0.0021769999999999997,4.93938
0.002178,5.24089,0.002178,4.93938
0.002179,5.03989,0.002179,4.93938
0.00218,5.24089,0.00218,4.93938
0.0021809999999999993,5.24089,0.0021809999999999993,4.93938
0.0021819999999999995,5.03989,0.0021819999999999995,4.93938
0.0021829999999999996,5.24089,0.0021829999999999996,5.14039
0.0021839999999999997,5.03989,0.0021839999999999997,5.14039
0.002185,5.24089,0.002185,5.14039
0.002186,5.24089,0.002186,5.14039
0.002187,5.24089,0.002187,4.93938
0.0021879999999999994,5.4419,0.0021879999999999994,5.14039
0.0021889999999999995,5.24089,0.0021889999999999995,5.14039
0.0021899999999999997,5.24089,0.0021899999999999997,5.14039
0.002191,5.24089,0.002191,5.14039
0.002192,5.4419,0.002192,4.93938
0.002193,5.24089,0.002193,5.14039
0.0021939999999999993,5.4419,0.0021939999999999993,5.14039
0.0021949999999999995,5.24089,0.0021949999999999995,5.14039
0.0021959999999999996,5.24089,0.0021959999999999996,5.14039
0.0021969999999999997,5.4419,0.0021969999999999997,5.14039
0.002198,5.24089,0.002198,5.14039
0.002199,5.4419,0.002199,5.14039
0.0022,5.24089,0.0022,5.34139
0.0022009999999999994,5.24089,0.0022009999999999994,5.14039
0.0022019999999999995,5.4419,0.0022019999999999995,5.14039
0.0022029999999999997,5.4419,0.0022029999999999997,5.14039
0.002204,5.4419,0.002204,5.14039
0.002205,5.24089,0.002205,5.14039
0.002206,5.4419,0.002206,5.14039
0.0022069999999999993,5.4419,0.0022069999999999993,5.14039
0.0022079999999999995,5.4419,0.0022079999999999995,5.14039
0.0022089999999999996,5.4419,0.0022089999999999996,5.34139
0.0022099999999999997,5.6429,0.0022099999999999997,5.34139
0.002211,5.4419,0.002211,5.34139
0.002212,5.4419,0.002212,5.14039
0.002213,5.24089,0.002213,5.34139
0.0022139999999999994,5.4419,0.0022139999999999994,5.34139
0.0022149999999999995,5.24089,0.0022149999999999995,5.34139
0.0022159999999999997,5.6429,0.0022159999999999997,5.34139
0.002217,5.4419,0.002217,5.34139
0.002218,5.4419,0.002218,5.34139
0.002219,5.4419,0.002219,5.34139
0.0022199999999999993,5.4419,0.0022199999999999993,5.34139
0.0022209999999999995,5.4419,0.0022209999999999995,5.34139
0.0022219999999999996,5.6429,0.0022219999999999996,5.34139
0.0022229999999999997,5.4419,0.0022229999999999997,5.5424
0.002224,5.6429,0.002224,5.14039
0.002225,5.6429,0.002225,5.34139
0.002226,5.6429,0.002226,5.5424
0.0022269999999999994,5.6429,0.0022269999999999994,5.14039
0.0022279999999999995,5.4419,0.0022279999999999995,5.34139
0.0022289999999999996,5.6429,0.0022289999999999996,5.34139
0.0022299999999999998,5.4419,0.0022299999999999998,5.34139
0.002231,5.6429,0.002231,5.34139
0.002232,5.6429,0.002232,5.5424
0.0022329999999999993,5.4419,0.0022329999999999993,5.34139
0.0022339999999999994,5.4419,0.0022339999999999994,5.34139
0.0022349999999999996,5.4419,0.0022349999999999996,5.5424
0.0022359999999999997,5.6429,0.0022359999999999997,5.34139
0.002237,5.6429,0.002237,5.5424
0.002238,5.6429,0.002238,5.34139
0.002239,5.6429,0.002239,5.34139
0.0022399999999999994,5.4419,0.0022399999999999994,5.34139
0.0022409999999999995,5.6429,0.0022409999999999995,5.34139
0.0022419999999999996,5.6429,0.0022419999999999996,5.34139
0.0022429999999999998,5.6429,0.0022429999999999998,5.5424
0.002244,5.6429,0.002244,5.34139
0.002245,5.6429,0.002245,5.5424
0.002246,5.6429,0.002246,5.34139
0.0022469999999999994,5.6429,0.0022469999999999994,5.5424
0.0022479999999999996,5.6429,0.0022479999999999996,5.5424
0.0022489999999999997,5.6429,0.0022489999999999997,5.5424
0.00225,5.6429,0.00225,5.5424
0.002251,5.6429,0.002251,5.5424
0.002252,5.4419,0.002252,5.34139
0.0022529999999999994,5.6429,0.0022529999999999994,5.34139
0.0022539999999999995,5.6429,0.0022539999999999995,5.34139
0.0022549999999999996,5.6429,0.0022549999999999996,5.5424
0.0022559999999999998,5.6429,0.0022559999999999998,5.34139
0.002257,5.6429,0.002257,5.5424
0.002258,5.6429,0.002258,5.5424
0.002259,5.4419,0.002259,5.5424
0.0022599999999999994,5.6429,0.0022599999999999994,5.34139
0.0022609999999999996,5.6429,0.0022609999999999996,5.34139
0.0022619999999999997,5.6429,0.0022619999999999997,5.5424
0.002263,5.6429,0.002263,5.34139
0.002264,5.6429,0.002264,5.5424
0.002265,5.84391,0.002265,5.5424
0.0022659999999999994,5.6429,0.0022659999999999994,5.34139
0.0022669999999999995,5.6429,0.0022669999999999995,5.34139
0.0022679999999999996,5.6429,0.0022679999999999996,5.5424
0.0022689999999999997,5.6429,0.0022689999999999997,5.34139
0.00227,5.4419,0.00227,5.34139
0.002271,5.4419,0.002271,5.34139
0.002272,5.4419,0.002272,5.34139
0.0022729999999999994,5.4419,0.0022729999999999994,5.5424
0.0022739999999999995,5.4419,0.0022739999999999995,5.34139
0.0022749999999999997,5.4419,0.0022749999999999997,5.34139
0.002276,5.4419,0.002276,5.14039
0.002277,5.4419,0.002277,5.34139
0.002278,5.4419,0.002278,5.14039
0.0022789999999999993,5.4419,0.0022789999999999993,5.14039
0.0022799999999999995,5.4419,0.0022799999999999995,5.14039
0.0022809999999999996,5.24089,0.0022809999999999996,5.14039
0.0022819999999999997,5.24089,0.0022819999999999997,5.14039
0.002283,5.4419,0.002283,5.14039
0.002284,5.24089,0.002284,5.14039
0.002285,5.24089,0.002285,5.14039
0.0022859999999999994,5.24089,0.0022859999999999994,5.14039
0.0022869999999999995,5.24089,0.0022869999999999995,4.93938
0.0022879999999999997,5.24089,0.0022879999999999997,4.93938
0.002289,5.4419,0.002289,5.14039
0.00229,5.24089,0.00229,5.14039
0.002291,5.4419,0.002291,5.14039
0.0022919999999999993,5.4419,0.0022919999999999993,5.14039
0.0022929999999999995,5.24089,0.0022929999999999995,5.14039
0.0022939999999999996,5.24089,0.0022939999999999996,4.93938
0.0022949999999999997,5.24089,0.0022949999999999997,4.93938
0.002296,5.24089,0.002296,4.93938
0.002297,5.24089,0.002297,4.73838
0.002298,5.03989,0.002298,4.93938
0.0022989999999999994,5.03989,0.0022989999999999994,4.93938
0.0022999999999999995,5.24089,0.0022999999999999995,4.93938
0.0023009999999999997,5.03989,0.0023009999999999997,4.93938
0.002302,5.03989,0.002302,5.14039
0.002303,5.03989,0.002303,4.93938
0.002304,5.03989,0.002304,4.93938
0.0023049999999999993,5.03989,0.0023049999999999993,4.93938
0.0023059999999999995,5.03989,0.0023059999999999995,4.73838
0.0023069999999999996,4.83888,0.0023069999999999996,4.93938
0.0023079999999999997,5.03989,0.0023079999999999997,4.73838
0.002309,5.03989,0.002309,4.73838
0.00231,4.83888,0.00231,4.73838
0.002311,4.83888,0.002311,4.73838
0.0023119999999999994,4.83888,0.0023119999999999994,4.73838
0.0023129999999999995,4.83888,0.0023129999999999995,4.73838
0.0023139999999999997,4.83888,0.0023139999999999997,4.73838
0.002315,4.83888,0.002315,4.73838
0.002316,4.83888,0.002316,4.73838
0.002317,5.03989,0.002317,4.73838
0.0023179999999999993,5.03989,0.0023179999999999993,4.53737
0.0023189999999999994,4.83888,0.0023189999999999994,4.73838
0.0023199999999999996,5.03989,0.0023199999999999996,4.73838
0.0023209999999999997,4.83888,0.0023209999999999997,4.73838
0.002322,4.83888,0.002322,4.53737
0.002323,4.63788,0.002323,4.73838
0.002324,4.83888,0.002324,4.53737
0.0023249999999999994,4.83888,0.0023249999999999994,4.53737
0.0023259999999999995,4.83888,0.0023259999999999995,4.53737
0.0023269999999999996,4.63788,0.0023269999999999996,4.53737
0.0023279999999999998,4.83888,0.0023279999999999998,4.53737
0.002329,4.63788,0.002329,4.53737
0.00233,4.63788,0.00233,4.53737
0.0023309999999999993,4.63788,0.0023309999999999993,4.33637
0.0023319999999999994,4.63788,0.0023319999999999994,4.33637
0.0023329999999999996,4.43687,0.0023329999999999996,4.33637
0.0023339999999999997,4.63788,0.0023339999999999997,4.33637
0.002335,4.63788,0.002335,4.53737
0.002336,4.63788,0.002336,4.33637
0.002337,4.43687,0.002337,4.33637
0.0023379999999999994,4.63788,0.0023379999999999994,4.13536
0.0023389999999999995,4.43687,0.0023389999999999995,4.33637
0.0023399999999999996,4.43687,0.0023399999999999996,4.33637
0.0023409999999999998,4.43687,0.0023409999999999998,4.13536
0.002342,4.43687,0.002342,4.13536
0.002343,4.43687,0.002343,4.33637
0.0023439999999999993,4.23587,0.0023439999999999993,4.13536
0.0023449999999999994,4.43687,0.0023449999999999994,4.33637
0.0023459999999999996,4.43687,0.0023459999999999996,4.33637
0.0023469999999999997,4.23587,0.0023469999999999997,4.13536
0.002348,4.23587,0.002348,4.13536
0.002349,4.23587,0.002349,4.13536
0.00235,4.23587,0.00235,4.13536
0.0023509999999999994,4.23587,0.0023509999999999994,3.93436
0.0023519999999999995,4.03486,0.0023519999999999995,3.93436
0.0023529999999999996,4.03486,0.0023529999999999996,4.13536
0.0023539999999999998,4.03486,0.0023539999999999998,3.93436
0.002355,4.03486,0.002355,3.93436
0.002356,4.03486,0.002356,3.93436
0.002357,4.03486,0.002357,3.93436
0.0023579999999999994,4.03486,0.0023579999999999994,3.73335
0.0023589999999999996,3.83386,0.0023589999999999996,3.73335
0.0023599999999999997,3.83386,0.0023599999999999997,3.73335
0.002361,4.03486,0.002361,3.73335
0.002362,4.03486,0.002362,3.73335
0.002363,3.83386,0.002363,3.73335
0.0023639999999999993,3.83386,0.0023639999999999993,3.73335
0.0023649999999999995,3.83386,0.0023649999999999995,3.73335
0.0023659999999999996,4.03486,0.0023659999999999996,3.73335
0.0023669999999999997,3.83386,0.0023669999999999997,3.73335
0.002368,3.83386,0.002368,3.53235
0.002369,3.83386,0.002369,3.73335
0.00237,3.83386,0.00237,3.53235
0.0023709999999999994,3.83386,0.0023709999999999994,3.73335
0.0023719999999999995,3.83386,0.0023719999999999995,3.53235
0.0023729999999999997,3.63285,0.0023729999999999997,3.53235
0.002374,3.83386,0.002374,3.53235
0.002375,3.83386,0.002375,3.53235
0.002376,3.43185,0.002376,3.53235
0.0023769999999999993,3.43185,0.0023769999999999993,3.53235
0.0023779999999999995,3.43185,0.0023779999999999995,3.33134
0.0023789999999999996,3.43185,0.0023789999999999996,3.33134
0.0023799999999999997,3.63285,0.0023799999999999997,3.33134
0.002381,3.63285,0.002381,3.13034
0.002382,3.43185,0.002382,3.33134
0.002383,3.43185,0.002383,3.33134
0.0023839999999999994,3.43185,0.0023839999999999994,3.13034
0.0023849999999999995,3.43185,0.0023849999999999995,3.13034
0.0023859999999999997,3.43185,0.0023859999999999997,3.33134
0.002387,3.23084,0.002387,3.13034
0.002388,3.23084,0.002388,3.13034
0.002389,3.23084,0.002389,3.13034
0.0023899999999999993,3.23084,0.0023899999999999993,2.92933
0.0023909999999999995,3.02984,0.0023909999999999995,3.13034
0.0023919999999999996,3.23084,0.0023919999999999996,2.92933
0.0023929999999999997,3.02984,0.0023929999999999997,2.92933
0.002394,3.02984,0.002394,2.92933
0.002395,3.02984,0.002395,2.92933
0.002396,3.02984,0.002396,2.72833
0.0023969999999999994,3.23084,0.0023969999999999994,2.72833
0.0023979999999999995,2.82883,0.0023979999999999995,2.92933
0.0023989999999999997,3.02984,0.0023989999999999997,2.92933
0.0024,2.82883,0.0024,2.92933
0.002401,3.02984,0.002401,2.72833
0.002402,2.82883,0.002402,2.72833
0.0024029999999999993,2.82883,0.0024029999999999993,2.72833
0.0024039999999999995,2.82883,0.0024039999999999995,2.52732
0.0024049999999999996,2.82883,0.0024049999999999996,2.72833
0.0024059999999999997,2.62783,0.0024059999999999997,2.72833
0.002407,2.62783,0.002407,2.52732
0.002408,2.82883,0.002408,2.52732
0.002409,2.62783,0.002409,2.52732
0.0024099999999999994,2.62783,0.0024099999999999994,2.52732
0.0024109999999999995,2.62783,0.0024109999999999995,2.52732
0.0024119999999999996,2.62783,0.0024119999999999996,2.52732
0.0024129999999999998,2.42682,0.0024129999999999998,2.32632
0.002414,2.42682,0.002414,2.32632
0.002415,2.62783,0.002415,2.32632
0.0024159999999999993,2.22582,0.0024159999999999993,2.32632
0.0024169999999999994,2.22582,0.0024169999999999994,2.12531
0.0024179999999999996,2.42682,0.0024179999999999996,2.32632
0.0024189999999999997,2.22582,0.0024189999999999997,2.12531
0.00242,2.22582,0.00242,2.12531
0.002421,2.22582,0.002421,2.12531
0.002422,2.22582,0.002422,2.12531
0.0024229999999999994,2.22582,0.0024229999999999994,1.92431
0.0024239999999999995,2.02481,0.0024239999999999995,1.92431
0.0024249999999999996,2.22582,0.0024249999999999996,2.12531
0.0024259999999999998,2.22582,0.0024259999999999998,2.12531
0.002427,2.02481,0.002427,1.92431
0.002428,2.02481,0.002428,1.92431
0.0024289999999999993,2.02481,0.0024289999999999993,1.92431
0.0024299999999999994,2.02481,0.0024299999999999994,1.92431
0.0024309999999999996,2.02481,0.0024309999999999996,1.92431
0.0024319999999999997,1.82381,0.0024319999999999997,1.92431
0.002433,1.82381,0.002433,1.7233
0.002434,1.82381,0.002434,1.7233
0.002435,1.82381,0.002435,1.7233
0.0024359999999999994,1.82381,0.0024359999999999994,1.7233
0.0024369999999999995,1.6228,0.0024369999999999995,1.7233
0.0024379999999999996,1.6228,0.0024379999999999996,1.5223
0.0024389999999999998,1.6228,0.0024389999999999998,1.5223
0.00244,1.6228,0.00244,1.5223
0.002441,1.6228,0.002441,1.5223
0.0024419999999999993,1.6228,0.0024419999999999993,1.5223
0.0024429999999999994,1.6228,0.0024429999999999994,1.32129
0.0024439999999999996,1.4218,0.0024439999999999996,1.5223
0.0024449999999999997,1.6228,0.0024449999999999997,1.32129
0.002446,1.4218,0.002446,1.5223
0.002447,1.4218,0.002447,1.12029
0.002448,1.4218,0.002448,1.32129
0.0024489999999999994,1.4218,0.0024489999999999994,1.32129
0.0024499999999999995,1.4218,0.0024499999999999995,1.12029
0.0024509999999999996,1.22079,0.0024509999999999996,1.12029
0.0024519999999999998,1.22079,0.0024519999999999998,1.12029
0.002453,1.22079,0.002453,0.919284
0.002454,1.22079,0.002454,1.12029
0.002455,1.22079,0.002455,0.919284
0.0024559999999999994,1.22079,0.0024559999999999994,1.12029
0.0024569999999999995,1.01979,0.0024569999999999995,1.12029
0.0024579999999999997,1.01979,0.0024579999999999997,0.919284
0.002459,1.01979,0.002459,0.919284
0.00246,0.818782,0.00246,0.919284
0.002461,1.01979,0.002461,0.718279
0.0024619999999999993,1.01979,0.0024619999999999993,0.718279
0.0024629999999999995,0.818782,0.0024629999999999995,0.919284
0.0024639999999999996,0.617777,0.0024639999999999996,0.718279
0.0024649999999999997,1.01979,0.0024649999999999997,0.919284
0.002466,0.818782,0.002466,0.718279
0.002467,0.818782,0.002467,0.919284
0.002468,0.617777,0.002468,0.517274
0.0024689999999999994,0.617777,0.0024689999999999994,0.517274
0.0024699999999999995,0.818782,0.0024699999999999995,0.517274
0.0024709999999999997,0.416772,0.0024709999999999997,0.517274
0.002472,0.617777,0.002472,0.517274
0.002473,0.617777,0.002473,0.517274
0.002474,0.617777,0.002474,0.517274
0.0024749999999999993,0.416772,0.0024749999999999993,0.517274
0.0024759999999999995,0.416772,0.0024759999999999995,0.316269
0.0024769999999999996,0.416772,0.0024769999999999996,0.316269
0.0024779999999999997,0.416772,0.0024779999999999997,0.316269
0.002479,0.416772,0.002479,0.316269
0.00248,0.416772,0.00248,0.316269
0.002481,0.416772,0.002481,0.316269
0.0024819999999999994,0.215766,0.0024819999999999994,0.115264
0.0024829999999999995,0.215766,0.0024829999999999995,-0.085741
0.0024839999999999997,0.215766,0.0024839999999999997,0.115264
0.002485,0.416772,0.002485,0.316269
0.002486,0.014761,0.002486,0.115264
0.002487,0.014761,0.002487,0.115264
0.0024879999999999993,0.014761,0.0024879999999999993,-0.085741
0.0024889999999999995,0.014761,0.0024889999999999995,-0.286746
0.0024899999999999996,0.014761,0.0024899999999999996,-0.085741
0.0024909999999999997,0.014761,0.0024909999999999997,-0.286746
0.002492,-0.186244,0.002492,-0.085741
0.002493,0.014761,0.002493,-0.085741
0.002494,-0.186244,0.002494,-0.286746
0.0024949999999999994,-0.186244,0.0024949999999999994,-0.286746
0.0024959999999999995,-0.186244,0.0024959999999999995,-0.286746
0.0024969999999999997,-0.186244,0.0024969999999999997,-0.286746
0.002498,-0.387249,0.002498,-0.487751
0.002499,-0.186244,0.002499,-0.487751
