sample_id,session_id,condition_group_id,dataset_mode,core_id,repeat_id,waveform_type,r_load_ohm,r_shunt_ohm,r_primary_ohm,r_secondary_ohm,frequency_set_hz,frequency_hz,frequency_error_percent,vfc_dac_v,vin_reference_v,vin_set_group_v,vin_rms_v,phase_shift_deg,temperature_ambient_c,B_peak_t,B_rms,B_thd_percent,dBdt_max,form_factor,vin_reference_error_percent,vin_rms_v_scope1_power,vin_scope1_scope2_mismatch_percent,frequency_vout_hz,frequency_vin_vout_mismatch_percent,vamp_rms_v,temperature_core_c,temp_rise_c,vshunt_rms_v_keithley,vshunt_rms_v_scope,vshunt_rms_v_scope_math_waveform,iin_rms_a,iin_rms_a_scope_diag,current_phase_vs_vin_deg,vout_rms_v,iout_rms_a_calc,vin_peak_v,vout_peak_v,pin_w,pout_w,Pcu_w,P_loss,efficiency_percent,LSP,lsp_pending,vin_thd_percent,vout_thd_percent,vshunt_scope_vs_keithley_percent,vshunt_keithley_to_vin_ratio,vin_peak_display_ratio,vout_peak_display_ratio,qc_pass,qc_reason,qc_warning,raw_scope1_file,raw_scope2_file,processed_B1024_file,preview_file,timestamp,protocol_version,processing_version,source_session_id,source_sample_id,source_samples_csv,source_scope1_path,source_scope2_path,source_scope1_sha256,source_scope2_sha256,input_vi_phase_deg,qc_status,qc_hard_fail_reasons,qc_warning_reasons,legacy_B1024_role,B1024_source,temperature_ambient_raw_legacy_c,temperature_core_raw_legacy_c,temperature_core_raw,temperature_core_corrected,temperature_mapping_correction,temperature_mapping_verified_date,temperature_calibration_applied,temperature_calibration_status,original_vin_set_group_v,canonical_vin_set_group_v,canonical_voltage_candidate_v,canonical_voltage_candidate_delta_v,voltage_grouping_provenance,LSP_processing_version
session_20260802_070352_FE_F4500_V3p9_R01_20260802_070401_098076,session_20260802_070352,F4500_V3p9_RL49p6025_SINE,demo,FE,1,sine,49.6025,1.5152,0.1012,0.1038,4500.0,4505.0,0.1111111111111111,3.7230533221343873,3.89,3.9,4.070130658303159,-0.1428566262564958,26.75,0.16796426540665266,0.11834860717079901,0.7635867132799928,4860.733871459961,1.110189778200072,4.630608182600631,3.894168507503302,4.323255580036303,4513.0,0.17726567693330378,4.044385740692111,28.25,1.5,0.148988356,0.15411148592674873,0.1541189972985265,0.09832916842661034,0.10137275607180568,-8.399891741889393,3.8786353506138327,0.07819435211156359,6.0908912972,5.749303491999999,0.37880272199425563,0.3032873783182559,0.001613135112465911,0.0739022085635338,80.064730454301,,1,1.067705148603892,1.374317773593558,3.3243011680413166,0.03825935002887739,0.30454456486,0.2874651746,1,,VIN_SCOPE1_SCOPE2_MISMATCH;VIN_REFERENCE_DRIFT,raw\session_20260802_070352_FE_F4500_V3p9_R01_20260802_070401_098076_scope1.csv,raw\session_20260802_070352_FE_F4500_V3p9_R01_20260802_070401_098076_scope2.csv,processed\session_20260802_070352_FE_F4500_V3p9_R01_20260802_070401_098076_B1024.csv,preview\session_20260802_070352_FE_F4500_V3p9_R01_20260802_070401_098076_preview.svg,2026-08-02T07:04:01.191676,MEPI-FROZEN-PROTOCOL v1.1,primary-B-reprocess-v2-temperature-channel-swap,session_20260802_070352,session_20260802_070352_FE_F4500_V3p9_R01_20260802_070401_098076,/mnt/e/MEPI/MEPI_DATA/demo/session_20260802_070352/samples.csv,/mnt/e/MEPI/MEPI_DATA/demo/session_20260802_070352/raw/session_20260802_070352_FE_F4500_V3p9_R01_20260802_070401_098076_scope1.csv,/mnt/e/MEPI/MEPI_DATA/demo/session_20260802_070352/raw/session_20260802_070352_FE_F4500_V3p9_R01_20260802_070401_098076_scope2.csv,e81c924258c1534587454fa20f677c4e365ff517ca77e8c08c9f3afdb6d6792c,6854c2057b8dfb90853fcef2d490acc059cd46a99e2d88290674b519d4f479d4,8.399891741889379,WARNING,,TEMPERATURE_CALIBRATION_PENDING;VIN_REFERENCE_DRIFT;VIN_SCOPE1_SCOPE2_MISMATCH,LEGACY_DATA_NOT_GROUND_TRUTH,raw Scope #2 CH1 primary Vin,28.25,26.75,28.25,28.25,SWAPPED_CORE_ROOM_CHANNELS_PHYSICALLY_VERIFIED,2026-09-23,0,REFERENCE_BASED_CALIBRATION_NOT_FOUND,3.9,3.9,3.9,0.0,EXACT_FROZEN_LABEL,NOT_GENERATED_LSP_DEFINITION_INCOMPLETE
session_20260802_070352_FE_F4500_V3p9_R02_20260802_070404_920082,session_20260802_070352,F4500_V3p9_RL49p6025_SINE,demo,FE,2,sine,49.6025,1.5152,0.1012,0.1038,4500.0,4507.0,0.15555555555555556,3.7230533221343873,3.89,3.9,4.067099077818967,-0.5027582853743621,26.75,0.1680667567841283,0.11804957914082374,1.0381418169359398,7837.734619140625,1.109327221814286,4.552675522338619,3.895278516423499,4.224646562768731,4502.0,0.11093854004881296,4.0452095374444665,28.75,2.0,0.148993021,0.15292112618042883,0.15293738010888555,0.0983322472280887,0.10084477296726503,-7.488861941256182,3.878470836047987,0.07819103545280957,5.966112148399999,5.745886495199999,0.37976431437042324,0.30326165064411614,0.0016131425485204527,0.07488952117778665,79.85522577256005,,1,1.3961340094771935,1.3310516824873153,2.5687132174230305,0.0382496451465042,0.29830560741999995,0.28729432475999994,1,,VIN_SCOPE1_SCOPE2_MISMATCH;VIN_REFERENCE_DRIFT,raw\session_20260802_070352_FE_F4500_V3p9_R02_20260802_070404_920082_scope1.csv,raw\session_20260802_070352_FE_F4500_V3p9_R02_20260802_070404_920082_scope2.csv,processed\session_20260802_070352_FE_F4500_V3p9_R02_20260802_070404_920082_B1024.csv,preview\session_20260802_070352_FE_F4500_V3p9_R02_20260802_070404_920082_preview.svg,2026-08-02T07:04:05.013682,MEPI-FROZEN-PROTOCOL v1.1,primary-B-reprocess-v2-temperature-channel-swap,session_20260802_070352,session_20260802_070352_FE_F4500_V3p9_R02_20260802_070404_920082,/mnt/e/MEPI/MEPI_DATA/demo/session_20260802_070352/samples.csv,/mnt/e/MEPI/MEPI_DATA/demo/session_20260802_070352/raw/session_20260802_070352_FE_F4500_V3p9_R02_20260802_070404_920082_scope1.csv,/mnt/e/MEPI/MEPI_DATA/demo/session_20260802_070352/raw/session_20260802_070352_FE_F4500_V3p9_R02_20260802_070404_920082_scope2.csv,b610ab3f8b6e6683349f6af70a4fe59f6cdec6b741d5422d9ae6ab5c60cab486,7fa14d8eadb0a343e1eea74a0a012c3f70199b9c15102efae9087c7841cff992,7.488861941256143,WARNING,,TEMPERATURE_CALIBRATION_PENDING;VIN_REFERENCE_DRIFT;VIN_SCOPE1_SCOPE2_MISMATCH,LEGACY_DATA_NOT_GROUND_TRUTH,raw Scope #2 CH1 primary Vin,28.75,26.75,28.75,28.75,SWAPPED_CORE_ROOM_CHANNELS_PHYSICALLY_VERIFIED,2026-09-23,0,REFERENCE_BASED_CALIBRATION_NOT_FOUND,3.9,3.9,3.9,0.0,EXACT_FROZEN_LABEL,NOT_GENERATED_LSP_DEFINITION_INCOMPLETE
session_20260802_070352_FE_F4500_V3p9_R03_20260802_070408_726489,session_20260802_070352,F4500_V3p9_RL49p6025_SINE,demo,FE,3,sine,49.6025,1.5152,0.1012,0.1038,4500.0,4507.0,0.15555555555555556,3.7230533221343873,3.89,3.9,4.067353586206761,-0.37235570454690736,27.0,0.16723981709694868,0.11776048398966191,0.9211953096798866,4865.651250839233,1.1099850050936315,4.5592181544159285,3.895189832505957,4.232819941808633,4502.0,0.11093854004881296,4.045697993987009,28.25,1.25,0.149002223,0.15373843556744535,0.15375782222642723,0.09833832035374866,0.1017027455121436,-7.081022334689616,3.8752219241411594,0.07812553649798215,6.0944289954,5.748780870599999,0.3801248627278117,0.30275379187227075,0.0016122006585311704,0.07575887019700979,79.64587996156871,,1,1.2936011864396624,1.141712082445355,3.0806951755194443,0.038252878398006125,0.30472144977000004,0.28743904352999994,1,,VIN_SCOPE1_SCOPE2_MISMATCH;VIN_REFERENCE_DRIFT,raw\session_20260802_070352_FE_F4500_V3p9_R03_20260802_070408_726489_scope1.csv,raw\session_20260802_070352_FE_F4500_V3p9_R03_20260802_070408_726489_scope2.csv,processed\session_20260802_070352_FE_F4500_V3p9_R03_20260802_070408_726489_B1024.csv,preview\session_20260802_070352_FE_F4500_V3p9_R03_20260802_070408_726489_preview.svg,2026-08-02T07:04:08.820089,MEPI-FROZEN-PROTOCOL v1.1,primary-B-reprocess-v2-temperature-channel-swap,session_20260802_070352,session_20260802_070352_FE_F4500_V3p9_R03_20260802_070408_726489,/mnt/e/MEPI/MEPI_DATA/demo/session_20260802_070352/samples.csv,/mnt/e/MEPI/MEPI_DATA/demo/session_20260802_070352/raw/session_20260802_070352_FE_F4500_V3p9_R03_20260802_070408_726489_scope1.csv,/mnt/e/MEPI/MEPI_DATA/demo/session_20260802_070352/raw/session_20260802_070352_FE_F4500_V3p9_R03_20260802_070408_726489_scope2.csv,037c426b2b5c251a5850140cdce944a3c8403d345d3f0e207df62a6d0a942dc1,d4bf929377355ae5687362f3d7573b8ac714ed11fecc0ccf3119d30a0c801ca2,7.081022334689604,WARNING,,TEMPERATURE_CALIBRATION_PENDING;VIN_REFERENCE_DRIFT;VIN_SCOPE1_SCOPE2_MISMATCH,LEGACY_DATA_NOT_GROUND_TRUTH,raw Scope #2 CH1 primary Vin,28.25,27.0,28.25,28.25,SWAPPED_CORE_ROOM_CHANNELS_PHYSICALLY_VERIFIED,2026-09-23,0,REFERENCE_BASED_CALIBRATION_NOT_FOUND,3.9,3.9,3.9,0.0,EXACT_FROZEN_LABEL,NOT_GENERATED_LSP_DEFINITION_INCOMPLETE
session_20260802_070352_FE_F4500_V3p9_R04_20260802_070412_548496,session_20260802_070352,F4500_V3p9_RL49p6025_SINE,demo,FE,4,sine,49.6025,1.5152,0.1012,0.1038,4500.0,4507.0,0.15555555555555556,3.7230533221343873,3.89,3.9,4.065369284159937,-0.5171118225312048,26.75,0.16811023495370137,0.11831691165556442,0.8843803541390215,5667.447967529297,1.1101899463299423,4.508207819020804,3.8943191565305963,4.20749298952442,4511.0,0.08867213478164487,4.04517250565469,28.0,1.25,0.1490014,0.15416437408846434,0.15416827704465758,0.09833777719112988,0.10163674762407603,-8.944349773459297,3.8773562975565743,0.07816856605123884,6.106971673,5.744358842,0.3783018415134539,0.30308738184973794,0.0016128879301777162,0.07360157173353826,80.11787112565746,,1,1.1899217384273202,1.4579660759921582,3.349005967813068,0.038261219486885455,0.30534858365,0.28721794209999996,1,,VIN_SCOPE1_SCOPE2_MISMATCH;VIN_REFERENCE_DRIFT,raw\session_20260802_070352_FE_F4500_V3p9_R04_20260802_070412_548496_scope1.csv,raw\session_20260802_070352_FE_F4500_V3p9_R04_20260802_070412_548496_scope2.csv,processed\session_20260802_070352_FE_F4500_V3p9_R04_20260802_070412_548496_B1024.csv,preview\session_20260802_070352_FE_F4500_V3p9_R04_20260802_070412_548496_preview.svg,2026-08-02T07:04:12.642096,MEPI-FROZEN-PROTOCOL v1.1,primary-B-reprocess-v2-temperature-channel-swap,session_20260802_070352,session_20260802_070352_FE_F4500_V3p9_R04_20260802_070412_548496,/mnt/e/MEPI/MEPI_DATA/demo/session_20260802_070352/samples.csv,/mnt/e/MEPI/MEPI_DATA/demo/session_20260802_070352/raw/session_20260802_070352_FE_F4500_V3p9_R04_20260802_070412_548496_scope1.csv,/mnt/e/MEPI/MEPI_DATA/demo/session_20260802_070352/raw/session_20260802_070352_FE_F4500_V3p9_R04_20260802_070412_548496_scope2.csv,c2cf1c719ea13804d65c300f7791674b2123e0d46118ceef3f13938a959f5f3f,097db74bf419844c59e6488095352b7ad7eff8ee271acec4a1696d4a48b66ee6,8.944349773459322,WARNING,,TEMPERATURE_CALIBRATION_PENDING;VIN_REFERENCE_DRIFT;VIN_SCOPE1_SCOPE2_MISMATCH,LEGACY_DATA_NOT_GROUND_TRUTH,raw Scope #2 CH1 primary Vin,28.0,26.75,28.0,28.0,SWAPPED_CORE_ROOM_CHANNELS_PHYSICALLY_VERIFIED,2026-09-23,0,REFERENCE_BASED_CALIBRATION_NOT_FOUND,3.9,3.9,3.9,0.0,EXACT_FROZEN_LABEL,NOT_GENERATED_LSP_DEFINITION_INCOMPLETE
session_20260802_070352_FE_F4500_V3p9_R05_20260802_070416_354902,session_20260802_070352,F4500_V3p9_RL49p6025_SINE,demo,FE,5,sine,49.6025,1.5152,0.1012,0.1038,4500.0,4507.0,0.15555555555555556,3.7230533221343873,3.89,3.9,4.063238935774134,-0.4860126738690331,26.75,0.167483434372393,0.11804845489894385,0.8181372514787633,5596.544692993164,1.1096532826009866,4.4534430790267105,3.8944638423721516,4.153708311761667,4515.0,0.17718715393134,4.045676835104589,28.5,1.75,0.1489989,0.1535403849596906,0.15354811669194807,0.09833612724392818,0.10137275607180568,-7.95551925218125,3.8762776500138645,0.07814682022103452,5.955458932999999,5.741826103799999,0.3792807517111145,0.3029187726424476,0.0016125022528453762,0.07474947681582156,79.8666347490185,,1,0.9394821153095761,1.2732887779496584,2.9578439319941174,0.03825915608173767,0.29777294665,0.28709130519,1,,VIN_SCOPE1_SCOPE2_MISMATCH;VIN_REFERENCE_DRIFT,raw\session_20260802_070352_FE_F4500_V3p9_R05_20260802_070416_354902_scope1.csv,raw\session_20260802_070352_FE_F4500_V3p9_R05_20260802_070416_354902_scope2.csv,processed\session_20260802_070352_FE_F4500_V3p9_R05_20260802_070416_354902_B1024.csv,preview\session_20260802_070352_FE_F4500_V3p9_R05_20260802_070416_354902_preview.svg,2026-08-02T07:04:16.464103,MEPI-FROZEN-PROTOCOL v1.1,primary-B-reprocess-v2-temperature-channel-swap,session_20260802_070352,session_20260802_070352_FE_F4500_V3p9_R05_20260802_070416_354902,/mnt/e/MEPI/MEPI_DATA/demo/session_20260802_070352/samples.csv,/mnt/e/MEPI/MEPI_DATA/demo/session_20260802_070352/raw/session_20260802_070352_FE_F4500_V3p9_R05_20260802_070416_354902_scope1.csv,/mnt/e/MEPI/MEPI_DATA/demo/session_20260802_070352/raw/session_20260802_070352_FE_F4500_V3p9_R05_20260802_070416_354902_scope2.csv,65fcb897072f7cb349519fa20c755c5ab68933b5a9ab2af09f38d4e5d410aec0,9e95ab74e9e2f89a960b819b11ca49975fe6751ba337fb7a71660953ed763818,7.95551925218125,WARNING,,TEMPERATURE_CALIBRATION_PENDING;VIN_REFERENCE_DRIFT;VIN_SCOPE1_SCOPE2_MISMATCH,LEGACY_DATA_NOT_GROUND_TRUTH,raw Scope #2 CH1 primary Vin,28.5,26.75,28.5,28.5,SWAPPED_CORE_ROOM_CHANNELS_PHYSICALLY_VERIFIED,2026-09-23,0,REFERENCE_BASED_CALIBRATION_NOT_FOUND,3.9,3.9,3.9,0.0,EXACT_FROZEN_LABEL,NOT_GENERATED_LSP_DEFINITION_INCOMPLETE
session_20260802_070352_FE_F4250_V3p9_R01_20260802_070426_604120,session_20260802_070352,F4250_V3p9_RL49p6025_SINE,demo,FE,1,sine,49.6025,1.5152,0.1012,0.1038,4250.0,4268.0,0.4235294117647059,3.5241523972332014,3.89,3.9,4.04183738179818,-0.3974790105957575,26.5,0.17578482428942266,0.12399441044362974,0.740230379362241,4912.9687423706055,1.1098807141716103,3.9032745963549424,3.870227674850053,4.24583402887418,4261.0,0.1640112464854733,4.020151788882408,28.5,2.0,0.149317455,0.15351383419393433,0.1535345430655182,0.09854636681626186,0.10176874340021119,-9.636932088007695,3.8518942128007314,0.07765524344137355,6.0955144736000015,5.748620132799999,0.37601473129504204,0.2991197828054587,0.001608741268326613,0.07528620722125673,79.55001703663379,,1,1.3369889226201759,1.5382396433525414,2.7335511590656036,0.038581051954723763,0.30477572368000005,0.28743100664,1,,VIN_SCOPE1_SCOPE2_MISMATCH;VIN_REFERENCE_DRIFT,raw\session_20260802_070352_FE_F4250_V3p9_R01_20260802_070426_604120_scope1.csv,raw\session_20260802_070352_FE_F4250_V3p9_R01_20260802_070426_604120_scope2.csv,processed\session_20260802_070352_FE_F4250_V3p9_R01_20260802_070426_604120_B1024.csv,preview\session_20260802_070352_FE_F4250_V3p9_R01_20260802_070426_604120_preview.svg,2026-08-02T07:04:26.697721,MEPI-FROZEN-PROTOCOL v1.1,primary-B-reprocess-v2-temperature-channel-swap,session_20260802_070352,session_20260802_070352_FE_F4250_V3p9_R01_20260802_070426_604120,/mnt/e/MEPI/MEPI_DATA/demo/session_20260802_070352/samples.csv,/mnt/e/MEPI/MEPI_DATA/demo/session_20260802_070352/raw/session_20260802_070352_FE_F4250_V3p9_R01_20260802_070426_604120_scope1.csv,/mnt/e/MEPI/MEPI_DATA/demo/session_20260802_070352/raw/session_20260802_070352_FE_F4250_V3p9_R01_20260802_070426_604120_scope2.csv,8f54a444e0420f0efdb8a7857979d97e2777038553b1cf3e695df53c8edb805d,ce7e04c38ebf2e606aa00fd38c6ea7947ec2a568e16bc5baf8da227575548bb5,9.63693208800767,WARNING,,TEMPERATURE_CALIBRATION_PENDING;VIN_REFERENCE_DRIFT;VIN_SCOPE1_SCOPE2_MISMATCH,LEGACY_DATA_NOT_GROUND_TRUTH,raw Scope #2 CH1 primary Vin,28.5,26.5,28.5,28.5,SWAPPED_CORE_ROOM_CHANNELS_PHYSICALLY_VERIFIED,2026-09-23,0,REFERENCE_BASED_CALIBRATION_NOT_FOUND,3.9,3.9,3.9,0.0,EXACT_FROZEN_LABEL,NOT_GENERATED_LSP_DEFINITION_INCOMPLETE
session_20260802_070352_FE_F4250_V3p9_R02_20260802_070430_410527,session_20260802_070352,F4250_V3p9_RL49p6025_SINE,demo,FE,2,sine,49.6025,1.5152,0.1012,0.1038,4250.0,4263.0,0.3058823529411765,3.5241523972332014,3.89,3.9,4.044183603557491,-0.34465287994152194,26.75,0.1762230704831751,0.12430421290081552,0.8519506670517739,10381.565460205078,1.109124677762154,3.9635887803979366,3.870134915689702,4.303679182979542,4277.0,0.32733224222585927,4.020649731529795,28.5,1.75,0.149332373,0.1536343309095166,0.15364642206665863,0.0985562123812038,0.10143875395987328,-8.91145608135715,3.8541267794891527,0.07770025259793666,6.100700315200002,5.746248297799999,0.3768216139239651,0.29946662431077925,0.0016096634688343016,0.07574532614435157,79.47172169672982,,1,1.8459290494134144,1.6570826112622956,2.8001279948621947,0.038585831309032585,0.3050350157600001,0.28731241489,1,,VIN_SCOPE1_SCOPE2_MISMATCH;VIN_REFERENCE_DRIFT,raw\session_20260802_070352_FE_F4250_V3p9_R02_20260802_070430_410527_scope1.csv,raw\session_20260802_070352_FE_F4250_V3p9_R02_20260802_070430_410527_scope2.csv,processed\session_20260802_070352_FE_F4250_V3p9_R02_20260802_070430_410527_B1024.csv,preview\session_20260802_070352_FE_F4250_V3p9_R02_20260802_070430_410527_preview.svg,2026-08-02T07:04:30.535327,MEPI-FROZEN-PROTOCOL v1.1,primary-B-reprocess-v2-temperature-channel-swap,session_20260802_070352,session_20260802_070352_FE_F4250_V3p9_R02_20260802_070430_410527,/mnt/e/MEPI/MEPI_DATA/demo/session_20260802_070352/samples.csv,/mnt/e/MEPI/MEPI_DATA/demo/session_20260802_070352/raw/session_20260802_070352_FE_F4250_V3p9_R02_20260802_070430_410527_scope1.csv,/mnt/e/MEPI/MEPI_DATA/demo/session_20260802_070352/raw/session_20260802_070352_FE_F4250_V3p9_R02_20260802_070430_410527_scope2.csv,9fb1d8b69e2f4304a894a13b8cadea291586740ada3cbc7dee1e0c74d831a210,59f47798584b355d4e503810010ac4f0d71509eaad9baff10bc14362ddc5889e,8.911456081357125,WARNING,,TEMPERATURE_CALIBRATION_PENDING;VIN_REFERENCE_DRIFT;VIN_SCOPE1_SCOPE2_MISMATCH,LEGACY_DATA_NOT_GROUND_TRUTH,raw Scope #2 CH1 primary Vin,28.5,26.75,28.5,28.5,SWAPPED_CORE_ROOM_CHANNELS_PHYSICALLY_VERIFIED,2026-09-23,0,REFERENCE_BASED_CALIBRATION_NOT_FOUND,3.9,3.9,3.9,0.0,EXACT_FROZEN_LABEL,NOT_GENERATED_LSP_DEFINITION_INCOMPLETE
session_20260802_070352_FE_F4250_V3p9_R03_20260802_070434_232534,session_20260802_070352,F4250_V3p9_RL49p6025_SINE,demo,FE,3,sine,49.6025,1.5152,0.1012,0.1038,4250.0,4264.0,0.32941176470588235,3.5241523972332014,3.89,3.9,4.04236066472244,-0.0692302722858149,26.25,0.17643688751641662,0.12434539963706448,0.8038967086053304,4766.493362426758,1.1100251821641498,3.9167265995484497,3.8703497958895916,4.2552083571855155,4270.0,0.1405152224824356,4.020588124622114,28.5,2.25,0.149315302,0.15313981070854066,0.15315670269023446,0.09854494588173178,0.10130675818373812,-9.570279933306699,3.8562058910821984,0.0777421680577027,6.094107425800002,5.745363859199999,0.376095194702042,0.29978980644961545,0.0016101150427835398,0.07469527320964302,79.71115044081358,,1,1.4648003426948644,1.4981281644335924,2.497396784575856,0.03857927832739481,0.3047053712900001,0.28726819295999995,1,,VIN_SCOPE1_SCOPE2_MISMATCH;VIN_REFERENCE_DRIFT,raw\session_20260802_070352_FE_F4250_V3p9_R03_20260802_070434_232534_scope1.csv,raw\session_20260802_070352_FE_F4250_V3p9_R03_20260802_070434_232534_scope2.csv,processed\session_20260802_070352_FE_F4250_V3p9_R03_20260802_070434_232534_B1024.csv,preview\session_20260802_070352_FE_F4250_V3p9_R03_20260802_070434_232534_preview.svg,2026-08-02T07:04:34.341734,MEPI-FROZEN-PROTOCOL v1.1,primary-B-reprocess-v2-temperature-channel-swap,session_20260802_070352,session_20260802_070352_FE_F4250_V3p9_R03_20260802_070434_232534,/mnt/e/MEPI/MEPI_DATA/demo/session_20260802_070352/samples.csv,/mnt/e/MEPI/MEPI_DATA/demo/session_20260802_070352/raw/session_20260802_070352_FE_F4250_V3p9_R03_20260802_070434_232534_scope1.csv,/mnt/e/MEPI/MEPI_DATA/demo/session_20260802_070352/raw/session_20260802_070352_FE_F4250_V3p9_R03_20260802_070434_232534_scope2.csv,5b1e019770b46188d90e0338e6ae098ea908b1f4274844b38485eb1fdcc6e298,c47df5909a6f8d93642d5ee2c63797401ac6613f8ccac29b5a8499ee56d66e54,9.570279933306672,WARNING,,TEMPERATURE_CALIBRATION_PENDING;VIN_REFERENCE_DRIFT;VIN_SCOPE1_SCOPE2_MISMATCH,LEGACY_DATA_NOT_GROUND_TRUTH,raw Scope #2 CH1 primary Vin,28.5,26.25,28.5,28.5,SWAPPED_CORE_ROOM_CHANNELS_PHYSICALLY_VERIFIED,2026-09-23,0,REFERENCE_BASED_CALIBRATION_NOT_FOUND,3.9,3.9,3.9,0.0,EXACT_FROZEN_LABEL,NOT_GENERATED_LSP_DEFINITION_INCOMPLETE
session_20260802_070352_FE_F4250_V3p9_R04_20260802_070438_054540,session_20260802_070352,F4250_V3p9_RL49p6025_SINE,demo,FE,4,sine,49.6025,1.5152,0.1012,0.1038,4250.0,4263.0,0.3058823529411765,3.5241523972332014,3.89,3.9,4.04274784617931,-0.291931073214775,26.75,0.17603118660395012,0.12408227523188019,0.8789739690466356,14388.275482177734,1.10972172516036,3.9266798503671336,3.870250940698584,4.266823260909437,4270.0,0.16393442622950818,4.020071843267286,28.5,1.75,0.149317534,0.15308995742358075,0.15311088116464908,0.09854641895459344,0.10183474128827877,-9.304272402256254,3.8560943015964266,0.07773991838307397,6.093383750800001,5.7454844784,0.37638155211340674,0.2997724562835428,0.001610108116583441,0.07499898771328048,79.6458951296367,,1,1.7106879752451396,1.614488730929045,2.4641873882967564,0.03858084043848791,0.30466918754000005,0.28727422392,1,,VIN_SCOPE1_SCOPE2_MISMATCH;VIN_REFERENCE_DRIFT,raw\session_20260802_070352_FE_F4250_V3p9_R04_20260802_070438_054540_scope1.csv,raw\session_20260802_070352_FE_F4250_V3p9_R04_20260802_070438_054540_scope2.csv,processed\session_20260802_070352_FE_F4250_V3p9_R04_20260802_070438_054540_B1024.csv,preview\session_20260802_070352_FE_F4250_V3p9_R04_20260802_070438_054540_preview.svg,2026-08-02T07:04:38.148141,MEPI-FROZEN-PROTOCOL v1.1,primary-B-reprocess-v2-temperature-channel-swap,session_20260802_070352,session_20260802_070352_FE_F4250_V3p9_R04_20260802_070438_054540,/mnt/e/MEPI/MEPI_DATA/demo/session_20260802_070352/samples.csv,/mnt/e/MEPI/MEPI_DATA/demo/session_20260802_070352/raw/session_20260802_070352_FE_F4250_V3p9_R04_20260802_070438_054540_scope1.csv,/mnt/e/MEPI/MEPI_DATA/demo/session_20260802_070352/raw/session_20260802_070352_FE_F4250_V3p9_R04_20260802_070438_054540_scope2.csv,c9de610343be24b28bafe04325e5b4f76798fab5be60a033e555a7f445445ada,4ae58c7d6c383ea3324888f9261a248574116757f6f4ec80363888622ce1e19f,9.30427240225623,WARNING,,TEMPERATURE_CALIBRATION_PENDING;VIN_REFERENCE_DRIFT;VIN_SCOPE1_SCOPE2_MISMATCH,LEGACY_DATA_NOT_GROUND_TRUTH,raw Scope #2 CH1 primary Vin,28.5,26.75,28.5,28.5,SWAPPED_CORE_ROOM_CHANNELS_PHYSICALLY_VERIFIED,2026-09-23,0,REFERENCE_BASED_CALIBRATION_NOT_FOUND,3.9,3.9,3.9,0.0,EXACT_FROZEN_LABEL,NOT_GENERATED_LSP_DEFINITION_INCOMPLETE
session_20260802_070352_FE_F4250_V3p9_R05_20260802_070441_845347,session_20260802_070352,F4250_V3p9_RL49p6025_SINE,demo,FE,5,sine,49.6025,1.5152,0.1012,0.1038,4250.0,4268.0,0.4235294117647059,3.5241523972332014,3.89,3.9,4.039713470388273,-0.3964599725781968,26.5,0.17685301511477292,0.12429135814280504,0.7624578139575252,4853.322957396507,1.1098824878317661,3.8486753313177746,3.8709306940149606,4.178087817626397,4270.0,0.0468384074941452,4.020617515800876,28.0,1.5,0.14932607,0.15346071995180252,0.15347056940086368,0.0985520525343189,0.10163674762407603,-9.24021286440606,3.8531286618523928,0.07768013027271595,5.966152386599998,5.7484191099999995,0.37653790213985333,0.29931153641022956,0.0016092559482907072,0.07561710978133306,79.49041376957042,,1,1.1472792174718225,1.2586940879367046,2.694272484255963,0.03857627061907377,0.29830761932999994,0.28742095549999996,1,,VIN_SCOPE1_SCOPE2_MISMATCH;VIN_REFERENCE_DRIFT,raw\session_20260802_070352_FE_F4250_V3p9_R05_20260802_070441_845347_scope1.csv,raw\session_20260802_070352_FE_F4250_V3p9_R05_20260802_070441_845347_scope2.csv,processed\session_20260802_070352_FE_F4250_V3p9_R05_20260802_070441_845347_B1024.csv,preview\session_20260802_070352_FE_F4250_V3p9_R05_20260802_070441_845347_preview.svg,2026-08-02T07:04:41.954547,MEPI-FROZEN-PROTOCOL v1.1,primary-B-reprocess-v2-temperature-channel-swap,session_20260802_070352,session_20260802_070352_FE_F4250_V3p9_R05_20260802_070441_845347,/mnt/e/MEPI/MEPI_DATA/demo/session_20260802_070352/samples.csv,/mnt/e/MEPI/MEPI_DATA/demo/session_20260802_070352/raw/session_20260802_070352_FE_F4250_V3p9_R05_20260802_070441_845347_scope1.csv,/mnt/e/MEPI/MEPI_DATA/demo/session_20260802_070352/raw/session_20260802_070352_FE_F4250_V3p9_R05_20260802_070441_845347_scope2.csv,fe7c418b47fc11655727c6ccef6534bef78f0a77d3bea44908f08c53363b2cb6,f2f415e9452240a7f27c42e4b9fcd0be1a45c3c03c28be28b32e2942f71d534b,9.240212864406072,WARNING,,TEMPERATURE_CALIBRATION_PENDING;VIN_REFERENCE_DRIFT;VIN_SCOPE1_SCOPE2_MISMATCH,LEGACY_DATA_NOT_GROUND_TRUTH,raw Scope #2 CH1 primary Vin,28.0,26.5,28.0,28.0,SWAPPED_CORE_ROOM_CHANNELS_PHYSICALLY_VERIFIED,2026-09-23,0,REFERENCE_BASED_CALIBRATION_NOT_FOUND,3.9,3.9,3.9,0.0,EXACT_FROZEN_LABEL,NOT_GENERATED_LSP_DEFINITION_INCOMPLETE
session_20260802_070352_FE_F4000_V3p9_R01_20260802_070452_172565,session_20260802_070352,F4000_V3p9_RL49p6025_SINE,demo,FE,1,sine,49.6025,1.5152,0.1012,0.1038,4000.0,4023.0,0.575,3.312501413043478,3.89,3.9,4.035532375791281,-0.5631172571396021,26.75,0.18639192069605315,0.13168214516689267,0.6792957934190588,11418.982498168945,1.1100799334515672,3.741192179724846,3.8660909798232703,4.1987371228761425,4008.0,0.37285607755406414,4.016082692602558,28.5,1.75,0.149732581,0.1533779069050583,0.15336125702175593,0.0988203412090813,0.10137275607180568,-7.934535014789474,3.8518667125336488,0.07765468902844914,6.0913335646,5.735394006,0.37839086569143676,0.2991155117408352,0.001614204561049254,0.07766114938955228,79.04934787319958,,1,0.9750541145496117,1.189568612076677,2.376695561059363,0.03872970961662289,0.30456667823,0.2867697003,1,,VIN_SCOPE1_SCOPE2_MISMATCH;VIN_REFERENCE_DRIFT,raw\session_20260802_070352_FE_F4000_V3p9_R01_20260802_070452_172565_scope1.csv,raw\session_20260802_070352_FE_F4000_V3p9_R01_20260802_070452_172565_scope2.csv,processed\session_20260802_070352_FE_F4000_V3p9_R01_20260802_070452_172565_B1024.csv,preview\session_20260802_070352_FE_F4000_V3p9_R01_20260802_070452_172565_preview.svg,2026-08-02T07:04:52.266165,MEPI-FROZEN-PROTOCOL v1.1,primary-B-reprocess-v2-temperature-channel-swap,session_20260802_070352,session_20260802_070352_FE_F4000_V3p9_R01_20260802_070452_172565,/mnt/e/MEPI/MEPI_DATA/demo/session_20260802_070352/samples.csv,/mnt/e/MEPI/MEPI_DATA/demo/session_20260802_070352/raw/session_20260802_070352_FE_F4000_V3p9_R01_20260802_070452_172565_scope1.csv,/mnt/e/MEPI/MEPI_DATA/demo/session_20260802_070352/raw/session_20260802_070352_FE_F4000_V3p9_R01_20260802_070452_172565_scope2.csv,9b268e1b0e0def677250c766d228e62b0103541bc90fb37e52660f0ae608ec45,10a07d7afb1e72ee740eae0c9551e9b0832e5c4f2af08d9764461988f0ba7917,7.934535014789486,WARNING,,TEMPERATURE_CALIBRATION_PENDING;VIN_REFERENCE_DRIFT;VIN_SCOPE1_SCOPE2_MISMATCH,LEGACY_DATA_NOT_GROUND_TRUTH,raw Scope #2 CH1 primary Vin,28.5,26.75,28.5,28.5,SWAPPED_CORE_ROOM_CHANNELS_PHYSICALLY_VERIFIED,2026-09-23,0,REFERENCE_BASED_CALIBRATION_NOT_FOUND,3.9,3.9,3.9,0.0,EXACT_FROZEN_LABEL,NOT_GENERATED_LSP_DEFINITION_INCOMPLETE
session_20260802_070352_FE_F4000_V3p9_R02_20260802_070455_916572,session_20260802_070352,F4000_V3p9_RL49p6025_SINE,demo,FE,2,sine,49.6025,1.5152,0.1012,0.1038,4000.0,4018.0,0.45,3.312501413043478,3.89,3.9,4.039366204590997,-0.15070630963619244,26.75,0.1871289317650593,0.1316965095680882,0.6390992675863113,13053.288665771484,1.1101701387159297,3.8397481900003716,3.8662432079325995,4.285895061003431,4014.0,0.09955201592832255,4.016734267175502,28.25,1.5,0.149733885,0.15360872985658924,0.15359094325019637,0.09882120182154171,0.1017027455121436,-8.022465176663477,3.8500590936101426,0.0776182469353388,6.0972431204,5.921328197,0.3783276745870254,0.2988348374434787,0.0016136344251700533,0.0778792027183766,78.98836313512635,,1,1.3497601670828598,1.4287197399942275,2.522542084819547,0.038728521964883605,0.30486215602,0.29606640985,1,,VIN_SCOPE1_SCOPE2_MISMATCH;VIN_REFERENCE_DRIFT,raw\session_20260802_070352_FE_F4000_V3p9_R02_20260802_070455_916572_scope1.csv,raw\session_20260802_070352_FE_F4000_V3p9_R02_20260802_070455_916572_scope2.csv,processed\session_20260802_070352_FE_F4000_V3p9_R02_20260802_070455_916572_B1024.csv,preview\session_20260802_070352_FE_F4000_V3p9_R02_20260802_070455_916572_preview.svg,2026-08-02T07:04:56.010172,MEPI-FROZEN-PROTOCOL v1.1,primary-B-reprocess-v2-temperature-channel-swap,session_20260802_070352,session_20260802_070352_FE_F4000_V3p9_R02_20260802_070455_916572,/mnt/e/MEPI/MEPI_DATA/demo/session_20260802_070352/samples.csv,/mnt/e/MEPI/MEPI_DATA/demo/session_20260802_070352/raw/session_20260802_070352_FE_F4000_V3p9_R02_20260802_070455_916572_scope1.csv,/mnt/e/MEPI/MEPI_DATA/demo/session_20260802_070352/raw/session_20260802_070352_FE_F4000_V3p9_R02_20260802_070455_916572_scope2.csv,f513a4301c4c37b24667f3705b43c19ba79b54e8eb7c6c9519c6a1c009f52d2a,1cdd28b78b3541c8acddeaacc831ad57754cb2c6e24e4f085bcf4e8170aa178e,8.022465176663488,WARNING,,TEMPERATURE_CALIBRATION_PENDING;VIN_REFERENCE_DRIFT;VIN_SCOPE1_SCOPE2_MISMATCH,LEGACY_DATA_NOT_GROUND_TRUTH,raw Scope #2 CH1 primary Vin,28.25,26.75,28.25,28.25,SWAPPED_CORE_ROOM_CHANNELS_PHYSICALLY_VERIFIED,2026-09-23,0,REFERENCE_BASED_CALIBRATION_NOT_FOUND,3.9,3.9,3.9,0.0,EXACT_FROZEN_LABEL,NOT_GENERATED_LSP_DEFINITION_INCOMPLETE
session_20260802_070352_FE_F4000_V3p9_R03_20260802_070459_754179,session_20260802_070352,F4000_V3p9_RL49p6025_SINE,demo,FE,3,sine,49.6025,1.5152,0.1012,0.1038,4000.0,4013.0,0.325,3.312501413043478,3.89,3.9,4.041765546542136,-0.31497252206807397,26.75,0.18880222913406897,0.1326576530317668,1.1031158089683542,4875.504753112793,1.109576408963275,3.9014279316741884,3.8652863993454907,4.366387539416524,4018.0,0.12444001991040318,4.015867412352131,28.0,1.25,0.149738687,0.1527262119284353,0.15271228671676335,0.09882437104012672,0.1010427666314678,-8.812758602495796,3.849566159447059,0.07760830924745847,6.0858259622,5.750710596,0.37747489915046145,0.29875832097091837,0.001613537693870497,0.07710304048567258,79.14653971517014,,1,1.4560526937109275,1.5086683935603895,1.9561310993787966,0.03873935111906732,0.30429129811,0.2875355298,1,,VIN_SCOPE1_SCOPE2_MISMATCH;VIN_REFERENCE_DRIFT,raw\session_20260802_070352_FE_F4000_V3p9_R03_20260802_070459_754179_scope1.csv,raw\session_20260802_070352_FE_F4000_V3p9_R03_20260802_070459_754179_scope2.csv,processed\session_20260802_070352_FE_F4000_V3p9_R03_20260802_070459_754179_B1024.csv,preview\session_20260802_070352_FE_F4000_V3p9_R03_20260802_070459_754179_preview.svg,2026-08-02T07:04:59.832179,MEPI-FROZEN-PROTOCOL v1.1,primary-B-reprocess-v2-temperature-channel-swap,session_20260802_070352,session_20260802_070352_FE_F4000_V3p9_R03_20260802_070459_754179,/mnt/e/MEPI/MEPI_DATA/demo/session_20260802_070352/samples.csv,/mnt/e/MEPI/MEPI_DATA/demo/session_20260802_070352/raw/session_20260802_070352_FE_F4000_V3p9_R03_20260802_070459_754179_scope1.csv,/mnt/e/MEPI/MEPI_DATA/demo/session_20260802_070352/raw/session_20260802_070352_FE_F4000_V3p9_R03_20260802_070459_754179_scope2.csv,576c36dd2bb75df683ded49ed83e69f38f16e61a1c3ddc46eed02e8dc808b34b,d4be304c513be0ab78786e209229e8845a7e2d0bbdf087e06dcc11ea20cd5755,8.812758602495808,WARNING,,TEMPERATURE_CALIBRATION_PENDING;VIN_REFERENCE_DRIFT;VIN_SCOPE1_SCOPE2_MISMATCH,LEGACY_DATA_NOT_GROUND_TRUTH,raw Scope #2 CH1 primary Vin,28.0,26.75,28.0,28.0,SWAPPED_CORE_ROOM_CHANNELS_PHYSICALLY_VERIFIED,2026-09-23,0,REFERENCE_BASED_CALIBRATION_NOT_FOUND,3.9,3.9,3.9,0.0,EXACT_FROZEN_LABEL,NOT_GENERATED_LSP_DEFINITION_INCOMPLETE
session_20260802_070352_FE_F4000_V3p9_R04_20260802_070503_841386,session_20260802_070352,F4000_V3p9_RL49p6025_SINE,demo,FE,4,sine,49.6025,1.5152,0.1012,0.1038,4000.0,4014.0,0.35,3.312501413043478,3.89,3.9,4.040910363839883,-0.30095563142136544,26.25,0.1888066256303702,0.13249114367881307,1.0329139413409696,4874.882217407227,1.1093429653707343,3.8794438005113077,3.866138270410068,4.325067316359448,4014.0,0.0,4.017302147677014,28.0,1.75,0.149749018,0.15408807797938812,0.15406990012545965,0.09883118928194298,0.10176874340021119,-7.553435281250759,3.853174964130205,0.07768106373933178,6.0834139318,5.9023532763999995,0.3787794893684886,0.29931872998739595,0.0016148468097475586,0.07784591257134509,79.02189489891025,,1,1.432181264180623,1.9960255114027519,2.815960868801626,0.03873348740424553,0.30417069659,0.29511766382,1,,VIN_SCOPE1_SCOPE2_MISMATCH;VIN_REFERENCE_DRIFT,raw\session_20260802_070352_FE_F4000_V3p9_R04_20260802_070503_841386_scope1.csv,raw\session_20260802_070352_FE_F4000_V3p9_R04_20260802_070503_841386_scope2.csv,processed\session_20260802_070352_FE_F4000_V3p9_R04_20260802_070503_841386_B1024.csv,preview\session_20260802_070352_FE_F4000_V3p9_R04_20260802_070503_841386_preview.svg,2026-08-02T07:05:03.934986,MEPI-FROZEN-PROTOCOL v1.1,primary-B-reprocess-v2-temperature-channel-swap,session_20260802_070352,session_20260802_070352_FE_F4000_V3p9_R04_20260802_070503_841386,/mnt/e/MEPI/MEPI_DATA/demo/session_20260802_070352/samples.csv,/mnt/e/MEPI/MEPI_DATA/demo/session_20260802_070352/raw/session_20260802_070352_FE_F4000_V3p9_R04_20260802_070503_841386_scope1.csv,/mnt/e/MEPI/MEPI_DATA/demo/session_20260802_070352/raw/session_20260802_070352_FE_F4000_V3p9_R04_20260802_070503_841386_scope2.csv,bdf4106e9a770a577d0a666230a7e3987a56bb89e551b0610f134465d6c9a46b,5dd601dd383cb2670cae6ced13dee612f90147a372c4eee93876dc8d90e3fc04,7.553435281250785,WARNING,,TEMPERATURE_CALIBRATION_PENDING;VIN_REFERENCE_DRIFT;VIN_SCOPE1_SCOPE2_MISMATCH,LEGACY_DATA_NOT_GROUND_TRUTH,raw Scope #2 CH1 primary Vin,28.0,26.25,28.0,28.0,SWAPPED_CORE_ROOM_CHANNELS_PHYSICALLY_VERIFIED,2026-09-23,0,REFERENCE_BASED_CALIBRATION_NOT_FOUND,3.9,3.9,3.9,0.0,EXACT_FROZEN_LABEL,NOT_GENERATED_LSP_DEFINITION_INCOMPLETE
session_20260802_070352_FE_F4000_V3p9_R05_20260802_070508_022193,session_20260802_070352,F4000_V3p9_RL49p6025_SINE,demo,FE,5,sine,49.6025,1.5152,0.1012,0.1038,4000.0,4021.0,0.525,3.312501413043478,3.89,3.9,4.035944164307433,-0.2992990721144041,26.5,0.18719792392198542,0.13197233668346567,0.6187635577047095,5260.996490478516,1.110289251572175,3.751778002762004,3.866298561002275,4.203368441155544,4014.0,0.1740860482467048,4.016764548402146,28.5,2.0,0.149758179,0.15355644312217692,0.15353888455725095,0.09883723534846883,0.10137275607180568,-9.372380204499347,3.846759771474402,0.07755173169647502,5.965147333799999,5.7381678914,0.3770330662150186,0.2983228816981764,0.0016128838070933245,0.07709730070974888,79.12379799814309,,1,1.1219399132339083,1.1023731474007572,2.473529631807666,0.03873425102513999,0.29825736668999997,0.28690839457,1,,VIN_SCOPE1_SCOPE2_MISMATCH;VIN_REFERENCE_DRIFT,raw\session_20260802_070352_FE_F4000_V3p9_R05_20260802_070508_022193_scope1.csv,raw\session_20260802_070352_FE_F4000_V3p9_R05_20260802_070508_022193_scope2.csv,processed\session_20260802_070352_FE_F4000_V3p9_R05_20260802_070508_022193_B1024.csv,preview\session_20260802_070352_FE_F4000_V3p9_R05_20260802_070508_022193_preview.svg,2026-08-02T07:05:08.131393,MEPI-FROZEN-PROTOCOL v1.1,primary-B-reprocess-v2-temperature-channel-swap,session_20260802_070352,session_20260802_070352_FE_F4000_V3p9_R05_20260802_070508_022193,/mnt/e/MEPI/MEPI_DATA/demo/session_20260802_070352/samples.csv,/mnt/e/MEPI/MEPI_DATA/demo/session_20260802_070352/raw/session_20260802_070352_FE_F4000_V3p9_R05_20260802_070508_022193_scope1.csv,/mnt/e/MEPI/MEPI_DATA/demo/session_20260802_070352/raw/session_20260802_070352_FE_F4000_V3p9_R05_20260802_070508_022193_scope2.csv,493a2aceacc4bbba3dbda271fa71ce1e161baad21476a17afa452cc6c7692cb5,17e5ce817506d2c6a4071b03ce9f84cf7b9296696fdad23ca76f35b4b6e082cd,9.37238020449936,WARNING,,TEMPERATURE_CALIBRATION_PENDING;VIN_REFERENCE_DRIFT;VIN_SCOPE1_SCOPE2_MISMATCH,LEGACY_DATA_NOT_GROUND_TRUTH,raw Scope #2 CH1 primary Vin,28.5,26.5,28.5,28.5,SWAPPED_CORE_ROOM_CHANNELS_PHYSICALLY_VERIFIED,2026-09-23,0,REFERENCE_BASED_CALIBRATION_NOT_FOUND,3.9,3.9,3.9,0.0,EXACT_FROZEN_LABEL,NOT_GENERATED_LSP_DEFINITION_INCOMPLETE
session_20260802_070352_FE_F3750_V3p9_R01_20260802_070520_829816,session_20260802_070352,F3750_V3p9_RL49p6025_SINE,demo,FE,1,sine,49.6025,1.5152,0.1012,0.1038,3750.0,3761.0,0.29333333333333333,3.0912878843873517,3.89,3.9,4.057486860492237,-0.4363703899900691,26.5,0.20021010908476455,0.1407846669150258,0.9907191490173378,7528.08316040039,1.1090945485412234,4.305574819851423,3.880779527499032,4.3550931665063315,3757.0,0.10635469290082425,4.033015756459746,28.0,1.5,0.150273533,0.15528524859631415,0.15529227899765968,0.09917735810454063,0.10223072861668427,-7.989910348247863,3.8622602901105374,0.07786422640210751,6.100700370400002,5.746489515999999,0.3811492089598589,0.3007319096530363,0.0016247407728743652,0.0787925585339482,78.90136004052633,,1,1.4789728915361484,1.1360034310400318,3.2274254261863753,0.03872251230330618,0.3050350185200001,0.2873244757999999,1,,VIN_SCOPE1_SCOPE2_MISMATCH;VIN_REFERENCE_DRIFT,raw\session_20260802_070352_FE_F3750_V3p9_R01_20260802_070520_829816_scope1.csv,raw\session_20260802_070352_FE_F3750_V3p9_R01_20260802_070520_829816_scope2.csv,processed\session_20260802_070352_FE_F3750_V3p9_R01_20260802_070520_829816_B1024.csv,preview\session_20260802_070352_FE_F3750_V3p9_R01_20260802_070520_829816_preview.svg,2026-08-02T07:05:20.923416,MEPI-FROZEN-PROTOCOL v1.1,primary-B-reprocess-v2-temperature-channel-swap,session_20260802_070352,session_20260802_070352_FE_F3750_V3p9_R01_20260802_070520_829816,/mnt/e/MEPI/MEPI_DATA/demo/session_20260802_070352/samples.csv,/mnt/e/MEPI/MEPI_DATA/demo/session_20260802_070352/raw/session_20260802_070352_FE_F3750_V3p9_R01_20260802_070520_829816_scope1.csv,/mnt/e/MEPI/MEPI_DATA/demo/session_20260802_070352/raw/session_20260802_070352_FE_F3750_V3p9_R01_20260802_070520_829816_scope2.csv,6888a0698798d63e7c5442f65096d6ed3d3b05331c1daf9ad0bee77aba2458d6,f682a8b8142c970a730f75542c268dd3c865b030adee463ebffaf68248a896bc,7.989910348247901,WARNING,,TEMPERATURE_CALIBRATION_PENDING;VIN_REFERENCE_DRIFT;VIN_SCOPE1_SCOPE2_MISMATCH,LEGACY_DATA_NOT_GROUND_TRUTH,raw Scope #2 CH1 primary Vin,28.0,26.5,28.0,28.0,SWAPPED_CORE_ROOM_CHANNELS_PHYSICALLY_VERIFIED,2026-09-23,0,REFERENCE_BASED_CALIBRATION_NOT_FOUND,3.9,3.9,3.9,0.0,EXACT_FROZEN_LABEL,NOT_GENERATED_LSP_DEFINITION_INCOMPLETE
session_20260802_070352_FE_F3750_V3p9_R02_20260802_070524_636222,session_20260802_070352,F3750_V3p9_RL49p6025_SINE,demo,FE,2,sine,49.6025,1.5152,0.1012,0.1038,3750.0,3755.0,0.13333333333333333,3.0912878843873517,3.89,3.9,4.05685314441868,-0.10917293552219803,26.75,0.19986233222232386,0.14082024141642033,0.73566300996447,6900.362548828125,1.1097590989742279,4.289283918216918,3.880600881492747,4.344556153539528,3754.0,0.02663115845539281,4.033005747575283,28.5,1.75,0.150281996,0.15653172703278015,0.15653712452122062,0.09918294350580781,0.10289070749736008,-8.035144721085466,3.8674723778584106,0.07796930352015344,5.963700146399998,5.735434268199999,0.38111077187606335,0.30154412768505195,0.0016265525716357668,0.07794009161937562,79.12243629343378,,1,1.0558551742895395,1.3374975746360114,3.9926289393532075,0.038726475767379503,0.2981850073199999,0.28677171340999996,1,,VIN_SCOPE1_SCOPE2_MISMATCH;VIN_REFERENCE_DRIFT,raw\session_20260802_070352_FE_F3750_V3p9_R02_20260802_070524_636222_scope1.csv,raw\session_20260802_070352_FE_F3750_V3p9_R02_20260802_070524_636222_scope2.csv,processed\session_20260802_070352_FE_F3750_V3p9_R02_20260802_070524_636222_B1024.csv,preview\session_20260802_070352_FE_F3750_V3p9_R02_20260802_070524_636222_preview.svg,2026-08-02T07:05:24.823423,MEPI-FROZEN-PROTOCOL v1.1,primary-B-reprocess-v2-temperature-channel-swap,session_20260802_070352,session_20260802_070352_FE_F3750_V3p9_R02_20260802_070524_636222,/mnt/e/MEPI/MEPI_DATA/demo/session_20260802_070352/samples.csv,/mnt/e/MEPI/MEPI_DATA/demo/session_20260802_070352/raw/session_20260802_070352_FE_F3750_V3p9_R02_20260802_070524_636222_scope1.csv,/mnt/e/MEPI/MEPI_DATA/demo/session_20260802_070352/raw/session_20260802_070352_FE_F3750_V3p9_R02_20260802_070524_636222_scope2.csv,62ab99ab1ee40a568344f94a4aeef462c1348580a74694710eef8db722227022,3603053c1e18dd3997934ebc0ef778c59508a4858ec615ae4451564ab5fe4e44,8.035144721085427,WARNING,,TEMPERATURE_CALIBRATION_PENDING;VIN_REFERENCE_DRIFT;VIN_SCOPE1_SCOPE2_MISMATCH,LEGACY_DATA_NOT_GROUND_TRUTH,raw Scope #2 CH1 primary Vin,28.5,26.75,28.5,28.5,SWAPPED_CORE_ROOM_CHANNELS_PHYSICALLY_VERIFIED,2026-09-23,0,REFERENCE_BASED_CALIBRATION_NOT_FOUND,3.9,3.9,3.9,0.0,EXACT_FROZEN_LABEL,NOT_GENERATED_LSP_DEFINITION_INCOMPLETE
session_20260802_070352_FE_F3750_V3p9_R03_20260802_070528_442629,session_20260802_070352,F3750_V3p9_RL49p6025_SINE,demo,FE,3,sine,49.6025,1.5152,0.1012,0.1038,3750.0,3755.0,0.13333333333333333,3.0912878843873517,3.89,3.9,4.057722987355491,-0.2463286632785415,26.75,0.20011782820097324,0.14089043687889113,0.7975908368380901,4847.534484863281,1.109951362312645,4.311644919164147,3.8806445872614406,4.36398444757942,3750.0,0.13315579227696406,4.033209132455886,28.5,1.75,0.150265889,0.1545690410499372,0.15457339442544415,0.09917231322597678,0.10176874340021119,-9.147329146865474,3.8632049191917797,0.0778832703833835,6.092740600000002,5.741464352599999,0.37995826334992583,0.30087903326783055,0.001624947383334279,0.07745428269876099,79.18739037680395,,1,1.2130071843503636,1.1870452529507085,2.7839676177760344,0.0387218890112383,0.3046370300000001,0.28707321762999993,1,,VIN_SCOPE1_SCOPE2_MISMATCH;VIN_REFERENCE_DRIFT,raw\session_20260802_070352_FE_F3750_V3p9_R03_20260802_070528_442629_scope1.csv,raw\session_20260802_070352_FE_F3750_V3p9_R03_20260802_070528_442629_scope2.csv,processed\session_20260802_070352_FE_F3750_V3p9_R03_20260802_070528_442629_B1024.csv,preview\session_20260802_070352_FE_F3750_V3p9_R03_20260802_070528_442629_preview.svg,2026-08-02T07:05:28.536229,MEPI-FROZEN-PROTOCOL v1.1,primary-B-reprocess-v2-temperature-channel-swap,session_20260802_070352,session_20260802_070352_FE_F3750_V3p9_R03_20260802_070528_442629,/mnt/e/MEPI/MEPI_DATA/demo/session_20260802_070352/samples.csv,/mnt/e/MEPI/MEPI_DATA/demo/session_20260802_070352/raw/session_20260802_070352_FE_F3750_V3p9_R03_20260802_070528_442629_scope1.csv,/mnt/e/MEPI/MEPI_DATA/demo/session_20260802_070352/raw/session_20260802_070352_FE_F3750_V3p9_R03_20260802_070528_442629_scope2.csv,246ff742ac4f39b78e7153b5a195702cf979e5782594017a5ab88c8d0d25ad06,79c2ecd73473126372650e6b9672aecf5fa883d373c4d08ff7b36522f45205b0,9.14732914686546,WARNING,,TEMPERATURE_CALIBRATION_PENDING;VIN_REFERENCE_DRIFT;VIN_SCOPE1_SCOPE2_MISMATCH,LEGACY_DATA_NOT_GROUND_TRUTH,raw Scope #2 CH1 primary Vin,28.5,26.75,28.5,28.5,SWAPPED_CORE_ROOM_CHANNELS_PHYSICALLY_VERIFIED,2026-09-23,0,REFERENCE_BASED_CALIBRATION_NOT_FOUND,3.9,3.9,3.9,0.0,EXACT_FROZEN_LABEL,NOT_GENERATED_LSP_DEFINITION_INCOMPLETE
session_20260802_070352_FE_F3750_V3p9_R04_20260802_070532_264636,session_20260802_070352,F3750_V3p9_RL49p6025_SINE,demo,FE,4,sine,49.6025,1.5152,0.1012,0.1038,3750.0,3755.0,0.13333333333333333,3.0912878843873517,3.89,3.9,4.055891141900839,-0.13435799972909065,26.25,0.1998573996166222,0.14049103349458295,0.7890245753369339,7048.4173583984375,1.110035660549914,4.264553776371121,3.8807750469275826,4.317573841273741,3751.0,0.10652463382157124,4.032662404189476,28.5,2.25,0.150267015,0.15493029556600682,0.15493300873789195,0.09917305636219641,0.10190073917634636,-9.613120723912052,3.86442912678531,0.07790795074412198,6.091132548400002,5.754007104199999,0.37946393266050665,0.30106975406374026,0.0016253614092654198,0.07676881718750098,79.34080900729425,,1,1.129127302638619,1.3715453182505553,3.0099216870208982,0.038720877449200906,0.3045566274200001,0.28770035521,1,,VIN_SCOPE1_SCOPE2_MISMATCH;VIN_REFERENCE_DRIFT,raw\session_20260802_070352_FE_F3750_V3p9_R04_20260802_070532_264636_scope1.csv,raw\session_20260802_070352_FE_F3750_V3p9_R04_20260802_070532_264636_scope2.csv,processed\session_20260802_070352_FE_F3750_V3p9_R04_20260802_070532_264636_B1024.csv,preview\session_20260802_070352_FE_F3750_V3p9_R04_20260802_070532_264636_preview.svg,2026-08-02T07:05:32.373836,MEPI-FROZEN-PROTOCOL v1.1,primary-B-reprocess-v2-temperature-channel-swap,session_20260802_070352,session_20260802_070352_FE_F3750_V3p9_R04_20260802_070532_264636,/mnt/e/MEPI/MEPI_DATA/demo/session_20260802_070352/samples.csv,/mnt/e/MEPI/MEPI_DATA/demo/session_20260802_070352/raw/session_20260802_070352_FE_F3750_V3p9_R04_20260802_070532_264636_scope1.csv,/mnt/e/MEPI/MEPI_DATA/demo/session_20260802_070352/raw/session_20260802_070352_FE_F3750_V3p9_R04_20260802_070532_264636_scope2.csv,1c3289770aeb2566c589b6874e30245785e560dc15aa0978db36ab22bc59dafb,e220393d6a755960fb14338b3803448c09008ffd49b1a345aa389a7c15d3ddca,9.613120723912091,WARNING,,TEMPERATURE_CALIBRATION_PENDING;VIN_REFERENCE_DRIFT;VIN_SCOPE1_SCOPE2_MISMATCH,LEGACY_DATA_NOT_GROUND_TRUTH,raw Scope #2 CH1 primary Vin,28.5,26.25,28.5,28.5,SWAPPED_CORE_ROOM_CHANNELS_PHYSICALLY_VERIFIED,2026-09-23,0,REFERENCE_BASED_CALIBRATION_NOT_FOUND,3.9,3.9,3.9,0.0,EXACT_FROZEN_LABEL,NOT_GENERATED_LSP_DEFINITION_INCOMPLETE
session_20260802_070352_FE_F3750_V3p9_R05_20260802_070536_086642,session_20260802_070352,F3750_V3p9_RL49p6025_SINE,demo,FE,5,sine,49.6025,1.5152,0.1012,0.1038,3750.0,3750.0,0.0,3.0912878843873517,3.89,3.9,4.0523952455063075,-0.15489587521099965,26.5,0.1993467780418996,0.14034993115248973,0.7116941830998954,4896.326065063477,1.109551497310931,4.174684974455088,3.8797316041644465,4.260779881560739,3755.0,0.13315579227696406,4.032543255262838,28.25,1.75,0.150272377,0.15485436003085673,0.15485949701655227,0.09917659516895459,0.1017027455121436,-9.067944457715337,3.8674190570246076,0.07796822855752447,6.101785801000002,5.745404034199999,0.3799696610613559,0.3015358129658204,0.0016264077355303901,0.0768074403600051,79.35786560525675,,1,1.3419740840805345,1.2442446875750546,2.958898302859344,0.03873267337325599,0.3050892900500001,0.28727020170999995,1,,VIN_SCOPE1_SCOPE2_MISMATCH;VIN_REFERENCE_DRIFT,raw\session_20260802_070352_FE_F3750_V3p9_R05_20260802_070536_086642_scope1.csv,raw\session_20260802_070352_FE_F3750_V3p9_R05_20260802_070536_086642_scope2.csv,processed\session_20260802_070352_FE_F3750_V3p9_R05_20260802_070536_086642_B1024.csv,preview\session_20260802_070352_FE_F3750_V3p9_R05_20260802_070536_086642_preview.svg,2026-08-02T07:05:36.180243,MEPI-FROZEN-PROTOCOL v1.1,primary-B-reprocess-v2-temperature-channel-swap,session_20260802_070352,session_20260802_070352_FE_F3750_V3p9_R05_20260802_070536_086642,/mnt/e/MEPI/MEPI_DATA/demo/session_20260802_070352/samples.csv,/mnt/e/MEPI/MEPI_DATA/demo/session_20260802_070352/raw/session_20260802_070352_FE_F3750_V3p9_R05_20260802_070536_086642_scope1.csv,/mnt/e/MEPI/MEPI_DATA/demo/session_20260802_070352/raw/session_20260802_070352_FE_F3750_V3p9_R05_20260802_070536_086642_scope2.csv,6e0bb89033c5c313c1f35e602f20b0a40b74c59d5c0f2e7a10266c0c154fbf52,6e88b1c86d9fa87378d6988c96ea2f00ec31139360e27c44b9e3fde79db20f72,9.067944457715363,WARNING,,TEMPERATURE_CALIBRATION_PENDING;VIN_REFERENCE_DRIFT;VIN_SCOPE1_SCOPE2_MISMATCH,LEGACY_DATA_NOT_GROUND_TRUTH,raw Scope #2 CH1 primary Vin,28.25,26.5,28.25,28.25,SWAPPED_CORE_ROOM_CHANNELS_PHYSICALLY_VERIFIED,2026-09-23,0,REFERENCE_BASED_CALIBRATION_NOT_FOUND,3.9,3.9,3.9,0.0,EXACT_FROZEN_LABEL,NOT_GENERATED_LSP_DEFINITION_INCOMPLETE
session_20260802_070352_FE_F3500_V3p9_R01_20260802_070546_304660,session_20260802_070352,F3500_V3p9_RL49p6025_SINE,demo,FE,1,sine,49.6025,1.5152,0.1012,0.1038,3500.0,3512.0,0.34285714285714286,2.8917494565217394,3.89,3.9,4.035803258192858,-0.39486948843464453,26.75,0.21231693182964761,0.14978645393601595,0.6074141894564585,4842.959899902344,1.1095544804233686,3.7481557376057553,3.862824501160601,4.286104796637822,3516.0,0.11376564277588168,4.015456503161615,28.5,1.75,0.150761831,0.15516299905676909,0.15520160826402407,0.09949962447201689,0.10229672650475184,-9.641580727290492,3.8506844660423387,0.07763085461503631,5.9722628908,5.755092555799999,0.37892055322823787,0.29893192595171153,0.001627453584592807,0.07836117369193353,78.89039625983386,,1,1.2719149762053175,1.5635659041760814,2.836480400303959,0.03902891031024145,0.29861314454,0.28775462778999994,1,,VIN_SCOPE1_SCOPE2_MISMATCH;VIN_REFERENCE_DRIFT,raw\session_20260802_070352_FE_F3500_V3p9_R01_20260802_070546_304660_scope1.csv,raw\session_20260802_070352_FE_F3500_V3p9_R01_20260802_070546_304660_scope2.csv,processed\session_20260802_070352_FE_F3500_V3p9_R01_20260802_070546_304660_B1024.csv,preview\session_20260802_070352_FE_F3500_V3p9_R01_20260802_070546_304660_preview.svg,2026-08-02T07:05:46.398261,MEPI-FROZEN-PROTOCOL v1.1,primary-B-reprocess-v2-temperature-channel-swap,session_20260802_070352,session_20260802_070352_FE_F3500_V3p9_R01_20260802_070546_304660,/mnt/e/MEPI/MEPI_DATA/demo/session_20260802_070352/samples.csv,/mnt/e/MEPI/MEPI_DATA/demo/session_20260802_070352/raw/session_20260802_070352_FE_F3500_V3p9_R01_20260802_070546_304660_scope1.csv,/mnt/e/MEPI/MEPI_DATA/demo/session_20260802_070352/raw/session_20260802_070352_FE_F3500_V3p9_R01_20260802_070546_304660_scope2.csv,0380cbb53a5158b6420cd2a305299802e8980bf52f8ca3313bf1218254e2a433,035f8e912a02f158fc075a539cace417f97847bf295fc268f71752e31d71eb4d,9.641580727290465,WARNING,,TEMPERATURE_CALIBRATION_PENDING;VIN_REFERENCE_DRIFT;VIN_SCOPE1_SCOPE2_MISMATCH,LEGACY_DATA_NOT_GROUND_TRUTH,raw Scope #2 CH1 primary Vin,28.5,26.75,28.5,28.5,SWAPPED_CORE_ROOM_CHANNELS_PHYSICALLY_VERIFIED,2026-09-23,0,REFERENCE_BASED_CALIBRATION_NOT_FOUND,3.9,3.9,3.9,0.0,EXACT_FROZEN_LABEL,NOT_GENERATED_LSP_DEFINITION_INCOMPLETE
session_20260802_070352_FE_F3500_V3p9_R02_20260802_070550_142267,session_20260802_070352,F3500_V3p9_RL49p6025_SINE,demo,FE,2,sine,49.6025,1.5152,0.1012,0.1038,3500.0,3515.0,0.42857142857142855,2.8917494565217394,3.89,3.9,4.039817635262064,-0.36167282617469965,26.75,0.213233975508615,0.14985388649819664,0.8435397825981698,4852.721757888794,1.1097004999047586,3.851353091570052,3.8633488688896676,4.368235952833042,3515.0,0.0,4.0157088147287645,28.25,1.5,0.150788134,0.1558481141007726,0.15586786826440757,0.0995169838965153,0.10256071805702217,-9.513169335522774,3.8458168040895817,0.0775327212154545,5.9654689558,5.702147288400001,0.3791814732899458,0.29817664211718775,0.0016262226772583773,0.07937860849549966,78.63692271937119,,1,1.5593943588818426,1.4785328348040947,3.2467381013675802,0.03903042130475178,0.29827344779,0.28510736442000006,1,,VIN_SCOPE1_SCOPE2_MISMATCH;VIN_REFERENCE_DRIFT,raw\session_20260802_070352_FE_F3500_V3p9_R02_20260802_070550_142267_scope1.csv,raw\session_20260802_070352_FE_F3500_V3p9_R02_20260802_070550_142267_scope2.csv,processed\session_20260802_070352_FE_F3500_V3p9_R02_20260802_070550_142267_B1024.csv,preview\session_20260802_070352_FE_F3500_V3p9_R02_20260802_070550_142267_preview.svg,2026-08-02T07:05:50.235867,MEPI-FROZEN-PROTOCOL v1.1,primary-B-reprocess-v2-temperature-channel-swap,session_20260802_070352,session_20260802_070352_FE_F3500_V3p9_R02_20260802_070550_142267,/mnt/e/MEPI/MEPI_DATA/demo/session_20260802_070352/samples.csv,/mnt/e/MEPI/MEPI_DATA/demo/session_20260802_070352/raw/session_20260802_070352_FE_F3500_V3p9_R02_20260802_070550_142267_scope1.csv,/mnt/e/MEPI/MEPI_DATA/demo/session_20260802_070352/raw/session_20260802_070352_FE_F3500_V3p9_R02_20260802_070550_142267_scope2.csv,0c257da10a788e4d4cee279732d3accc9a709a62fc7a3d612f243355fc4500bd,93f7ff299826813c463ab8b4c52b16d6541116474091c8ca9c52827b6868ec3e,9.513169335522774,WARNING,,TEMPERATURE_CALIBRATION_PENDING;VIN_REFERENCE_DRIFT;VIN_SCOPE1_SCOPE2_MISMATCH,LEGACY_DATA_NOT_GROUND_TRUTH,raw Scope #2 CH1 primary Vin,28.25,26.75,28.25,28.25,SWAPPED_CORE_ROOM_CHANNELS_PHYSICALLY_VERIFIED,2026-09-23,0,REFERENCE_BASED_CALIBRATION_NOT_FOUND,3.9,3.9,3.9,0.0,EXACT_FROZEN_LABEL,NOT_GENERATED_LSP_DEFINITION_INCOMPLETE
session_20260802_070352_FE_F3500_V3p9_R03_20260802_070553_948674,session_20260802_070352,F3500_V3p9_RL49p6025_SINE,demo,FE,3,sine,49.6025,1.5152,0.1012,0.1038,3500.0,3515.0,0.42857142857142855,2.8917494565217394,3.89,3.9,4.038468461913216,-0.4799071540666635,26.0,0.21255640961165767,0.14975079086255783,0.753497617187821,4856.7242431640625,1.1094921936994977,3.8166699720620834,3.8639421490181016,4.321596529503136,3514.0,0.02844950213371266,4.016369113579104,28.0,2.0,0.150782415,0.1554922044913489,0.15550218804245328,0.09951320947729672,0.10269271383315733,-9.56052536983297,3.8512382702167973,0.07764201945903527,6.1000973814,5.741584950999999,0.37917266428441343,0.29901791671755396,0.001627907135353095,0.07852684043150637,78.86062073643151,,1,1.4954819480952297,1.3097925238571786,3.02895537866719,0.039022948373675016,0.30500486907,0.28707924754999997,1,,VIN_SCOPE1_SCOPE2_MISMATCH;VIN_REFERENCE_DRIFT,raw\session_20260802_070352_FE_F3500_V3p9_R03_20260802_070553_948674_scope1.csv,raw\session_20260802_070352_FE_F3500_V3p9_R03_20260802_070553_948674_scope2.csv,processed\session_20260802_070352_FE_F3500_V3p9_R03_20260802_070553_948674_B1024.csv,preview\session_20260802_070352_FE_F3500_V3p9_R03_20260802_070553_948674_preview.svg,2026-08-02T07:05:54.042274,MEPI-FROZEN-PROTOCOL v1.1,primary-B-reprocess-v2-temperature-channel-swap,session_20260802_070352,session_20260802_070352_FE_F3500_V3p9_R03_20260802_070553_948674,/mnt/e/MEPI/MEPI_DATA/demo/session_20260802_070352/samples.csv,/mnt/e/MEPI/MEPI_DATA/demo/session_20260802_070352/raw/session_20260802_070352_FE_F3500_V3p9_R03_20260802_070553_948674_scope1.csv,/mnt/e/MEPI/MEPI_DATA/demo/session_20260802_070352/raw/session_20260802_070352_FE_F3500_V3p9_R03_20260802_070553_948674_scope2.csv,09830b716b94937c89e15903e080838e924e09bd39fc26801c9f6154c33265cf,f06f5f384746cf74fadca14b9ce5aa2159b7fd860356677cd0a3a437eff2e6f5,9.56052536983297,WARNING,,TEMPERATURE_CALIBRATION_PENDING;VIN_REFERENCE_DRIFT;VIN_SCOPE1_SCOPE2_MISMATCH,LEGACY_DATA_NOT_GROUND_TRUTH,raw Scope #2 CH1 primary Vin,28.0,26.0,28.0,28.0,SWAPPED_CORE_ROOM_CHANNELS_PHYSICALLY_VERIFIED,2026-09-23,0,REFERENCE_BASED_CALIBRATION_NOT_FOUND,3.9,3.9,3.9,0.0,EXACT_FROZEN_LABEL,NOT_GENERATED_LSP_DEFINITION_INCOMPLETE
session_20260802_070352_FE_F3500_V3p9_R04_20260802_070557_770680,session_20260802_070352,F3500_V3p9_RL49p6025_SINE,demo,FE,4,sine,49.6025,1.5152,0.1012,0.1038,3500.0,3519.0,0.5428571428571428,2.8917494565217394,3.89,3.9,4.042716859939334,-0.5182539938082591,26.0,0.21441034827185845,0.15069208425729758,0.7710879061651664,4855.0223178863525,1.1099710209976004,3.925883288930043,3.8637718020973906,4.426356434090689,3516.0,0.08525149190110827,4.016033999402022,28.5,2.5,0.150783309,0.15584676225213756,0.15586555039782138,0.09951379949841604,0.10275871172122492,-8.628346499913322,3.8474259182717314,0.07756516139855313,5.969328265,5.710911091200001,0.3801469643871237,0.2984262123197233,0.0016266807970867652,0.08009407127031361,78.50285291659469,,1,1.2241306070410254,1.6445996800795564,3.248994832466022,0.039024900207136934,0.29846641325,0.28554555456,1,,VIN_SCOPE1_SCOPE2_MISMATCH;VIN_REFERENCE_DRIFT,raw\session_20260802_070352_FE_F3500_V3p9_R04_20260802_070557_770680_scope1.csv,raw\session_20260802_070352_FE_F3500_V3p9_R04_20260802_070557_770680_scope2.csv,processed\session_20260802_070352_FE_F3500_V3p9_R04_20260802_070557_770680_B1024.csv,preview\session_20260802_070352_FE_F3500_V3p9_R04_20260802_070557_770680_preview.svg,2026-08-02T07:05:57.879881,MEPI-FROZEN-PROTOCOL v1.1,primary-B-reprocess-v2-temperature-channel-swap,session_20260802_070352,session_20260802_070352_FE_F3500_V3p9_R04_20260802_070557_770680,/mnt/e/MEPI/MEPI_DATA/demo/session_20260802_070352/samples.csv,/mnt/e/MEPI/MEPI_DATA/demo/session_20260802_070352/raw/session_20260802_070352_FE_F3500_V3p9_R04_20260802_070557_770680_scope1.csv,/mnt/e/MEPI/MEPI_DATA/demo/session_20260802_070352/raw/session_20260802_070352_FE_F3500_V3p9_R04_20260802_070557_770680_scope2.csv,927beee7def12a77759644233425a98675cb0da8ea6192a544f6ec9e359d0258,6095dcf5a28485149bfdca0e95e7a73c7e158728b41b264eb996713353c3173e,8.628346499913322,WARNING,,TEMPERATURE_CALIBRATION_PENDING;VIN_REFERENCE_DRIFT;VIN_SCOPE1_SCOPE2_MISMATCH,LEGACY_DATA_NOT_GROUND_TRUTH,raw Scope #2 CH1 primary Vin,28.5,26.0,28.5,28.5,SWAPPED_CORE_ROOM_CHANNELS_PHYSICALLY_VERIFIED,2026-09-23,0,REFERENCE_BASED_CALIBRATION_NOT_FOUND,3.9,3.9,3.9,0.0,EXACT_FROZEN_LABEL,NOT_GENERATED_LSP_DEFINITION_INCOMPLETE
session_20260802_070352_FE_F3500_V3p9_R05_20260802_070601_592687,session_20260802_070352,F3500_V3p9_RL49p6025_SINE,demo,FE,5,sine,49.6025,1.5152,0.1012,0.1038,3500.0,3515.0,0.42857142857142855,2.8917494565217394,3.89,3.9,4.039358268957223,-0.22466787930071966,26.75,0.2132140678998553,0.15021789094481156,0.6628059355210116,4849.074602127075,1.1095884907161466,3.8395441891319373,3.8648948231109466,4.319088187523674,3516.0,0.02844141069397042,4.016629246803377,28.5,1.75,0.150783268,0.15536924942994354,0.15539199420678745,0.09951377243928193,0.10236272439281942,-8.904664015220112,3.8494285095267644,0.07760553418732452,5.9700518804,5.748620095799999,0.37997465976091566,0.298736955797741,0.001627330525204535,0.07961037343797012,78.62023114533734,,1,1.262830866105606,1.3547604331180358,2.9516660772770065,0.03901355014846981,0.29850259402,0.28743100478999994,1,,VIN_SCOPE1_SCOPE2_MISMATCH;VIN_REFERENCE_DRIFT,raw\session_20260802_070352_FE_F3500_V3p9_R05_20260802_070601_592687_scope1.csv,raw\session_20260802_070352_FE_F3500_V3p9_R05_20260802_070601_592687_scope2.csv,processed\session_20260802_070352_FE_F3500_V3p9_R05_20260802_070601_592687_B1024.csv,preview\session_20260802_070352_FE_F3500_V3p9_R05_20260802_070601_592687_preview.svg,2026-08-02T07:06:01.701887,MEPI-FROZEN-PROTOCOL v1.1,primary-B-reprocess-v2-temperature-channel-swap,session_20260802_070352,session_20260802_070352_FE_F3500_V3p9_R05_20260802_070601_592687,/mnt/e/MEPI/MEPI_DATA/demo/session_20260802_070352/samples.csv,/mnt/e/MEPI/MEPI_DATA/demo/session_20260802_070352/raw/session_20260802_070352_FE_F3500_V3p9_R05_20260802_070601_592687_scope1.csv,/mnt/e/MEPI/MEPI_DATA/demo/session_20260802_070352/raw/session_20260802_070352_FE_F3500_V3p9_R05_20260802_070601_592687_scope2.csv,1b304d4df52ef887f6e032bfc683b6213bfd8718a84e826fff4d0a8f095bbd07,cf22063b379741e5845fc8b96f542d16b564df4b9ace19051db8b90c877681d1,8.904664015220124,WARNING,,TEMPERATURE_CALIBRATION_PENDING;VIN_REFERENCE_DRIFT;VIN_SCOPE1_SCOPE2_MISMATCH,LEGACY_DATA_NOT_GROUND_TRUTH,raw Scope #2 CH1 primary Vin,28.5,26.75,28.5,28.5,SWAPPED_CORE_ROOM_CHANNELS_PHYSICALLY_VERIFIED,2026-09-23,0,REFERENCE_BASED_CALIBRATION_NOT_FOUND,3.9,3.9,3.9,0.0,EXACT_FROZEN_LABEL,NOT_GENERATED_LSP_DEFINITION_INCOMPLETE
session_20260802_070352_FE_F3250_V3p9_R01_20260802_070613_027507,session_20260802_070352,F3250_V3p9_RL49p6025_SINE,demo,FE,1,sine,49.6025,1.5152,0.1012,0.1038,3250.0,3254.0,0.12307692307692308,2.67117343083004,3.89,3.9,4.009050200345272,-0.6085642545829286,26.5,0.23133799310141967,0.1622704008145727,0.9794404572680228,4882.663345336914,1.109816899525811,3.0604164613179328,3.8298835295400075,4.4690553086573575,3255.0,0.030721966205837174,3.9821283192899766,28.5,2.0,0.151423028,0.15622470291429394,0.1562294834790761,0.09993600052798308,0.10374868004223864,-8.775625225043765,3.8152124722283047,0.07691572949404374,6.1053235444,5.740057343799999,0.378262610921241,0.29344985047621414,0.001624788921440513,0.08318797152358638,77.57833896443813,,1,1.3396893895040878,1.4049152561994895,3.073569560204693,0.039537240971447285,0.30526617722,0.28700286718999996,1,,VIN_SCOPE1_SCOPE2_MISMATCH;VIN_REFERENCE_DRIFT,raw\session_20260802_070352_FE_F3250_V3p9_R01_20260802_070613_027507_scope1.csv,raw\session_20260802_070352_FE_F3250_V3p9_R01_20260802_070613_027507_scope2.csv,processed\session_20260802_070352_FE_F3250_V3p9_R01_20260802_070613_027507_B1024.csv,preview\session_20260802_070352_FE_F3250_V3p9_R01_20260802_070613_027507_preview.svg,2026-08-02T07:06:13.121107,MEPI-FROZEN-PROTOCOL v1.1,primary-B-reprocess-v2-temperature-channel-swap,session_20260802_070352,session_20260802_070352_FE_F3250_V3p9_R01_20260802_070613_027507,/mnt/e/MEPI/MEPI_DATA/demo/session_20260802_070352/samples.csv,/mnt/e/MEPI/MEPI_DATA/demo/session_20260802_070352/raw/session_20260802_070352_FE_F3250_V3p9_R01_20260802_070613_027507_scope1.csv,/mnt/e/MEPI/MEPI_DATA/demo/session_20260802_070352/raw/session_20260802_070352_FE_F3250_V3p9_R01_20260802_070613_027507_scope2.csv,b7265012501cfddd13a77b3fa8a015aee6ca96075e31983bc4fd0007c2ab4ea2,5e42bd0f2ee9617080ba5ff28be5f9aab028398e049b8311e5270b15992c5fd9,8.775625225043777,WARNING,,TEMPERATURE_CALIBRATION_PENDING;VIN_REFERENCE_DRIFT;VIN_SCOPE1_SCOPE2_MISMATCH,LEGACY_DATA_NOT_GROUND_TRUTH,raw Scope #2 CH1 primary Vin,28.5,26.5,28.5,28.5,SWAPPED_CORE_ROOM_CHANNELS_PHYSICALLY_VERIFIED,2026-09-23,0,REFERENCE_BASED_CALIBRATION_NOT_FOUND,3.9,3.9,3.9,0.0,EXACT_FROZEN_LABEL,NOT_GENERATED_LSP_DEFINITION_INCOMPLETE
session_20260802_070352_FE_F3250_V3p9_R02_20260802_070616_833914,session_20260802_070352,F3250_V3p9_RL49p6025_SINE,demo,FE,2,sine,49.6025,1.5152,0.1012,0.1038,3250.0,3253.0,0.09230769230769231,2.67117343083004,3.89,3.9,4.003187408093167,-0.3110904156316957,26.0,0.23042090148713612,0.16197465852625198,0.8390489093793319,4793.466945648193,1.1099603393262139,2.909702007536557,3.830507676792642,4.3135560166735525,3255.0,0.06144393241167435,3.98260589231501,28.25,2.25,0.151438826,0.15480094266711508,0.15479510130700141,0.09994642687434001,0.10249472016895458,-8.870070041031871,3.81451604974772,0.07690168942589022,5.961127279599999,5.7148105832,0.3782669323720158,0.29334272856777277,0.0016247756594232375,0.0832994281448198,77.54913355187963,,1,1.1308351451321912,1.7169178152690499,2.1718967657354646,0.03953492298618816,0.29805636397999996,0.28574052916000003,1,,VIN_SCOPE1_SCOPE2_MISMATCH;VIN_REFERENCE_DRIFT,raw\session_20260802_070352_FE_F3250_V3p9_R02_20260802_070616_833914_scope1.csv,raw\session_20260802_070352_FE_F3250_V3p9_R02_20260802_070616_833914_scope2.csv,processed\session_20260802_070352_FE_F3250_V3p9_R02_20260802_070616_833914_B1024.csv,preview\session_20260802_070352_FE_F3250_V3p9_R02_20260802_070616_833914_preview.svg,2026-08-02T07:06:16.958714,MEPI-FROZEN-PROTOCOL v1.1,primary-B-reprocess-v2-temperature-channel-swap,session_20260802_070352,session_20260802_070352_FE_F3250_V3p9_R02_20260802_070616_833914,/mnt/e/MEPI/MEPI_DATA/demo/session_20260802_070352/samples.csv,/mnt/e/MEPI/MEPI_DATA/demo/session_20260802_070352/raw/session_20260802_070352_FE_F3250_V3p9_R02_20260802_070616_833914_scope1.csv,/mnt/e/MEPI/MEPI_DATA/demo/session_20260802_070352/raw/session_20260802_070352_FE_F3250_V3p9_R02_20260802_070616_833914_scope2.csv,90215c75d20cd1bba508cef60f6c5662fba5d746bb7ce93ea54fba6d5479893a,62a4719a6ca7d086e1768cda737558ef82f74fc494eb0ea3af26c8ac46ce8047,8.870070041031857,WARNING,,TEMPERATURE_CALIBRATION_PENDING;VIN_REFERENCE_DRIFT;VIN_SCOPE1_SCOPE2_MISMATCH,LEGACY_DATA_NOT_GROUND_TRUTH,raw Scope #2 CH1 primary Vin,28.25,26.0,28.25,28.25,SWAPPED_CORE_ROOM_CHANNELS_PHYSICALLY_VERIFIED,2026-09-23,0,REFERENCE_BASED_CALIBRATION_NOT_FOUND,3.9,3.9,3.9,0.0,EXACT_FROZEN_LABEL,NOT_GENERATED_LSP_DEFINITION_INCOMPLETE
session_20260802_070352_FE_F3250_V3p9_R03_20260802_070620_655921,session_20260802_070352,F3250_V3p9_RL49p6025_SINE,demo,FE,3,sine,49.6025,1.5152,0.1012,0.1038,3250.0,3254.0,0.12307692307692308,2.67117343083004,3.89,3.9,4.005599088791426,-0.33966731387516136,26.75,0.23084900973753975,0.16213792854277717,1.024913771933598,14547.320404052736,1.110085228958815,2.971698940654806,3.830859094139265,4.362393509154835,3257.0,0.092109303039607,3.9834499276853186,28.25,1.5,0.151438311,0.15446980726363055,0.15447881211161232,0.09994608698521647,0.10236272439281942,-8.223413706107726,3.8163539303431344,0.07693874160260339,5.9592377534,5.714127252,0.3789425582361751,0.29362546891075025,0.0016253604565149408,0.08369172886890992,77.48548230567147,,1,1.0739911157679718,1.2585229649930831,1.962517023444434,0.03953116188263921,0.29796188767,0.2857063626,1,,VIN_SCOPE1_SCOPE2_MISMATCH;VIN_REFERENCE_DRIFT,raw\session_20260802_070352_FE_F3250_V3p9_R03_20260802_070620_655921_scope1.csv,raw\session_20260802_070352_FE_F3250_V3p9_R03_20260802_070620_655921_scope2.csv,processed\session_20260802_070352_FE_F3250_V3p9_R03_20260802_070620_655921_B1024.csv,preview\session_20260802_070352_FE_F3250_V3p9_R03_20260802_070620_655921_preview.svg,2026-08-02T07:06:20.749521,MEPI-FROZEN-PROTOCOL v1.1,primary-B-reprocess-v2-temperature-channel-swap,session_20260802_070352,session_20260802_070352_FE_F3250_V3p9_R03_20260802_070620_655921,/mnt/e/MEPI/MEPI_DATA/demo/session_20260802_070352/samples.csv,/mnt/e/MEPI/MEPI_DATA/demo/session_20260802_070352/raw/session_20260802_070352_FE_F3250_V3p9_R03_20260802_070620_655921_scope1.csv,/mnt/e/MEPI/MEPI_DATA/demo/session_20260802_070352/raw/session_20260802_070352_FE_F3250_V3p9_R03_20260802_070620_655921_scope2.csv,d62c45f1984c480d780681706a78f1e9faaf9cf77e80cbcb3b77a18cfc525bfb,1f8f714195a9eb37f2167c0280aa9fac83c380cbe75eb3f74d14debc2682b013,8.223413706107726,WARNING,,TEMPERATURE_CALIBRATION_PENDING;VIN_REFERENCE_DRIFT;VIN_SCOPE1_SCOPE2_MISMATCH,LEGACY_DATA_NOT_GROUND_TRUTH,raw Scope #2 CH1 primary Vin,28.25,26.75,28.25,28.25,SWAPPED_CORE_ROOM_CHANNELS_PHYSICALLY_VERIFIED,2026-09-23,0,REFERENCE_BASED_CALIBRATION_NOT_FOUND,3.9,3.9,3.9,0.0,EXACT_FROZEN_LABEL,NOT_GENERATED_LSP_DEFINITION_INCOMPLETE
session_20260802_070352_FE_F3250_V3p9_R04_20260802_070624_462327,session_20260802_070352,F3250_V3p9_RL49p6025_SINE,demo,FE,4,sine,49.6025,1.5152,0.1012,0.1038,3250.0,3253.0,0.09230769230769231,2.67117343083004,3.89,3.9,4.004590798192806,-0.23263040698037088,26.5,0.23087362538134926,0.16203946722921747,0.818710481672664,4867.264518737793,1.110029580166987,2.945778873850855,3.831296670772007,4.3273866458214165,3256.0,0.09213759213759214,3.983283044732234,28.5,2.0,0.151435687,0.15411270949059386,0.15411687375219102,0.09994435520063358,0.1020987328405491,-8.621234788846012,3.816527392750745,0.0769422386523007,6.089082359,5.9156597812000005,0.37858986104078735,0.29365216147607076,0.00162538128223111,0.08331231828248548,77.5647188936299,,1,1.07836746096008,1.4281438916295115,1.7370549771284336,0.03952596209927162,0.30445411795,0.29578298906,1,,VIN_SCOPE1_SCOPE2_MISMATCH;VIN_REFERENCE_DRIFT,raw\session_20260802_070352_FE_F3250_V3p9_R04_20260802_070624_462327_scope1.csv,raw\session_20260802_070352_FE_F3250_V3p9_R04_20260802_070624_462327_scope2.csv,processed\session_20260802_070352_FE_F3250_V3p9_R04_20260802_070624_462327_B1024.csv,preview\session_20260802_070352_FE_F3250_V3p9_R04_20260802_070624_462327_preview.svg,2026-08-02T07:06:24.555928,MEPI-FROZEN-PROTOCOL v1.1,primary-B-reprocess-v2-temperature-channel-swap,session_20260802_070352,session_20260802_070352_FE_F3250_V3p9_R04_20260802_070624_462327,/mnt/e/MEPI/MEPI_DATA/demo/session_20260802_070352/samples.csv,/mnt/e/MEPI/MEPI_DATA/demo/session_20260802_070352/raw/session_20260802_070352_FE_F3250_V3p9_R04_20260802_070624_462327_scope1.csv,/mnt/e/MEPI/MEPI_DATA/demo/session_20260802_070352/raw/session_20260802_070352_FE_F3250_V3p9_R04_20260802_070624_462327_scope2.csv,aa2fbe15d9243e66e095f64c36fd0adbf0f4d5b1a6dd08f2fe61eb338ceada92,ee6ea3edbf7ef5dc3ee5f875b807d958f04623b91111a1c2f844c4112a541cbb,8.621234788846024,WARNING,,TEMPERATURE_CALIBRATION_PENDING;VIN_REFERENCE_DRIFT;VIN_SCOPE1_SCOPE2_MISMATCH,LEGACY_DATA_NOT_GROUND_TRUTH,raw Scope #2 CH1 primary Vin,28.5,26.5,28.5,28.5,SWAPPED_CORE_ROOM_CHANNELS_PHYSICALLY_VERIFIED,2026-09-23,0,REFERENCE_BASED_CALIBRATION_NOT_FOUND,3.9,3.9,3.9,0.0,EXACT_FROZEN_LABEL,NOT_GENERATED_LSP_DEFINITION_INCOMPLETE
session_20260802_070352_FE_F3250_V3p9_R05_20260802_070628_284334,session_20260802_070352,F3250_V3p9_RL49p6025_SINE,demo,FE,5,sine,49.6025,1.5152,0.1012,0.1038,3250.0,3252.0,0.06153846153846154,2.67117343083004,3.89,3.9,4.003922155558889,-0.48393079063797023,26.75,0.2305835618920966,0.1620322777149701,1.020913614191012,9134.092712402344,1.1094704999156844,2.928590117195123,3.831037371638565,4.317885743115331,3251.0,0.03075030750307503,3.9824242766368307,28.0,1.25,0.151435648,0.15477898257555814,0.15478470867741423,0.09994432946145723,0.10269271383315733,-8.871624325738203,3.8157141646654322,0.07692584375113012,5.960604582799999,5.7115141562,0.37830969943584275,0.293527031630027,0.001625118910282088,0.08315754889553363,77.5890843052006,,1,1.5146800592203105,1.3380633022470703,2.160070133505383,0.039528627186225886,0.29803022914,0.28557570780999997,1,,VIN_SCOPE1_SCOPE2_MISMATCH;VIN_REFERENCE_DRIFT,raw\session_20260802_070352_FE_F3250_V3p9_R05_20260802_070628_284334_scope1.csv,raw\session_20260802_070352_FE_F3250_V3p9_R05_20260802_070628_284334_scope2.csv,processed\session_20260802_070352_FE_F3250_V3p9_R05_20260802_070628_284334_B1024.csv,preview\session_20260802_070352_FE_F3250_V3p9_R05_20260802_070628_284334_preview.svg,2026-08-02T07:06:28.377934,MEPI-FROZEN-PROTOCOL v1.1,primary-B-reprocess-v2-temperature-channel-swap,session_20260802_070352,session_20260802_070352_FE_F3250_V3p9_R05_20260802_070628_284334,/mnt/e/MEPI/MEPI_DATA/demo/session_20260802_070352/samples.csv,/mnt/e/MEPI/MEPI_DATA/demo/session_20260802_070352/raw/session_20260802_070352_FE_F3250_V3p9_R05_20260802_070628_284334_scope1.csv,/mnt/e/MEPI/MEPI_DATA/demo/session_20260802_070352/raw/session_20260802_070352_FE_F3250_V3p9_R05_20260802_070628_284334_scope2.csv,2b408b7c34b83cbbbaa0b7ed75803675b8a9bf92dca73589a022a737b41a9103,2b4c1e3c17fcc4c156c5c2cae6ee905f6593c42610166b8ac36f38090bbabbb1,8.87162432573823,WARNING,,TEMPERATURE_CALIBRATION_PENDING;VIN_REFERENCE_DRIFT;VIN_SCOPE1_SCOPE2_MISMATCH,LEGACY_DATA_NOT_GROUND_TRUTH,raw Scope #2 CH1 primary Vin,28.0,26.75,28.0,28.0,SWAPPED_CORE_ROOM_CHANNELS_PHYSICALLY_VERIFIED,2026-09-23,0,REFERENCE_BASED_CALIBRATION_NOT_FOUND,3.9,3.9,3.9,0.0,EXACT_FROZEN_LABEL,NOT_GENERATED_LSP_DEFINITION_INCOMPLETE
session_20260802_070352_FE_F3000_V3p9_R01_20260802_070638_393152,session_20260802_070352,F3000_V3p9_RL49p6025_SINE,demo,FE,1,sine,49.6025,1.5152,0.1012,0.1038,3000.0,3008.0,0.26666666666666666,2.4665349792490123,3.89,3.9,4.007588381711778,-0.4055682412460465,26.5,0.24745418062770685,0.17411138973075818,0.7665392617455764,4836.6396484375,1.1096787310440466,3.022837576138497,3.8335985865229616,4.341508623560482,3009.0,0.03323363243602526,3.987041895165018,28.25,1.75,0.152122642,0.15720667591050916,0.15718651870451905,0.10039773099260824,0.10388067581837382,-9.035947835192237,3.8216587951286662,0.07704568913116609,5.969006597399999,5.7121171432,0.38010818095553056,0.29444233549487,0.0016362268506942442,0.08402961860996634,77.46277250720821,,1,1.2030374371266244,1.4290784110674026,3.2339809241964206,0.039681421663391676,0.29845032987,0.28560585716000003,1,,VIN_SCOPE1_SCOPE2_MISMATCH;VIN_REFERENCE_DRIFT,raw\session_20260802_070352_FE_F3000_V3p9_R01_20260802_070638_393152_scope1.csv,raw\session_20260802_070352_FE_F3000_V3p9_R01_20260802_070638_393152_scope2.csv,processed\session_20260802_070352_FE_F3000_V3p9_R01_20260802_070638_393152_B1024.csv,preview\session_20260802_070352_FE_F3000_V3p9_R01_20260802_070638_393152_preview.svg,2026-08-02T07:06:38.486752,MEPI-FROZEN-PROTOCOL v1.1,primary-B-reprocess-v2-temperature-channel-swap,session_20260802_070352,session_20260802_070352_FE_F3000_V3p9_R01_20260802_070638_393152,/mnt/e/MEPI/MEPI_DATA/demo/session_20260802_070352/samples.csv,/mnt/e/MEPI/MEPI_DATA/demo/session_20260802_070352/raw/session_20260802_070352_FE_F3000_V3p9_R01_20260802_070638_393152_scope1.csv,/mnt/e/MEPI/MEPI_DATA/demo/session_20260802_070352/raw/session_20260802_070352_FE_F3000_V3p9_R01_20260802_070638_393152_scope2.csv,99aab46300ba5d93fecc16b56e9fe12ba7419a6dafa81b6b726f7202c9bcfdd0,839c78f1a02615e63fc39924fc51c05eb6652cea330f86dbd732218a24508a71,9.035947835192262,WARNING,,TEMPERATURE_CALIBRATION_PENDING;VIN_REFERENCE_DRIFT;VIN_SCOPE1_SCOPE2_MISMATCH,LEGACY_DATA_NOT_GROUND_TRUTH,raw Scope #2 CH1 primary Vin,28.25,26.5,28.25,28.25,SWAPPED_CORE_ROOM_CHANNELS_PHYSICALLY_VERIFIED,2026-09-23,0,REFERENCE_BASED_CALIBRATION_NOT_FOUND,3.9,3.9,3.9,0.0,EXACT_FROZEN_LABEL,NOT_GENERATED_LSP_DEFINITION_INCOMPLETE
session_20260802_070352_FE_F3000_V3p9_R02_20260802_070642_152758,session_20260802_070352,F3000_V3p9_RL49p6025_SINE,demo,FE,2,sine,49.6025,1.5152,0.1012,0.1038,3000.0,3011.0,0.36666666666666664,2.4665349792490123,3.89,3.9,4.007502277935645,-0.3914059693988029,26.5,0.24708772819917613,0.17384496558480222,0.7478233120607366,4848.676666259766,1.1100315953617637,3.0206241114559567,3.8345057605383848,4.316816445737872,3010.0,0.033211557622052475,3.987360717904418,28.25,1.75,0.152117547,0.1559072726776257,0.15588748312733183,0.10039436840021118,0.10322069693769799,-8.072305448835627,3.8194051422654676,0.07700025487153808,5.9604035546,5.7449215765999995,0.3811484372764255,0.2940951694121042,0.001635432029874758,0.08541783583444656,77.16027160274398,,1,0.9802824121005184,1.1311313969052954,2.4307561876615167,0.03967070503986976,0.29802017773,0.28724607883,1,,VIN_SCOPE1_SCOPE2_MISMATCH;VIN_REFERENCE_DRIFT,raw\session_20260802_070352_FE_F3000_V3p9_R02_20260802_070642_152758_scope1.csv,raw\session_20260802_070352_FE_F3000_V3p9_R02_20260802_070642_152758_scope2.csv,processed\session_20260802_070352_FE_F3000_V3p9_R02_20260802_070642_152758_B1024.csv,preview\session_20260802_070352_FE_F3000_V3p9_R02_20260802_070642_152758_preview.svg,2026-08-02T07:06:42.277559,MEPI-FROZEN-PROTOCOL v1.1,primary-B-reprocess-v2-temperature-channel-swap,session_20260802_070352,session_20260802_070352_FE_F3000_V3p9_R02_20260802_070642_152758,/mnt/e/MEPI/MEPI_DATA/demo/session_20260802_070352/samples.csv,/mnt/e/MEPI/MEPI_DATA/demo/session_20260802_070352/raw/session_20260802_070352_FE_F3000_V3p9_R02_20260802_070642_152758_scope1.csv,/mnt/e/MEPI/MEPI_DATA/demo/session_20260802_070352/raw/session_20260802_070352_FE_F3000_V3p9_R02_20260802_070642_152758_scope2.csv,76fcc7fc8635195065b28c0be28f603e0ff7bfc8ded411d15a3e29ddf52b6009,1b7dbcdf5681cf37567ad20d231a3380c2ce6b1648c83578090c3eed2eee71af,8.072305448835639,WARNING,,TEMPERATURE_CALIBRATION_PENDING;VIN_REFERENCE_DRIFT;VIN_SCOPE1_SCOPE2_MISMATCH,LEGACY_DATA_NOT_GROUND_TRUTH,raw Scope #2 CH1 primary Vin,28.25,26.5,28.25,28.25,SWAPPED_CORE_ROOM_CHANNELS_PHYSICALLY_VERIFIED,2026-09-23,0,REFERENCE_BASED_CALIBRATION_NOT_FOUND,3.9,3.9,3.9,0.0,EXACT_FROZEN_LABEL,NOT_GENERATED_LSP_DEFINITION_INCOMPLETE
session_20260802_070352_FE_F3000_V3p9_R03_20260802_070645_959165,session_20260802_070352,F3000_V3p9_RL49p6025_SINE,demo,FE,3,sine,49.6025,1.5152,0.1012,0.1038,3000.0,3013.0,0.43333333333333335,2.4665349792490123,3.89,3.9,4.013890684067732,-0.5013226024312594,26.75,0.24876855488449934,0.17480661001130035,0.7819768176290791,4815.99104309082,1.1100035457771653,3.184850490173403,3.8347722283175605,4.4624647218511635,3012.0,0.03318951211417192,3.9879906254046555,27.5,0.75,0.152122933,0.15536051956970484,0.15534040380026748,0.1003979230464625,0.10282470960929249,-9.071675134469352,3.8205041700872213,0.07702241157375579,5.9556196984000005,5.737484375399999,0.3801874987445458,0.2942644446077083,0.0016358584923721166,0.08428719564446542,77.39982129329017,,1,1.1274558461801283,1.3398732292848494,2.0839184747012007,0.03966935294791722,0.29778098492000005,0.28687421876999997,1,,VIN_SCOPE1_SCOPE2_MISMATCH;VIN_REFERENCE_DRIFT,raw\session_20260802_070352_FE_F3000_V3p9_R03_20260802_070645_959165_scope1.csv,raw\session_20260802_070352_FE_F3000_V3p9_R03_20260802_070645_959165_scope2.csv,processed\session_20260802_070352_FE_F3000_V3p9_R03_20260802_070645_959165_B1024.csv,preview\session_20260802_070352_FE_F3000_V3p9_R03_20260802_070645_959165_preview.svg,2026-08-02T07:06:46.052765,MEPI-FROZEN-PROTOCOL v1.1,primary-B-reprocess-v2-temperature-channel-swap,session_20260802_070352,session_20260802_070352_FE_F3000_V3p9_R03_20260802_070645_959165,/mnt/e/MEPI/MEPI_DATA/demo/session_20260802_070352/samples.csv,/mnt/e/MEPI/MEPI_DATA/demo/session_20260802_070352/raw/session_20260802_070352_FE_F3000_V3p9_R03_20260802_070645_959165_scope1.csv,/mnt/e/MEPI/MEPI_DATA/demo/session_20260802_070352/raw/session_20260802_070352_FE_F3000_V3p9_R03_20260802_070645_959165_scope2.csv,bc16a19620e375a93e39eca35e1ff620b31138e33c6fd8d20763d1ed54990d18,89b78fd4b6334424a682db6de46505e92d9dad5752b420fbb5dc1c76a3b8e48b,9.071675134469352,WARNING,,TEMPERATURE_CALIBRATION_PENDING;VIN_REFERENCE_DRIFT;VIN_SCOPE1_SCOPE2_MISMATCH,LEGACY_DATA_NOT_GROUND_TRUTH,raw Scope #2 CH1 primary Vin,27.5,26.75,27.5,27.5,SWAPPED_CORE_ROOM_CHANNELS_PHYSICALLY_VERIFIED,2026-09-23,0,REFERENCE_BASED_CALIBRATION_NOT_FOUND,3.9,3.9,3.9,0.0,EXACT_FROZEN_LABEL,NOT_GENERATED_LSP_DEFINITION_INCOMPLETE
session_20260802_070352_FE_F3000_V3p9_R04_20260802_070649_765572,session_20260802_070352,F3000_V3p9_RL49p6025_SINE,demo,FE,4,sine,49.6025,1.5152,0.1012,0.1038,3000.0,3012.0,0.4,2.4665349792490123,3.89,3.9,4.007237111742628,-0.3767983777343145,26.5,0.24691094539764435,0.173989675078176,0.7088294061985922,6753.009155273438,1.1099668986704805,3.0138074998100164,3.8343157146123716,4.315227482384853,3013.0,0.03318951211417192,3.987267112047964,28.5,2.0,0.152144328,0.15581509248254163,0.1557958574949206,0.10041204329461456,0.10308870116156282,-8.442697975586078,3.8196434837223006,0.07700505990065623,5.9537704554,5.739092502399999,0.3808391809662496,0.294131875263187,0.0016358680241677936,0.08507143767889477,77.23256691103254,,1,0.8823292107897851,1.2235381452484428,2.3558465512273346,0.03967965585624216,0.29768852277,0.28695462512,1,,VIN_SCOPE1_SCOPE2_MISMATCH;VIN_REFERENCE_DRIFT,raw\session_20260802_070352_FE_F3000_V3p9_R04_20260802_070649_765572_scope1.csv,raw\session_20260802_070352_FE_F3000_V3p9_R04_20260802_070649_765572_scope2.csv,processed\session_20260802_070352_FE_F3000_V3p9_R04_20260802_070649_765572_B1024.csv,preview\session_20260802_070352_FE_F3000_V3p9_R04_20260802_070649_765572_preview.svg,2026-08-02T07:06:49.859172,MEPI-FROZEN-PROTOCOL v1.1,primary-B-reprocess-v2-temperature-channel-swap,session_20260802_070352,session_20260802_070352_FE_F3000_V3p9_R04_20260802_070649_765572,/mnt/e/MEPI/MEPI_DATA/demo/session_20260802_070352/samples.csv,/mnt/e/MEPI/MEPI_DATA/demo/session_20260802_070352/raw/session_20260802_070352_FE_F3000_V3p9_R04_20260802_070649_765572_scope1.csv,/mnt/e/MEPI/MEPI_DATA/demo/session_20260802_070352/raw/session_20260802_070352_FE_F3000_V3p9_R04_20260802_070649_765572_scope2.csv,99111d8047f0f01c6e575f957b9ce2b6adafe022bc71548eb525a511ce1dfc5f,48eb3eada052d22cac254a9e7145e1a9f93fb44f562a8ad4eda16dff8a702cd4,8.442697975586078,WARNING,,TEMPERATURE_CALIBRATION_PENDING;VIN_REFERENCE_DRIFT;VIN_SCOPE1_SCOPE2_MISMATCH,LEGACY_DATA_NOT_GROUND_TRUTH,raw Scope #2 CH1 primary Vin,28.5,26.5,28.5,28.5,SWAPPED_CORE_ROOM_CHANNELS_PHYSICALLY_VERIFIED,2026-09-23,0,REFERENCE_BASED_CALIBRATION_NOT_FOUND,3.9,3.9,3.9,0.0,EXACT_FROZEN_LABEL,NOT_GENERATED_LSP_DEFINITION_INCOMPLETE
session_20260802_070352_FE_F3000_V3p9_R05_20260802_070653_603179,session_20260802_070352,F3000_V3p9_RL49p6025_SINE,demo,FE,5,sine,49.6025,1.5152,0.1012,0.1038,3000.0,3008.0,0.26666666666666666,2.4665349792490123,3.89,3.9,4.013790949067404,-0.4730293443260496,26.5,0.2476029094706078,0.17374618476360604,0.8679008160019388,4819.3818359375,1.1102367364250554,3.182286608415946,3.8364221702885493,4.418983973743036,3018.0,0.3313452617627568,3.9896580703458513,27.5,1.0,0.152151664,0.15646777324621938,0.1564487633816139,0.1004168848996832,0.10348468848996831,-6.880512824926327,3.8192636888298197,0.07699740313149175,5.967840783399999,5.747615081799999,0.38246710957907265,0.2940733859142979,0.0016358440274606904,0.08675787963731409,76.88854245217132,,1,1.3763662704596489,1.2815473966987068,2.7584653099315948,0.03965978123532645,0.29839203916999996,0.28738075408999997,1,,VIN_SCOPE1_SCOPE2_MISMATCH;VIN_REFERENCE_DRIFT,raw\session_20260802_070352_FE_F3000_V3p9_R05_20260802_070653_603179_scope1.csv,raw\session_20260802_070352_FE_F3000_V3p9_R05_20260802_070653_603179_scope2.csv,processed\session_20260802_070352_FE_F3000_V3p9_R05_20260802_070653_603179_B1024.csv,preview\session_20260802_070352_FE_F3000_V3p9_R05_20260802_070653_603179_preview.svg,2026-08-02T07:06:53.696779,MEPI-FROZEN-PROTOCOL v1.1,primary-B-reprocess-v2-temperature-channel-swap,session_20260802_070352,session_20260802_070352_FE_F3000_V3p9_R05_20260802_070653_603179,/mnt/e/MEPI/MEPI_DATA/demo/session_20260802_070352/samples.csv,/mnt/e/MEPI/MEPI_DATA/demo/session_20260802_070352/raw/session_20260802_070352_FE_F3000_V3p9_R05_20260802_070653_603179_scope1.csv,/mnt/e/MEPI/MEPI_DATA/demo/session_20260802_070352/raw/session_20260802_070352_FE_F3000_V3p9_R05_20260802_070653_603179_scope2.csv,444cab0214e706b50dcaf6062053d849ce6d29d617a727c6917d5666a159d463,2785c6317adeec645b0bd96b566122f58574b2342b0c053b28f7e2546e5943b5,6.880512824926339,WARNING,,TEMPERATURE_CALIBRATION_PENDING;VIN_REFERENCE_DRIFT;VIN_SCOPE1_SCOPE2_MISMATCH,LEGACY_DATA_NOT_GROUND_TRUTH,raw Scope #2 CH1 primary Vin,27.5,26.5,27.5,27.5,SWAPPED_CORE_ROOM_CHANNELS_PHYSICALLY_VERIFIED,2026-09-23,0,REFERENCE_BASED_CALIBRATION_NOT_FOUND,3.9,3.9,3.9,0.0,EXACT_FROZEN_LABEL,NOT_GENERATED_LSP_DEFINITION_INCOMPLETE
session_20260802_070352_FE_F2750_V3p9_R01_20260802_070705_022399,session_20260802_070352,F2750_V3p9_RL49p6025_SINE,demo,FE,1,sine,49.6025,1.5152,0.1012,0.1038,2750.0,2756.0,0.21818181818181817,2.2491464683794473,3.89,3.9,4.030494486669353,-0.29933499883919745,26.25,0.27106156863763076,0.1910386792606685,0.5829876325108204,6666.6973876953125,1.1100715223044386,3.611683461937339,3.8551286495478556,4.350975735149151,2757.0,0.03627130939426913,4.010743057541543,28.5,2.25,0.153012717,0.15809455673680758,0.15809821850714215,0.10098516169482576,0.10368268215417105,-9.391455814582766,3.8364994437877424,0.0773448806771381,5.9690468006,5.752921606200001,0.38409266537959524,0.2967335916976696,0.0016529934245625702,0.08570608025736307,77.2557297870842,,1,1.3164553762764848,1.3380158647625142,3.2144305545368836,0.039690690223255186,0.29845234003,0.28764608031000005,1,,VIN_SCOPE1_SCOPE2_MISMATCH;VIN_REFERENCE_DRIFT,raw\session_20260802_070352_FE_F2750_V3p9_R01_20260802_070705_022399_scope1.csv,raw\session_20260802_070352_FE_F2750_V3p9_R01_20260802_070705_022399_scope2.csv,processed\session_20260802_070352_FE_F2750_V3p9_R01_20260802_070705_022399_B1024.csv,preview\session_20260802_070352_FE_F2750_V3p9_R01_20260802_070705_022399_preview.svg,2026-08-02T07:07:05.115999,MEPI-FROZEN-PROTOCOL v1.1,primary-B-reprocess-v2-temperature-channel-swap,session_20260802_070352,session_20260802_070352_FE_F2750_V3p9_R01_20260802_070705_022399,/mnt/e/MEPI/MEPI_DATA/demo/session_20260802_070352/samples.csv,/mnt/e/MEPI/MEPI_DATA/demo/session_20260802_070352/raw/session_20260802_070352_FE_F2750_V3p9_R01_20260802_070705_022399_scope1.csv,/mnt/e/MEPI/MEPI_DATA/demo/session_20260802_070352/raw/session_20260802_070352_FE_F2750_V3p9_R01_20260802_070705_022399_scope2.csv,837e49ea350700d2c2bab42017de9da3cb9c60eb7f0ca7734eaebf947367d34e,2936952841f1d65446dac5b71a2ff1a9d155ea7a915f2fb4c5ebd7dee683ec8f,9.391455814582754,WARNING,,TEMPERATURE_CALIBRATION_PENDING;VIN_REFERENCE_DRIFT;VIN_SCOPE1_SCOPE2_MISMATCH,LEGACY_DATA_NOT_GROUND_TRUTH,raw Scope #2 CH1 primary Vin,28.5,26.25,28.5,28.5,SWAPPED_CORE_ROOM_CHANNELS_PHYSICALLY_VERIFIED,2026-09-23,0,REFERENCE_BASED_CALIBRATION_NOT_FOUND,3.9,3.9,3.9,0.0,EXACT_FROZEN_LABEL,NOT_GENERATED_LSP_DEFINITION_INCOMPLETE
session_20260802_070352_FE_F2750_V3p9_R02_20260802_070708_844405,session_20260802_070352,F2750_V3p9_RL49p6025_SINE,demo,FE,2,sine,49.6025,1.5152,0.1012,0.1038,2750.0,2756.0,0.21818181818181817,2.2491464683794473,3.89,3.9,4.033796798223027,-0.27433743338589983,26.5,0.2699467832630944,0.19048761810686707,0.5707520763992033,4908.07629776001,1.109762290369075,3.6965757897947142,3.8541711738775697,4.453016186253464,2751.0,0.18142235123367198,4.009744939589172,28.0,1.5,0.153008695,0.15906573726249998,0.15905931808400572,0.10098250725976768,0.10440865892291447,-8.362280335077731,3.8407018910857893,0.07742960316689258,5.9616096536,5.711031757199999,0.3850659657929173,0.29738402330910657,0.0016543002871291256,0.0860276421966816,77.22937099796434,,1,1.3351451281153275,1.2157183104123457,3.8078862027365945,0.03969950687116535,0.29808048268,0.28555158785999996,1,,VIN_SCOPE1_SCOPE2_MISMATCH;VIN_REFERENCE_DRIFT,raw\session_20260802_070352_FE_F2750_V3p9_R02_20260802_070708_844405_scope1.csv,raw\session_20260802_070352_FE_F2750_V3p9_R02_20260802_070708_844405_scope2.csv,processed\session_20260802_070352_FE_F2750_V3p9_R02_20260802_070708_844405_B1024.csv,preview\session_20260802_070352_FE_F2750_V3p9_R02_20260802_070708_844405_preview.svg,2026-08-02T07:07:08.938005,MEPI-FROZEN-PROTOCOL v1.1,primary-B-reprocess-v2-temperature-channel-swap,session_20260802_070352,session_20260802_070352_FE_F2750_V3p9_R02_20260802_070708_844405,/mnt/e/MEPI/MEPI_DATA/demo/session_20260802_070352/samples.csv,/mnt/e/MEPI/MEPI_DATA/demo/session_20260802_070352/raw/session_20260802_070352_FE_F2750_V3p9_R02_20260802_070708_844405_scope1.csv,/mnt/e/MEPI/MEPI_DATA/demo/session_20260802_070352/raw/session_20260802_070352_FE_F2750_V3p9_R02_20260802_070708_844405_scope2.csv,b78757667673f7e4309f14830e68de8ad3e99216a2586a522852be2d99e7b8ee,44ed6180e2cc0801b75231ac7895759e39c333269a3fbbb51faf39901e5d1100,8.362280335077768,WARNING,,TEMPERATURE_CALIBRATION_PENDING;VIN_REFERENCE_DRIFT;VIN_SCOPE1_SCOPE2_MISMATCH,LEGACY_DATA_NOT_GROUND_TRUTH,raw Scope #2 CH1 primary Vin,28.0,26.5,28.0,28.0,SWAPPED_CORE_ROOM_CHANNELS_PHYSICALLY_VERIFIED,2026-09-23,0,REFERENCE_BASED_CALIBRATION_NOT_FOUND,3.9,3.9,3.9,0.0,EXACT_FROZEN_LABEL,NOT_GENERATED_LSP_DEFINITION_INCOMPLETE
session_20260802_070352_FE_F2750_V3p9_R03_20260802_070712_666412,session_20260802_070352,F2750_V3p9_RL49p6025_SINE,demo,FE,3,sine,49.6025,1.5152,0.1012,0.1038,2750.0,2754.0,0.14545454545454545,2.2491464683794473,3.89,3.9,4.029898138766043,-0.3946474933071144,26.5,0.27214520928417585,0.19142935428319027,0.8572511335905408,4875.013306617737,1.1098792433251496,3.596353181645578,3.8542044773551685,4.359754399763913,2753.0,0.03631082062454612,4.009808374481807,27.75,1.25,0.153007388,0.15910036229988728,0.15910221049924012,0.10098164466737064,0.10460665258711721,-8.343597431636436,3.8416091735553746,0.07744789423023789,5.9670366822,5.754328680200001,0.3850844402449549,0.29752454094742825,0.0016545767091328471,0.08590532258839383,77.26215599834956,,1,1.2330575676053352,1.3434926920843642,3.829642001947597,0.03969882472478396,0.29835183411,0.2877164340100001,1,,VIN_SCOPE1_SCOPE2_MISMATCH;VIN_REFERENCE_DRIFT,raw\session_20260802_070352_FE_F2750_V3p9_R03_20260802_070712_666412_scope1.csv,raw\session_20260802_070352_FE_F2750_V3p9_R03_20260802_070712_666412_scope2.csv,processed\session_20260802_070352_FE_F2750_V3p9_R03_20260802_070712_666412_B1024.csv,preview\session_20260802_070352_FE_F2750_V3p9_R03_20260802_070712_666412_preview.svg,2026-08-02T07:07:12.760012,MEPI-FROZEN-PROTOCOL v1.1,primary-B-reprocess-v2-temperature-channel-swap,session_20260802_070352,session_20260802_070352_FE_F2750_V3p9_R03_20260802_070712_666412,/mnt/e/MEPI/MEPI_DATA/demo/session_20260802_070352/samples.csv,/mnt/e/MEPI/MEPI_DATA/demo/session_20260802_070352/raw/session_20260802_070352_FE_F2750_V3p9_R03_20260802_070712_666412_scope1.csv,/mnt/e/MEPI/MEPI_DATA/demo/session_20260802_070352/raw/session_20260802_070352_FE_F2750_V3p9_R03_20260802_070712_666412_scope2.csv,933809229cf4b4477a33a2841b78823cbe305825cb37591ec3231273091bf5a1,8ad45c470dd08c3bd2794a5f992c058550ab214c8546b81c1a50d53b096231a5,8.343597431636423,WARNING,,TEMPERATURE_CALIBRATION_PENDING;VIN_REFERENCE_DRIFT;VIN_SCOPE1_SCOPE2_MISMATCH,LEGACY_DATA_NOT_GROUND_TRUTH,raw Scope #2 CH1 primary Vin,27.75,26.5,27.75,27.75,SWAPPED_CORE_ROOM_CHANNELS_PHYSICALLY_VERIFIED,2026-09-23,0,REFERENCE_BASED_CALIBRATION_NOT_FOUND,3.9,3.9,3.9,0.0,EXACT_FROZEN_LABEL,NOT_GENERATED_LSP_DEFINITION_INCOMPLETE
session_20260802_070352_FE_F2750_V3p9_R04_20260802_070716_472819,session_20260802_070352,F2750_V3p9_RL49p6025_SINE,demo,FE,4,sine,49.6025,1.5152,0.1012,0.1038,2750.0,2754.0,0.14545454545454545,2.2491464683794473,3.89,3.9,4.035826756861484,-0.3794216968717465,26.5,0.2721887243515084,0.19133655151220696,0.7967539796212054,4873.162994384766,1.109977892198289,3.748759816490561,3.8536267690074117,4.514564148332499,2758.0,0.145032632342277,4.010091156479097,28.25,1.75,0.153018469,0.1596977767059225,0.15968998782511307,0.1009889578933474,0.10493664202745512,-9.13811112078635,3.8435177292411824,0.07748637123615106,5.9701724416,5.741544717800001,0.3842345089392902,0.2978202416207106,0.0016553449812766693,0.08475892233730292,77.51001919189063,,1,1.0778746738446243,0.9845260881262592,4.182467560723908,0.03970765156362396,0.29850862208,0.28707723589000006,1,,VIN_SCOPE1_SCOPE2_MISMATCH;VIN_REFERENCE_DRIFT,raw\session_20260802_070352_FE_F2750_V3p9_R04_20260802_070716_472819_scope1.csv,raw\session_20260802_070352_FE_F2750_V3p9_R04_20260802_070716_472819_scope2.csv,processed\session_20260802_070352_FE_F2750_V3p9_R04_20260802_070716_472819_B1024.csv,preview\session_20260802_070352_FE_F2750_V3p9_R04_20260802_070716_472819_preview.svg,2026-08-02T07:07:16.566419,MEPI-FROZEN-PROTOCOL v1.1,primary-B-reprocess-v2-temperature-channel-swap,session_20260802_070352,session_20260802_070352_FE_F2750_V3p9_R04_20260802_070716_472819,/mnt/e/MEPI/MEPI_DATA/demo/session_20260802_070352/samples.csv,/mnt/e/MEPI/MEPI_DATA/demo/session_20260802_070352/raw/session_20260802_070352_FE_F2750_V3p9_R04_20260802_070716_472819_scope1.csv,/mnt/e/MEPI/MEPI_DATA/demo/session_20260802_070352/raw/session_20260802_070352_FE_F2750_V3p9_R04_20260802_070716_472819_scope2.csv,d2a38992be500fe9b378657a3a2ad5676e75bc03f0e327970d8448012784eed9,6d3ea71bb15421374b87bca4ac37f99ae4037763e968fdac7c5cf2595c3f38bd,9.13811112078635,WARNING,,TEMPERATURE_CALIBRATION_PENDING;VIN_REFERENCE_DRIFT;VIN_SCOPE1_SCOPE2_MISMATCH,LEGACY_DATA_NOT_GROUND_TRUTH,raw Scope #2 CH1 primary Vin,28.25,26.5,28.25,28.25,SWAPPED_CORE_ROOM_CHANNELS_PHYSICALLY_VERIFIED,2026-09-23,0,REFERENCE_BASED_CALIBRATION_NOT_FOUND,3.9,3.9,3.9,0.0,EXACT_FROZEN_LABEL,NOT_GENERATED_LSP_DEFINITION_INCOMPLETE
session_20260802_070352_FE_F2750_V3p9_R05_20260802_070720_310425,session_20260802_070352,F2750_V3p9_RL49p6025_SINE,demo,FE,5,sine,49.6025,1.5152,0.1012,0.1038,2750.0,2756.0,0.21818181818181817,2.2491464683794473,3.89,3.9,4.030728956034086,-0.29681022263367646,26.25,0.27148860593530344,0.19118167660883031,0.4670520564079698,4825.228820800781,1.1104610380212543,3.617710952033455,3.85414941892053,4.380833815412628,2755.0,0.036284470246734396,4.009880053718812,28.5,2.25,0.15302228,0.15989982834543728,0.15989933454468588,0.10099147307286167,0.10473864836325238,-10.119070102445596,3.8376393005510034,0.07736786050201105,5.961328196,5.714609647999999,0.38318156318787405,0.29690994206206534,0.0016534914665555333,0.08461812965925318,77.48544569627174,,1,1.104798668538419,1.2731157256360237,4.301160555707077,0.039703255729732045,0.2980664098,0.28573048239999993,1,,VIN_SCOPE1_SCOPE2_MISMATCH;VIN_REFERENCE_DRIFT,raw\session_20260802_070352_FE_F2750_V3p9_R05_20260802_070720_310425_scope1.csv,raw\session_20260802_070352_FE_F2750_V3p9_R05_20260802_070720_310425_scope2.csv,processed\session_20260802_070352_FE_F2750_V3p9_R05_20260802_070720_310425_B1024.csv,preview\session_20260802_070352_FE_F2750_V3p9_R05_20260802_070720_310425_preview.svg,2026-08-02T07:07:20.388426,MEPI-FROZEN-PROTOCOL v1.1,primary-B-reprocess-v2-temperature-channel-swap,session_20260802_070352,session_20260802_070352_FE_F2750_V3p9_R05_20260802_070720_310425,/mnt/e/MEPI/MEPI_DATA/demo/session_20260802_070352/samples.csv,/mnt/e/MEPI/MEPI_DATA/demo/session_20260802_070352/raw/session_20260802_070352_FE_F2750_V3p9_R05_20260802_070720_310425_scope1.csv,/mnt/e/MEPI/MEPI_DATA/demo/session_20260802_070352/raw/session_20260802_070352_FE_F2750_V3p9_R05_20260802_070720_310425_scope2.csv,084c1d3b4b2f31d171ae842eb9f3c0f3d1f21888caa1a018636165d741510010,8064f5a02f6192c0b1e1f4cf77deeea451286ef2def190b981706bd254ae8f41,10.119070102445583,WARNING,,TEMPERATURE_CALIBRATION_PENDING;VIN_REFERENCE_DRIFT;VIN_SCOPE1_SCOPE2_MISMATCH,LEGACY_DATA_NOT_GROUND_TRUTH,raw Scope #2 CH1 primary Vin,28.5,26.25,28.5,28.5,SWAPPED_CORE_ROOM_CHANNELS_PHYSICALLY_VERIFIED,2026-09-23,0,REFERENCE_BASED_CALIBRATION_NOT_FOUND,3.9,3.9,3.9,0.0,EXACT_FROZEN_LABEL,NOT_GENERATED_LSP_DEFINITION_INCOMPLETE
session_20260802_070352_FE_F2500_V3p9_R01_20260802_070731_729646,session_20260802_070352,F2500_V3p9_RL49p6025_SINE,demo,FE,1,sine,49.6025,1.5152,0.1012,0.1038,2500.0,2503.8,0.15200000000000727,2.039152991897234,3.89,3.9,4.006812524656577,-0.38253098547268627,26.5,0.2971215535966252,0.20895038933676024,0.898033660407746,6269.815338134766,1.1097755137695227,3.002892664693901,3.8315473463505323,4.374179655961929,2501.9,0.07588465532391128,3.9870675315910264,28.25,1.75,0.153942986,0.15963270830694334,0.1596462758543998,0.10159911958817318,0.10526663146779303,-8.642304255396427,3.8126694687633513,0.07686446184695028,5.953287980799999,5.719393505400001,0.3848618151978858,0.2930587869167928,0.00165789046981371,0.09014513781127928,76.14649605238434,,1,1.1960404651797836,1.3612102541461286,3.5642584576107583,0.04017775903164228,0.29766439903999997,0.28596967527000006,1,,VIN_SCOPE1_SCOPE2_MISMATCH;VIN_REFERENCE_DRIFT,raw\session_20260802_070352_FE_F2500_V3p9_R01_20260802_070731_729646_scope1.csv,raw\session_20260802_070352_FE_F2500_V3p9_R01_20260802_070731_729646_scope2.csv,processed\session_20260802_070352_FE_F2500_V3p9_R01_20260802_070731_729646_B1024.csv,preview\session_20260802_070352_FE_F2500_V3p9_R01_20260802_070731_729646_preview.svg,2026-08-02T07:07:31.823246,MEPI-FROZEN-PROTOCOL v1.1,primary-B-reprocess-v2-temperature-channel-swap,session_20260802_070352,session_20260802_070352_FE_F2500_V3p9_R01_20260802_070731_729646,/mnt/e/MEPI/MEPI_DATA/demo/session_20260802_070352/samples.csv,/mnt/e/MEPI/MEPI_DATA/demo/session_20260802_070352/raw/session_20260802_070352_FE_F2500_V3p9_R01_20260802_070731_729646_scope1.csv,/mnt/e/MEPI/MEPI_DATA/demo/session_20260802_070352/raw/session_20260802_070352_FE_F2500_V3p9_R01_20260802_070731_729646_scope2.csv,998477cbb8ec686756ccbddbf1b85f191b9fb975e4f48ace3e394a3cf311713e,4e9800334f748ca38c09c8e1bc96df77331a38656eaaecd9de5f61c4fb62ff12,8.642304255396375,WARNING,,TEMPERATURE_CALIBRATION_PENDING;VIN_REFERENCE_DRIFT;VIN_SCOPE1_SCOPE2_MISMATCH,LEGACY_DATA_NOT_GROUND_TRUTH,raw Scope #2 CH1 primary Vin,28.25,26.5,28.25,28.25,SWAPPED_CORE_ROOM_CHANNELS_PHYSICALLY_VERIFIED,2026-09-23,0,REFERENCE_BASED_CALIBRATION_NOT_FOUND,3.9,3.9,3.9,0.0,EXACT_FROZEN_LABEL,NOT_GENERATED_LSP_DEFINITION_INCOMPLETE
session_20260802_070352_FE_F2500_V3p9_R02_20260802_070735_567252,session_20260802_070352,F2500_V3p9_RL49p6025_SINE,demo,FE,2,sine,49.6025,1.5152,0.1012,0.1038,2500.0,2505.0,0.2,2.039152991897234,3.89,3.9,4.007583368613947,-0.29159797329088794,26.75,0.29765945452774645,0.20914600622100396,0.8970304447885542,4986.683807373047,1.1097678666310198,3.022708704729049,3.830864292943536,4.409616954058296,2506.3,0.051869289390742604,3.9866766905842788,28.5,1.75,0.15394948,0.15889998645950054,0.15891644372937452,0.10160340549102428,0.10487064413938754,-8.850593432483048,3.8163849301134025,0.0769393665664715,5.960081959999999,5.718509083400001,0.3845942736656772,0.2936302390967528,0.0016591744471962555,0.08930486012172818,76.34805279290292,,1,1.2660745057284957,1.349067573239449,3.1154857654832444,0.04018661801295737,0.29800409799999994,0.28592545417000004,1,,VIN_SCOPE1_SCOPE2_MISMATCH;VIN_REFERENCE_DRIFT,raw\session_20260802_070352_FE_F2500_V3p9_R02_20260802_070735_567252_scope1.csv,raw\session_20260802_070352_FE_F2500_V3p9_R02_20260802_070735_567252_scope2.csv,processed\session_20260802_070352_FE_F2500_V3p9_R02_20260802_070735_567252_B1024.csv,preview\session_20260802_070352_FE_F2500_V3p9_R02_20260802_070735_567252_preview.svg,2026-08-02T07:07:35.692052,MEPI-FROZEN-PROTOCOL v1.1,primary-B-reprocess-v2-temperature-channel-swap,session_20260802_070352,session_20260802_070352_FE_F2500_V3p9_R02_20260802_070735_567252,/mnt/e/MEPI/MEPI_DATA/demo/session_20260802_070352/samples.csv,/mnt/e/MEPI/MEPI_DATA/demo/session_20260802_070352/raw/session_20260802_070352_FE_F2500_V3p9_R02_20260802_070735_567252_scope1.csv,/mnt/e/MEPI/MEPI_DATA/demo/session_20260802_070352/raw/session_20260802_070352_FE_F2500_V3p9_R02_20260802_070735_567252_scope2.csv,89699a6e618263460c88537341e2dd1b6838084b8c3fc3b0fc8dd2906db9553c,af08718040135590d323f2cdefcd9eaa861dd92083dbc63a22b7e26e392f59b4,8.85059343248306,WARNING,,TEMPERATURE_CALIBRATION_PENDING;VIN_REFERENCE_DRIFT;VIN_SCOPE1_SCOPE2_MISMATCH,LEGACY_DATA_NOT_GROUND_TRUTH,raw Scope #2 CH1 primary Vin,28.5,26.75,28.5,28.5,SWAPPED_CORE_ROOM_CHANNELS_PHYSICALLY_VERIFIED,2026-09-23,0,REFERENCE_BASED_CALIBRATION_NOT_FOUND,3.9,3.9,3.9,0.0,EXACT_FROZEN_LABEL,NOT_GENERATED_LSP_DEFINITION_INCOMPLETE
session_20260802_070352_FE_F2500_V3p9_R03_20260802_070739_373659,session_20260802_070352,F2500_V3p9_RL49p6025_SINE,demo,FE,3,sine,49.6025,1.5152,0.1012,0.1038,2500.0,2503.8,0.15200000000000727,2.039152991897234,3.89,3.9,4.007290809817682,-0.2807749453490823,26.5,0.29731627890561185,0.20884397635265425,0.8910378351127423,4779.06869802475,1.1100446900209175,3.0151879130509376,3.831577241076935,4.384846947225796,2505.6,0.07183908045975923,3.987084632467213,28.0,1.5,0.15395911,0.15899787931439058,0.15900824135697508,0.10160976108764519,0.10480464625131995,-8.64664549550696,3.816396165222177,0.07693959306934484,5.962895993599999,5.709343251000001,0.38490069500905044,0.2936319679436024,0.0016593087689847873,0.08960941829646324,76.28772089816519,,1,1.2723040565279133,1.4348940486649076,3.169079572707558,0.040181653745476144,0.29814479967999996,0.28546716255000004,1,,VIN_SCOPE1_SCOPE2_MISMATCH;VIN_REFERENCE_DRIFT,raw\session_20260802_070352_FE_F2500_V3p9_R03_20260802_070739_373659_scope1.csv,raw\session_20260802_070352_FE_F2500_V3p9_R03_20260802_070739_373659_scope2.csv,processed\session_20260802_070352_FE_F2500_V3p9_R03_20260802_070739_373659_B1024.csv,preview\session_20260802_070352_FE_F2500_V3p9_R03_20260802_070739_373659_preview.svg,2026-08-02T07:07:39.467259,MEPI-FROZEN-PROTOCOL v1.1,primary-B-reprocess-v2-temperature-channel-swap,session_20260802_070352,session_20260802_070352_FE_F2500_V3p9_R03_20260802_070739_373659,/mnt/e/MEPI/MEPI_DATA/demo/session_20260802_070352/samples.csv,/mnt/e/MEPI/MEPI_DATA/demo/session_20260802_070352/raw/session_20260802_070352_FE_F2500_V3p9_R03_20260802_070739_373659_scope1.csv,/mnt/e/MEPI/MEPI_DATA/demo/session_20260802_070352/raw/session_20260802_070352_FE_F2500_V3p9_R03_20260802_070739_373659_scope2.csv,d4c850dc51c9c7085a6e93c3dcc12f1f0637dfad7dd63541665aff73265a5d86,309bcc258643fb2833a130dfef6aeb45cee4051696ec8bdf76931d45d6990bfd,8.646645495506922,WARNING,,TEMPERATURE_CALIBRATION_PENDING;VIN_REFERENCE_DRIFT;VIN_SCOPE1_SCOPE2_MISMATCH,LEGACY_DATA_NOT_GROUND_TRUTH,raw Scope #2 CH1 primary Vin,28.0,26.5,28.0,28.0,SWAPPED_CORE_ROOM_CHANNELS_PHYSICALLY_VERIFIED,2026-09-23,0,REFERENCE_BASED_CALIBRATION_NOT_FOUND,3.9,3.9,3.9,0.0,EXACT_FROZEN_LABEL,NOT_GENERATED_LSP_DEFINITION_INCOMPLETE
session_20260802_070352_FE_F2500_V3p9_R04_20260802_070743_180066,session_20260802_070352,F2500_V3p9_RL49p6025_SINE,demo,FE,4,sine,49.6025,1.5152,0.1012,0.1038,2500.0,2502.5,0.1,2.039152991897234,3.89,3.9,4.008199829642992,-0.510201604535127,26.5,0.29726278570214326,0.20877676045216842,0.8916297426639211,4859.608963727951,1.1099693975788654,3.0385560319534712,3.830898054697658,4.4234764353333285,2506.9,0.17551557700746304,3.9865480772658977,28.25,1.75,0.153960048,0.158142888823417,0.15815849231352766,0.10161038014783526,0.1042766631467793,-8.264872452018075,3.815266389459158,0.07691681648020075,6.097846189000001,5.714971424600001,0.3852162050997059,0.2934581447011082,0.0016589577516464985,0.09009910264695119,76.18011413230971,,1,1.3122750644024932,1.2664494248749911,2.644975600570696,0.04018902246986331,0.30489230945000007,0.28574857123,1,,VIN_SCOPE1_SCOPE2_MISMATCH;VIN_REFERENCE_DRIFT,raw\session_20260802_070352_FE_F2500_V3p9_R04_20260802_070743_180066_scope1.csv,raw\session_20260802_070352_FE_F2500_V3p9_R04_20260802_070743_180066_scope2.csv,processed\session_20260802_070352_FE_F2500_V3p9_R04_20260802_070743_180066_B1024.csv,preview\session_20260802_070352_FE_F2500_V3p9_R04_20260802_070743_180066_preview.svg,2026-08-02T07:07:43.273666,MEPI-FROZEN-PROTOCOL v1.1,primary-B-reprocess-v2-temperature-channel-swap,session_20260802_070352,session_20260802_070352_FE_F2500_V3p9_R04_20260802_070743_180066,/mnt/e/MEPI/MEPI_DATA/demo/session_20260802_070352/samples.csv,/mnt/e/MEPI/MEPI_DATA/demo/session_20260802_070352/raw/session_20260802_070352_FE_F2500_V3p9_R04_20260802_070743_180066_scope1.csv,/mnt/e/MEPI/MEPI_DATA/demo/session_20260802_070352/raw/session_20260802_070352_FE_F2500_V3p9_R04_20260802_070743_180066_scope2.csv,0fcf75980d92e8837fe69338e1e810d0fa2876e5b668790056379dcbe5f5b500,0389a247e3a086043fd55cf5ecb46bb5041476e036fa591f7d6571563def2c2c,8.264872452018087,WARNING,,TEMPERATURE_CALIBRATION_PENDING;VIN_REFERENCE_DRIFT;VIN_SCOPE1_SCOPE2_MISMATCH,LEGACY_DATA_NOT_GROUND_TRUTH,raw Scope #2 CH1 primary Vin,28.25,26.5,28.25,28.25,SWAPPED_CORE_ROOM_CHANNELS_PHYSICALLY_VERIFIED,2026-09-23,0,REFERENCE_BASED_CALIBRATION_NOT_FOUND,3.9,3.9,3.9,0.0,EXACT_FROZEN_LABEL,NOT_GENERATED_LSP_DEFINITION_INCOMPLETE
session_20260802_070352_FE_F2500_V3p9_R05_20260802_070747_017672,session_20260802_070352,F2500_V3p9_RL49p6025_SINE,demo,FE,5,sine,49.6025,1.5152,0.1012,0.1038,2500.0,2505.0,0.2,2.039152991897234,3.89,3.9,4.006598389089424,-0.3053240362547765,26.5,0.2973403940778496,0.20921009672513513,0.8148683762520625,4867.341213226318,1.109504942464544,2.997387894330168,3.8312367792202697,4.376820255973381,2503.1,0.0758483033932172,3.987457695261156,27.75,1.25,0.153962684,0.15878587702910912,0.158793590772173,0.10161211985216471,0.10467265047518479,-9.053977429075895,3.8151892733185067,0.07691526179766155,5.959117146,5.710227736400001,0.38444961718597737,0.29344628176492304,0.0016589687057965016,0.08934436671525782,76.3289306705093,,1,1.1205395577555157,1.2343429754505373,3.0375453531203735,0.040186157335682655,0.29795585729999996,0.28551138682000005,1,,VIN_SCOPE1_SCOPE2_MISMATCH;VIN_REFERENCE_DRIFT,raw\session_20260802_070352_FE_F2500_V3p9_R05_20260802_070747_017672_scope1.csv,raw\session_20260802_070352_FE_F2500_V3p9_R05_20260802_070747_017672_scope2.csv,processed\session_20260802_070352_FE_F2500_V3p9_R05_20260802_070747_017672_B1024.csv,preview\session_20260802_070352_FE_F2500_V3p9_R05_20260802_070747_017672_preview.svg,2026-08-02T07:07:47.095673,MEPI-FROZEN-PROTOCOL v1.1,primary-B-reprocess-v2-temperature-channel-swap,session_20260802_070352,session_20260802_070352_FE_F2500_V3p9_R05_20260802_070747_017672,/mnt/e/MEPI/MEPI_DATA/demo/session_20260802_070352/samples.csv,/mnt/e/MEPI/MEPI_DATA/demo/session_20260802_070352/raw/session_20260802_070352_FE_F2500_V3p9_R05_20260802_070747_017672_scope1.csv,/mnt/e/MEPI/MEPI_DATA/demo/session_20260802_070352/raw/session_20260802_070352_FE_F2500_V3p9_R05_20260802_070747_017672_scope2.csv,9c17ec9d1d410e24edb98766cb48a3da92e75f1a33abe18b8bb166bc25adb48c,6306e07ea9529fc5b5d28679fe2b9f166c27caf00b016acdd2e97537ed8e54b8,9.053977429075907,WARNING,,TEMPERATURE_CALIBRATION_PENDING;VIN_REFERENCE_DRIFT;VIN_SCOPE1_SCOPE2_MISMATCH,LEGACY_DATA_NOT_GROUND_TRUTH,raw Scope #2 CH1 primary Vin,27.75,26.5,27.75,27.75,SWAPPED_CORE_ROOM_CHANNELS_PHYSICALLY_VERIFIED,2026-09-23,0,REFERENCE_BASED_CALIBRATION_NOT_FOUND,3.9,3.9,3.9,0.0,EXACT_FROZEN_LABEL,NOT_GENERATED_LSP_DEFINITION_INCOMPLETE
session_20260802_070352_FE_F2250_V3p9_R01_20260802_070758_468092,session_20260802_070352,F2250_V3p9_RL49p6025_SINE,demo,FE,1,sine,49.6025,1.5152,0.1012,0.1038,2250.0,2255.8,0.2577777777777859,1.8280120100790522,3.89,3.9,3.969666025343387,-0.3389693627099204,25.75,0.3305268907421066,0.2316726134355626,0.9830453551158415,4846.5829956054695,1.1100207082349192,2.047969803172221,3.792495912696261,4.463098696868543,2256.3,0.022160173735762085,3.9477924665144863,28.25,2.5,0.154999113,0.1588215579351247,0.15881791646697574,0.10229614110348467,0.10546462513199577,-9.063269630296777,3.7781896758500624,0.07616933976815811,5.967036770799999,5.7092227416000005,0.3831140426851269,0.28778221312837055,0.001661231000738438,0.0936705985560179,75.11659220617305,,1,1.2951435697905385,1.0448690002004566,2.4067544638279506,0.04086994859535756,0.29835183853999997,0.28546113708000004,1,,VIN_SCOPE1_SCOPE2_MISMATCH;VIN_REFERENCE_DRIFT,raw\session_20260802_070352_FE_F2250_V3p9_R01_20260802_070758_468092_scope1.csv,raw\session_20260802_070352_FE_F2250_V3p9_R01_20260802_070758_468092_scope2.csv,processed\session_20260802_070352_FE_F2250_V3p9_R01_20260802_070758_468092_B1024.csv,preview\session_20260802_070352_FE_F2250_V3p9_R01_20260802_070758_468092_preview.svg,2026-08-02T07:07:58.561693,MEPI-FROZEN-PROTOCOL v1.1,primary-B-reprocess-v2-temperature-channel-swap,session_20260802_070352,session_20260802_070352_FE_F2250_V3p9_R01_20260802_070758_468092,/mnt/e/MEPI/MEPI_DATA/demo/session_20260802_070352/samples.csv,/mnt/e/MEPI/MEPI_DATA/demo/session_20260802_070352/raw/session_20260802_070352_FE_F2250_V3p9_R01_20260802_070758_468092_scope1.csv,/mnt/e/MEPI/MEPI_DATA/demo/session_20260802_070352/raw/session_20260802_070352_FE_F2250_V3p9_R01_20260802_070758_468092_scope2.csv,0fa1043e60bf207a561c6eb9c843861228c5dcef07e3d883a504b42a97a24d02,44cb2ab7e34b4e44c5b59326067d0505188215e648238ee27f5e3f5954e10899,9.063269630296777,WARNING,,TEMPERATURE_CALIBRATION_PENDING;VIN_REFERENCE_DRIFT;VIN_SCOPE1_SCOPE2_MISMATCH,LEGACY_DATA_NOT_GROUND_TRUTH,raw Scope #2 CH1 primary Vin,28.25,25.75,28.25,28.25,SWAPPED_CORE_ROOM_CHANNELS_PHYSICALLY_VERIFIED,2026-09-23,0,REFERENCE_BASED_CALIBRATION_NOT_FOUND,3.9,3.9,3.9,0.0,EXACT_FROZEN_LABEL,NOT_GENERATED_LSP_DEFINITION_INCOMPLETE
session_20260802_070352_FE_F2250_V3p9_R02_20260802_070802_258899,session_20260802_070352,F2250_V3p9_RL49p6025_SINE,demo,FE,2,sine,49.6025,1.5152,0.1012,0.1038,2250.0,2253.3,0.14666666666667474,1.8280120100790522,3.89,3.9,3.9666754201272916,-0.33490813864612606,26.25,0.3295024069861725,0.23128824343617674,0.8587621082455631,4761.022861862183,1.1099515724451392,1.971090491704333,3.7934474202698767,4.367082796299579,2251.2,0.09319664492079899,3.949012401944343,27.75,1.5,0.154997832,0.159025228310838,0.15901241759282683,0.10229529567053854,0.10553062302006334,-9.165367628769406,3.7762570694724267,0.07613037789370347,5.966956360799999,5.7107905442,0.38309746099888586,0.28748787772270507,0.0016605975593409917,0.09394898571683981,75.04301306855729,,1,1.2723092512703498,1.6996324601578847,2.5325518181089337,0.04085935952922028,0.29834781804,0.28553952721,1,,VIN_SCOPE1_SCOPE2_MISMATCH,raw\session_20260802_070352_FE_F2250_V3p9_R02_20260802_070802_258899_scope1.csv,raw\session_20260802_070352_FE_F2250_V3p9_R02_20260802_070802_258899_scope2.csv,processed\session_20260802_070352_FE_F2250_V3p9_R02_20260802_070802_258899_B1024.csv,preview\session_20260802_070352_FE_F2250_V3p9_R02_20260802_070802_258899_preview.svg,2026-08-02T07:08:02.368099,MEPI-FROZEN-PROTOCOL v1.1,primary-B-reprocess-v2-temperature-channel-swap,session_20260802_070352,session_20260802_070352_FE_F2250_V3p9_R02_20260802_070802_258899,/mnt/e/MEPI/MEPI_DATA/demo/session_20260802_070352/samples.csv,/mnt/e/MEPI/MEPI_DATA/demo/session_20260802_070352/raw/session_20260802_070352_FE_F2250_V3p9_R02_20260802_070802_258899_scope1.csv,/mnt/e/MEPI/MEPI_DATA/demo/session_20260802_070352/raw/session_20260802_070352_FE_F2250_V3p9_R02_20260802_070802_258899_scope2.csv,804aa6ac7e1ab9e9c83b9c30abcdedfa4662c21c3559344a02a814cbe1af2b87,01c5f86f38208d7a66d8e378c2d46d5ccf3154f96a8d27cef15feaa09004c9e7,9.165367628769367,WARNING,,TEMPERATURE_CALIBRATION_PENDING;VIN_SCOPE1_SCOPE2_MISMATCH,LEGACY_DATA_NOT_GROUND_TRUTH,raw Scope #2 CH1 primary Vin,27.75,26.25,27.75,27.75,SWAPPED_CORE_ROOM_CHANNELS_PHYSICALLY_VERIFIED,2026-09-23,0,REFERENCE_BASED_CALIBRATION_NOT_FOUND,3.9,3.9,3.9,0.0,EXACT_FROZEN_LABEL,NOT_GENERATED_LSP_DEFINITION_INCOMPLETE
session_20260802_070352_FE_F2250_V3p9_R03_20260802_070806_080906,session_20260802_070352,F2250_V3p9_RL49p6025_SINE,demo,FE,3,sine,49.6025,1.5152,0.1012,0.1038,2250.0,2249.2,0.03555555555556364,1.8280120100790522,3.89,3.9,3.965012102998688,-0.3218992067098546,26.75,0.32928812420730935,0.23168139721175116,0.7550227571254495,4901.42056274414,1.1095642417100073,1.9283316966244126,3.7925907616898122,4.348570365736731,2253.3,0.1819553543691636,3.9479625591575407,28.0,1.25,0.155013713,0.15917308524354054,0.15916994287038455,0.10230577679514255,0.1057286166842661,-9.157832984257027,3.7742458748789187,0.07608983165926957,5.973589498199999,5.698730169,0.3830583148417207,0.2871817332602295,0.0016601739285494967,0.0942164076529417,74.97076088242405,,1,1.3295090836640244,1.4870278466289688,2.613112786735618,0.04087277608906388,0.29867947490999996,0.28493650845,1,,VIN_SCOPE1_SCOPE2_MISMATCH,raw\session_20260802_070352_FE_F2250_V3p9_R03_20260802_070806_080906_scope1.csv,raw\session_20260802_070352_FE_F2250_V3p9_R03_20260802_070806_080906_scope2.csv,processed\session_20260802_070352_FE_F2250_V3p9_R03_20260802_070806_080906_B1024.csv,preview\session_20260802_070352_FE_F2250_V3p9_R03_20260802_070806_080906_preview.svg,2026-08-02T07:08:06.190106,MEPI-FROZEN-PROTOCOL v1.1,primary-B-reprocess-v2-temperature-channel-swap,session_20260802_070352,session_20260802_070352_FE_F2250_V3p9_R03_20260802_070806_080906,/mnt/e/MEPI/MEPI_DATA/demo/session_20260802_070352/samples.csv,/mnt/e/MEPI/MEPI_DATA/demo/session_20260802_070352/raw/session_20260802_070352_FE_F2250_V3p9_R03_20260802_070806_080906_scope1.csv,/mnt/e/MEPI/MEPI_DATA/demo/session_20260802_070352/raw/session_20260802_070352_FE_F2250_V3p9_R03_20260802_070806_080906_scope2.csv,361978c302ab6b62aba84b72f0da59db2c74fd9c236be70ba2c777985827ee03,39941a07ff626aac2cff3dafff559b48559812d0b261a426ebefa55d732db345,9.157832984256988,WARNING,,TEMPERATURE_CALIBRATION_PENDING;VIN_SCOPE1_SCOPE2_MISMATCH,LEGACY_DATA_NOT_GROUND_TRUTH,raw Scope #2 CH1 primary Vin,28.0,26.75,28.0,28.0,SWAPPED_CORE_ROOM_CHANNELS_PHYSICALLY_VERIFIED,2026-09-23,0,REFERENCE_BASED_CALIBRATION_NOT_FOUND,3.9,3.9,3.9,0.0,EXACT_FROZEN_LABEL,NOT_GENERATED_LSP_DEFINITION_INCOMPLETE
session_20260802_070352_FE_F2250_V3p9_R04_20260802_070809_902913,session_20260802_070352,F2250_V3p9_RL49p6025_SINE,demo,FE,4,sine,49.6025,1.5152,0.1012,0.1038,2250.0,2256.3,0.2800000000000081,1.8280120100790522,3.89,3.9,3.9714735215626322,-0.5124938237219122,26.5,0.32908254967560424,0.2315400452377073,0.7689671194040746,4777.345833206177,1.1099022212581933,2.0944350016101594,3.7926729069386367,4.502122792792788,2249.7,0.2925142933120757,3.9473008683599713,28.25,1.75,0.155000129,0.15729868796963362,0.15730161640027923,0.10229681164202743,0.10454065469904963,-9.340003353683471,3.7776133332901005,0.07615772054412782,6.1064089964,5.7198357418,0.38283477957793943,0.28769442056047867,0.0016610611661809545,0.09347929785127981,75.14845460949256,,1,0.9269690521562891,1.288302134128411,1.4612702745984534,0.04086830918543747,0.30532044982,0.28599178709,1,,VIN_SCOPE1_SCOPE2_MISMATCH;VIN_REFERENCE_DRIFT,raw\session_20260802_070352_FE_F2250_V3p9_R04_20260802_070809_902913_scope1.csv,raw\session_20260802_070352_FE_F2250_V3p9_R04_20260802_070809_902913_scope2.csv,processed\session_20260802_070352_FE_F2250_V3p9_R04_20260802_070809_902913_B1024.csv,preview\session_20260802_070352_FE_F2250_V3p9_R04_20260802_070809_902913_preview.svg,2026-08-02T07:08:09.996513,MEPI-FROZEN-PROTOCOL v1.1,primary-B-reprocess-v2-temperature-channel-swap,session_20260802_070352,session_20260802_070352_FE_F2250_V3p9_R04_20260802_070809_902913,/mnt/e/MEPI/MEPI_DATA/demo/session_20260802_070352/samples.csv,/mnt/e/MEPI/MEPI_DATA/demo/session_20260802_070352/raw/session_20260802_070352_FE_F2250_V3p9_R04_20260802_070809_902913_scope1.csv,/mnt/e/MEPI/MEPI_DATA/demo/session_20260802_070352/raw/session_20260802_070352_FE_F2250_V3p9_R04_20260802_070809_902913_scope2.csv,4a38d55883f77251bcb11a032a4803dca3e38308b4d142599c8f52897763e0dd,fcf11f4174914b2089dc06b62961dc9a4d6a9d0d1110b4805950862de2d21325,9.340003353683446,WARNING,,TEMPERATURE_CALIBRATION_PENDING;VIN_REFERENCE_DRIFT;VIN_SCOPE1_SCOPE2_MISMATCH,LEGACY_DATA_NOT_GROUND_TRUTH,raw Scope #2 CH1 primary Vin,28.25,26.5,28.25,28.25,SWAPPED_CORE_ROOM_CHANNELS_PHYSICALLY_VERIFIED,2026-09-23,0,REFERENCE_BASED_CALIBRATION_NOT_FOUND,3.9,3.9,3.9,0.0,EXACT_FROZEN_LABEL,NOT_GENERATED_LSP_DEFINITION_INCOMPLETE
session_20260802_070352_FE_F2250_V3p9_R05_20260802_070813_709319,session_20260802_070352,F2250_V3p9_RL49p6025_SINE,demo,FE,5,sine,49.6025,1.5152,0.1012,0.1038,2250.0,2255.3,0.23555555555556365,1.8280120100790522,3.89,3.9,3.966778353115949,-0.4299042134684242,26.0,0.3291842949970487,0.23114312866817033,0.8444285511343568,5829.58709716797,1.109988645103422,1.9737365839572594,3.792702993162153,4.388330893684891,2254.3,0.04433999911320002,3.948242047959998,28.25,2.25,0.155000751,0.15886168762270303,0.15885825243324406,0.10229722214889123,0.10559662090813093,-8.425695640602502,3.774914053030192,0.07610330231400014,5.963901086799999,5.7080568204,0.3837953713449423,0.28728342538712426,0.0016602096022065907,0.09485173635561145,74.85328037709023,,1,1.1455972959146288,1.419243301377156,2.4303761847682073,0.04086814899016623,0.29819505433999993,0.28540284102,1,,VIN_SCOPE1_SCOPE2_MISMATCH,raw\session_20260802_070352_FE_F2250_V3p9_R05_20260802_070813_709319_scope1.csv,raw\session_20260802_070352_FE_F2250_V3p9_R05_20260802_070813_709319_scope2.csv,processed\session_20260802_070352_FE_F2250_V3p9_R05_20260802_070813_709319_B1024.csv,preview\session_20260802_070352_FE_F2250_V3p9_R05_20260802_070813_709319_preview.svg,2026-08-02T07:08:13.802919,MEPI-FROZEN-PROTOCOL v1.1,primary-B-reprocess-v2-temperature-channel-swap,session_20260802_070352,session_20260802_070352_FE_F2250_V3p9_R05_20260802_070813_709319,/mnt/e/MEPI/MEPI_DATA/demo/session_20260802_070352/samples.csv,/mnt/e/MEPI/MEPI_DATA/demo/session_20260802_070352/raw/session_20260802_070352_FE_F2250_V3p9_R05_20260802_070813_709319_scope1.csv,/mnt/e/MEPI/MEPI_DATA/demo/session_20260802_070352/raw/session_20260802_070352_FE_F2250_V3p9_R05_20260802_070813_709319_scope2.csv,c55c0a90966b7723c3483887f99eb97556d8367364c8c02e6dc1c8bff2ec783f,66467001b18d988ed796d40fafe863a381627909c59a500836ad1d995df887ae,8.4256956406025,WARNING,,TEMPERATURE_CALIBRATION_PENDING;VIN_SCOPE1_SCOPE2_MISMATCH,LEGACY_DATA_NOT_GROUND_TRUTH,raw Scope #2 CH1 primary Vin,28.25,26.0,28.25,28.25,SWAPPED_CORE_ROOM_CHANNELS_PHYSICALLY_VERIFIED,2026-09-23,0,REFERENCE_BASED_CALIBRATION_NOT_FOUND,3.9,3.9,3.9,0.0,EXACT_FROZEN_LABEL,NOT_GENERATED_LSP_DEFINITION_INCOMPLETE
session_20260802_070352_FE_F2000_V3p9_R01_20260802_070825_159739,session_20260802_070352,F2000_V3p9_RL49p6025_SINE,demo,FE,1,sine,49.6025,1.5152,0.1012,0.1038,2000.0,2002.8,0.13999999999999774,1.6159785241106726,3.89,3.9,3.991479510796208,-0.34720905129864305,26.5,0.37299329126983594,0.26285418960771734,0.6323914265839263,4887.111932373046,1.1100531527744002,2.6087277839637557,3.810355007968871,4.537778594063039,2004.0,0.05988023952096035,3.9677340391316007,28.25,1.75,0.156226228,0.1607710343450104,0.1607501044392002,0.10310601108764518,0.10612460401267158,-9.674629471649446,3.793830204793024,0.0764846571199642,5.958916158399999,5.740861314000004,0.38728309328364424,0.29016980238495804,0.0016830618796873792,0.09543022901899882,74.92446931383063,,1,1.2291282943868131,1.4232945327659992,2.826881324441416,0.04100043898095398,0.29794580791999997,0.2870430657000002,1,,VIN_SCOPE1_SCOPE2_MISMATCH;VIN_REFERENCE_DRIFT,raw\session_20260802_070352_FE_F2000_V3p9_R01_20260802_070825_159739_scope1.csv,raw\session_20260802_070352_FE_F2000_V3p9_R01_20260802_070825_159739_scope2.csv,processed\session_20260802_070352_FE_F2000_V3p9_R01_20260802_070825_159739_B1024.csv,preview\session_20260802_070352_FE_F2000_V3p9_R01_20260802_070825_159739_preview.svg,2026-08-02T07:08:25.253340,MEPI-FROZEN-PROTOCOL v1.1,primary-B-reprocess-v2-temperature-channel-swap,session_20260802_070352,session_20260802_070352_FE_F2000_V3p9_R01_20260802_070825_159739,/mnt/e/MEPI/MEPI_DATA/demo/session_20260802_070352/samples.csv,/mnt/e/MEPI/MEPI_DATA/demo/session_20260802_070352/raw/session_20260802_070352_FE_F2000_V3p9_R01_20260802_070825_159739_scope1.csv,/mnt/e/MEPI/MEPI_DATA/demo/session_20260802_070352/raw/session_20260802_070352_FE_F2000_V3p9_R01_20260802_070825_159739_scope2.csv,4dadc72fee135c622723390caf111e32065b66897cdd94f0670a71b8e0185274,d7fef324b23ebac387b0b6fe379cd09922b5eaeb6fc39f3e9827ba2c0918edb2,9.674629471649459,WARNING,,TEMPERATURE_CALIBRATION_PENDING;VIN_REFERENCE_DRIFT;VIN_SCOPE1_SCOPE2_MISMATCH,LEGACY_DATA_NOT_GROUND_TRUTH,raw Scope #2 CH1 primary Vin,28.25,26.5,28.25,28.25,SWAPPED_CORE_ROOM_CHANNELS_PHYSICALLY_VERIFIED,2026-09-23,0,REFERENCE_BASED_CALIBRATION_NOT_FOUND,3.9,3.9,3.9,0.0,EXACT_FROZEN_LABEL,NOT_GENERATED_LSP_DEFINITION_INCOMPLETE
session_20260802_070352_FE_F2000_V3p9_R02_20260802_070828_981746,session_20260802_070352,F2000_V3p9_RL49p6025_SINE,demo,FE,2,sine,49.6025,1.5152,0.1012,0.1038,2000.0,2002.8,0.13999999999999774,1.6159785241106726,3.89,3.9,3.9901824268671153,-0.3180397998421124,26.5,0.3726463650879541,0.2627271424584215,0.5724100991557628,4806.402172851562,1.1101342265452336,2.5753837240904907,3.8114512930518654,4.479272241083433,2002.0,0.03994407829039118,3.968368549139508,28.25,1.75,0.156214917,0.159777013148624,0.1597566363692161,0.10309854606652587,0.10553062302006334,-9.04635803456217,3.7941645691037964,0.07649139799614528,5.9019115644000015,5.726589534599997,0.3880672937058031,0.29022095211819154,0.0016830131381610014,0.09616332844945057,74.78624373282288,,1,1.0433964689249011,1.3693765923543637,2.229417159845478,0.04098567841724063,0.2950955782200001,0.28632947672999987,1,,VIN_SCOPE1_SCOPE2_MISMATCH;VIN_REFERENCE_DRIFT,raw\session_20260802_070352_FE_F2000_V3p9_R02_20260802_070828_981746_scope1.csv,raw\session_20260802_070352_FE_F2000_V3p9_R02_20260802_070828_981746_scope2.csv,processed\session_20260802_070352_FE_F2000_V3p9_R02_20260802_070828_981746_B1024.csv,preview\session_20260802_070352_FE_F2000_V3p9_R02_20260802_070828_981746_preview.svg,2026-08-02T07:08:29.075346,MEPI-FROZEN-PROTOCOL v1.1,primary-B-reprocess-v2-temperature-channel-swap,session_20260802_070352,session_20260802_070352_FE_F2000_V3p9_R02_20260802_070828_981746,/mnt/e/MEPI/MEPI_DATA/demo/session_20260802_070352/samples.csv,/mnt/e/MEPI/MEPI_DATA/demo/session_20260802_070352/raw/session_20260802_070352_FE_F2000_V3p9_R02_20260802_070828_981746_scope1.csv,/mnt/e/MEPI/MEPI_DATA/demo/session_20260802_070352/raw/session_20260802_070352_FE_F2000_V3p9_R02_20260802_070828_981746_scope2.csv,f6bef7995a629be720d04ba92afd7b67ef6738e6dd14225bace7ef2b2cc72ca6,73b468dc32ebb8a4e1a26aa30f5a684571457eccb6af3c6d82706741cbddbd4d,9.04635803456217,WARNING,,TEMPERATURE_CALIBRATION_PENDING;VIN_REFERENCE_DRIFT;VIN_SCOPE1_SCOPE2_MISMATCH,LEGACY_DATA_NOT_GROUND_TRUTH,raw Scope #2 CH1 primary Vin,28.25,26.5,28.25,28.25,SWAPPED_CORE_ROOM_CHANNELS_PHYSICALLY_VERIFIED,2026-09-23,0,REFERENCE_BASED_CALIBRATION_NOT_FOUND,3.9,3.9,3.9,0.0,EXACT_FROZEN_LABEL,NOT_GENERATED_LSP_DEFINITION_INCOMPLETE
session_20260802_070352_FE_F2000_V3p9_R03_20260802_070832_788153,session_20260802_070352,F2000_V3p9_RL49p6025_SINE,demo,FE,3,sine,49.6025,1.5152,0.1012,0.1038,2000.0,2001.6,0.07999999999999545,1.6159785241106726,3.89,3.9,3.9865110730728786,-0.4244255196198033,26.75,0.37263154956654887,0.26262460270289334,0.5330408158829276,4933.02041015625,1.1100490009925224,2.4810044491743097,3.8098035133496326,4.432636871795708,2003.2,0.07987220447285026,3.9677862095253427,28.0,1.25,0.156201071,0.1624467190694825,0.1624260344055616,0.10308940799894402,0.1075105596620908,-10.110147851965671,3.791365635106345,0.0764349707193457,5.964624704399999,5.7045191663999955,0.3866518018795899,0.289792921305687,0.0016819267483395804,0.09517695382556332,74.9493264733145,,1,1.1158567310362164,1.25192670102719,3.8447363574090265,0.040999770841899874,0.29823123521999995,0.28522595831999975,1,,VIN_SCOPE1_SCOPE2_MISMATCH;VIN_REFERENCE_DRIFT,raw\session_20260802_070352_FE_F2000_V3p9_R03_20260802_070832_788153_scope1.csv,raw\session_20260802_070352_FE_F2000_V3p9_R03_20260802_070832_788153_scope2.csv,processed\session_20260802_070352_FE_F2000_V3p9_R03_20260802_070832_788153_B1024.csv,preview\session_20260802_070352_FE_F2000_V3p9_R03_20260802_070832_788153_preview.svg,2026-08-02T07:08:32.881753,MEPI-FROZEN-PROTOCOL v1.1,primary-B-reprocess-v2-temperature-channel-swap,session_20260802_070352,session_20260802_070352_FE_F2000_V3p9_R03_20260802_070832_788153,/mnt/e/MEPI/MEPI_DATA/demo/session_20260802_070352/samples.csv,/mnt/e/MEPI/MEPI_DATA/demo/session_20260802_070352/raw/session_20260802_070352_FE_F2000_V3p9_R03_20260802_070832_788153_scope1.csv,/mnt/e/MEPI/MEPI_DATA/demo/session_20260802_070352/raw/session_20260802_070352_FE_F2000_V3p9_R03_20260802_070832_788153_scope2.csv,14a9c4bbb1580aee4ae595874454618f7de4db10d73190fc31b80124e999c9ee,c0fab31a93cb3f71a396d9a3e8f1d1fa6e721544167369d2cb41a504bf446801,10.110147851965696,WARNING,,TEMPERATURE_CALIBRATION_PENDING;VIN_REFERENCE_DRIFT;VIN_SCOPE1_SCOPE2_MISMATCH,LEGACY_DATA_NOT_GROUND_TRUTH,raw Scope #2 CH1 primary Vin,28.0,26.75,28.0,28.0,SWAPPED_CORE_ROOM_CHANNELS_PHYSICALLY_VERIFIED,2026-09-23,0,REFERENCE_BASED_CALIBRATION_NOT_FOUND,3.9,3.9,3.9,0.0,EXACT_FROZEN_LABEL,NOT_GENERATED_LSP_DEFINITION_INCOMPLETE
session_20260802_070352_FE_F2000_V3p9_R04_20260802_070836_594559,session_20260802_070352,F2000_V3p9_RL49p6025_SINE,demo,FE,4,sine,49.6025,1.5152,0.1012,0.1038,2000.0,2002.0,0.1,1.6159785241106726,3.89,3.9,3.988802772211672,-0.22617363573776134,26.0,0.3727714471078798,0.26239437906833546,0.6046900242099885,4805.368194580078,1.109978196681354,2.5399170234366633,3.8101398919025855,4.479110412622351,2001.2,0.03996003996003769,3.9679549543903394,28.25,2.25,0.156212279,0.16167180562711592,0.1616508938183755,0.10309680504223864,0.10711457233368532,-9.878284161992486,3.7951670708338687,0.07651160870588919,5.957428759999999,5.716941320999996,0.386989564866756,0.2903743378971166,0.001683297788933647,0.09493192918070578,75.03415188910716,,1,1.1618341094210287,1.4277937092872421,3.3769194362237176,0.04099909279761269,0.29787143799999993,0.28584706604999977,1,,VIN_SCOPE1_SCOPE2_MISMATCH;VIN_REFERENCE_DRIFT,raw\session_20260802_070352_FE_F2000_V3p9_R04_20260802_070836_594559_scope1.csv,raw\session_20260802_070352_FE_F2000_V3p9_R04_20260802_070836_594559_scope2.csv,processed\session_20260802_070352_FE_F2000_V3p9_R04_20260802_070836_594559_B1024.csv,preview\session_20260802_070352_FE_F2000_V3p9_R04_20260802_070836_594559_preview.svg,2026-08-02T07:08:36.688160,MEPI-FROZEN-PROTOCOL v1.1,primary-B-reprocess-v2-temperature-channel-swap,session_20260802_070352,session_20260802_070352_FE_F2000_V3p9_R04_20260802_070836_594559,/mnt/e/MEPI/MEPI_DATA/demo/session_20260802_070352/samples.csv,/mnt/e/MEPI/MEPI_DATA/demo/session_20260802_070352/raw/session_20260802_070352_FE_F2000_V3p9_R04_20260802_070836_594559_scope1.csv,/mnt/e/MEPI/MEPI_DATA/demo/session_20260802_070352/raw/session_20260802_070352_FE_F2000_V3p9_R04_20260802_070836_594559_scope2.csv,a1a4ed57a468cd990056634f951fcaecffe8a505f14351ba62d1bacd8ed0aed3,c2506f79742e9de245a831cbdde9ea97d3f06609054d3959800da719951f83a0,9.878284161992498,WARNING,,TEMPERATURE_CALIBRATION_PENDING;VIN_REFERENCE_DRIFT;VIN_SCOPE1_SCOPE2_MISMATCH,LEGACY_DATA_NOT_GROUND_TRUTH,raw Scope #2 CH1 primary Vin,28.25,26.0,28.25,28.25,SWAPPED_CORE_ROOM_CHANNELS_PHYSICALLY_VERIFIED,2026-09-23,0,REFERENCE_BASED_CALIBRATION_NOT_FOUND,3.9,3.9,3.9,0.0,EXACT_FROZEN_LABEL,NOT_GENERATED_LSP_DEFINITION_INCOMPLETE
session_20260802_070352_FE_F2000_V3p9_R05_20260802_070840_400966,session_20260802_070352,F2000_V3p9_RL49p6025_SINE,demo,FE,5,sine,49.6025,1.5152,0.1012,0.1038,2000.0,2002.4,0.12000000000000455,1.6159785241106726,3.89,3.9,3.9882667365607287,-0.2706001982188235,26.25,0.37351331012985156,0.2628641001989166,0.7202566332839334,9498.017260742188,1.1099724015585934,2.52613718665055,3.8105447614330012,4.456120587384815,2002.4,0.0,3.9685801243982577,28.5,2.25,0.156223691,0.1614967657734966,0.16147573689219008,0.10310433672122492,0.10665258711721223,-10.240839694885903,3.794146281439878,0.07649102931182658,5.954855831599999,5.713684947999996,0.38662471284514005,0.2902181544269755,0.001683128121439207,0.09472343029672532,75.06456384830746,,1,1.1343408508828325,0.9862661435779426,3.2651271672475555,0.040997731500534866,0.29774279157999994,0.28568424739999976,1,,VIN_SCOPE1_SCOPE2_MISMATCH;VIN_REFERENCE_DRIFT,raw\session_20260802_070352_FE_F2000_V3p9_R05_20260802_070840_400966_scope1.csv,raw\session_20260802_070352_FE_F2000_V3p9_R05_20260802_070840_400966_scope2.csv,processed\session_20260802_070352_FE_F2000_V3p9_R05_20260802_070840_400966_B1024.csv,preview\session_20260802_070352_FE_F2000_V3p9_R05_20260802_070840_400966_preview.svg,2026-08-02T07:08:40.494566,MEPI-FROZEN-PROTOCOL v1.1,primary-B-reprocess-v2-temperature-channel-swap,session_20260802_070352,session_20260802_070352_FE_F2000_V3p9_R05_20260802_070840_400966,/mnt/e/MEPI/MEPI_DATA/demo/session_20260802_070352/samples.csv,/mnt/e/MEPI/MEPI_DATA/demo/session_20260802_070352/raw/session_20260802_070352_FE_F2000_V3p9_R05_20260802_070840_400966_scope1.csv,/mnt/e/MEPI/MEPI_DATA/demo/session_20260802_070352/raw/session_20260802_070352_FE_F2000_V3p9_R05_20260802_070840_400966_scope2.csv,8389ed3b78d3a1634fa7d424614f945221900452146293cfea029a186fda578d,6adffeba0b7f093da8645afc524849bc2b8b71099d2640da379013aa1286ec79,10.240839694885866,WARNING,,TEMPERATURE_CALIBRATION_PENDING;VIN_REFERENCE_DRIFT;VIN_SCOPE1_SCOPE2_MISMATCH,LEGACY_DATA_NOT_GROUND_TRUTH,raw Scope #2 CH1 primary Vin,28.5,26.25,28.5,28.5,SWAPPED_CORE_ROOM_CHANNELS_PHYSICALLY_VERIFIED,2026-09-23,0,REFERENCE_BASED_CALIBRATION_NOT_FOUND,3.9,3.9,3.9,0.0,EXACT_FROZEN_LABEL,NOT_GENERATED_LSP_DEFINITION_INCOMPLETE
session_20260802_070352_FE_F1750_V3p9_R01_20260802_070851_866986,session_20260802_070352,F1750_V3p9_RL49p6025_SINE,demo,FE,1,sine,49.6025,1.5152,0.1012,0.1038,1750.0,1756.2,0.35428571428571687,1.4072600535573128,3.89,3.9,4.0211588827587805,-0.4003122751937409,26.25,0.42042088756342366,0.29539038254640226,0.9762297992796942,8533.927185058594,1.1098495780214095,3.37169364418486,3.837038883390537,4.5787795194485765,1756.9,0.03984290511696997,3.9981108287306633,28.25,2.0,0.157734178,0.1649939450682421,0.1649954861662601,0.10410122624076029,0.10803854276663147,-9.50327920982583,3.823709276348963,0.07708702739476767,5.961086986600001,5.7131623782,0.3939585935332342,0.29475838173553975,0.0017135331453166924,0.09748667865237776,74.81963500072096,,1,1.1018043184734425,1.2395748485605296,4.400020294829268,0.04110830846223285,0.29805434933,0.28565811891,1,,VIN_SCOPE1_SCOPE2_MISMATCH;VIN_REFERENCE_DRIFT,raw\session_20260802_070352_FE_F1750_V3p9_R01_20260802_070851_866986_scope1.csv,raw\session_20260802_070352_FE_F1750_V3p9_R01_20260802_070851_866986_scope2.csv,processed\session_20260802_070352_FE_F1750_V3p9_R01_20260802_070851_866986_B1024.csv,preview\session_20260802_070352_FE_F1750_V3p9_R01_20260802_070851_866986_preview.svg,2026-08-02T07:08:51.991786,MEPI-FROZEN-PROTOCOL v1.1,primary-B-reprocess-v2-temperature-channel-swap,session_20260802_070352,session_20260802_070352_FE_F1750_V3p9_R01_20260802_070851_866986,/mnt/e/MEPI/MEPI_DATA/demo/session_20260802_070352/samples.csv,/mnt/e/MEPI/MEPI_DATA/demo/session_20260802_070352/raw/session_20260802_070352_FE_F1750_V3p9_R01_20260802_070851_866986_scope1.csv,/mnt/e/MEPI/MEPI_DATA/demo/session_20260802_070352/raw/session_20260802_070352_FE_F1750_V3p9_R01_20260802_070851_866986_scope2.csv,b258d5bd9ff7d5ea6bc8f9a26891ab559aecc9e00e4a0601db0054d36c1b5b75,8247604052f3c657943e49c0f7d27975537d0ae38ae313797e46df91c426c003,9.503279209825857,WARNING,,TEMPERATURE_CALIBRATION_PENDING;VIN_REFERENCE_DRIFT;VIN_SCOPE1_SCOPE2_MISMATCH,LEGACY_DATA_NOT_GROUND_TRUTH,raw Scope #2 CH1 primary Vin,28.25,26.25,28.25,28.25,SWAPPED_CORE_ROOM_CHANNELS_PHYSICALLY_VERIFIED,2026-09-23,0,REFERENCE_BASED_CALIBRATION_NOT_FOUND,3.9,3.9,3.9,0.0,EXACT_FROZEN_LABEL,NOT_GENERATED_LSP_DEFINITION_INCOMPLETE
session_20260802_070352_FE_F1750_V3p9_R02_20260802_070855_673393,session_20260802_070352,F1750_V3p9_RL49p6025_SINE,demo,FE,2,sine,49.6025,1.5152,0.1012,0.1038,1750.0,1755.9,0.33714285714286235,1.4072600535573128,3.89,3.9,4.01896005686397,-0.34818482545597057,26.5,0.4194726975669596,0.29482658050947,0.8549446577261146,7748.401739501954,1.109915375293176,3.315168556915016,3.8383112513567457,4.494914180565563,1755.0,0.05125576627371097,3.998593702328726,28.25,1.75,0.15772514,0.1628492259383039,0.16285358900279348,0.10409526135163676,0.10638859556494192,-10.218919175256783,3.821167192243149,0.07703577828220652,5.961569322200002,5.710509158799999,0.39321198320767836,0.2943665886008848,0.001712587587579195,0.09713280701921434,74.86205944171658,,1,1.0143456806408941,1.3812254677649058,3.1465215193869946,0.04109232672161437,0.2980784661100001,0.28552545793999995,1,,VIN_SCOPE1_SCOPE2_MISMATCH;VIN_REFERENCE_DRIFT,raw\session_20260802_070352_FE_F1750_V3p9_R02_20260802_070855_673393_scope1.csv,raw\session_20260802_070352_FE_F1750_V3p9_R02_20260802_070855_673393_scope2.csv,processed\session_20260802_070352_FE_F1750_V3p9_R02_20260802_070855_673393_B1024.csv,preview\session_20260802_070352_FE_F1750_V3p9_R02_20260802_070855_673393_preview.svg,2026-08-02T07:08:55.766993,MEPI-FROZEN-PROTOCOL v1.1,primary-B-reprocess-v2-temperature-channel-swap,session_20260802_070352,session_20260802_070352_FE_F1750_V3p9_R02_20260802_070855_673393,/mnt/e/MEPI/MEPI_DATA/demo/session_20260802_070352/samples.csv,/mnt/e/MEPI/MEPI_DATA/demo/session_20260802_070352/raw/session_20260802_070352_FE_F1750_V3p9_R02_20260802_070855_673393_scope1.csv,/mnt/e/MEPI/MEPI_DATA/demo/session_20260802_070352/raw/session_20260802_070352_FE_F1750_V3p9_R02_20260802_070855_673393_scope2.csv,595aa78c3c240f48230b1611c05f67cf2ecac6aae9afe203b4d7294e09550904,bdde5a10ac6c6b1d5497f4c053cd4cdfe2e66eec0d23fd567e592ccd43e6f5d2,10.218919175256756,WARNING,,TEMPERATURE_CALIBRATION_PENDING;VIN_REFERENCE_DRIFT;VIN_SCOPE1_SCOPE2_MISMATCH,LEGACY_DATA_NOT_GROUND_TRUTH,raw Scope #2 CH1 primary Vin,28.25,26.5,28.25,28.25,SWAPPED_CORE_ROOM_CHANNELS_PHYSICALLY_VERIFIED,2026-09-23,0,REFERENCE_BASED_CALIBRATION_NOT_FOUND,3.9,3.9,3.9,0.0,EXACT_FROZEN_LABEL,NOT_GENERATED_LSP_DEFINITION_INCOMPLETE
session_20260802_070352_FE_F1750_V3p9_R03_20260802_070859_495400,session_20260802_070352,F1750_V3p9_RL49p6025_SINE,demo,FE,3,sine,49.6025,1.5152,0.1012,0.1038,1750.0,1755.9,0.33714285714286235,1.4072600535573128,3.89,3.9,4.021042997532448,-0.4251813996642034,26.75,0.41992121995032505,0.2951593621124258,1.0032232369832432,4800.364707183839,1.1096391450445782,3.3687145895231323,3.8379787814952326,4.5526550238226235,1757.5,0.09103840682787534,3.9989859842546243,28.25,1.5,0.15771644,0.16458650942695907,0.16460661465258,0.10408951953537487,0.10770855332629356,-9.973394534055805,3.8239514546478204,0.07709190977567301,5.953368392200002,5.711956317399999,0.39345633579670164,0.29479572052826336,0.0017133646343899657,0.09694725063404831,74.9246342497796,,1,1.329686938370422,1.3536753409653235,4.174138847028582,0.04109361957925051,0.29766841961000007,0.28559781587,1,,VIN_SCOPE1_SCOPE2_MISMATCH;VIN_REFERENCE_DRIFT,raw\session_20260802_070352_FE_F1750_V3p9_R03_20260802_070859_495400_scope1.csv,raw\session_20260802_070352_FE_F1750_V3p9_R03_20260802_070859_495400_scope2.csv,processed\session_20260802_070352_FE_F1750_V3p9_R03_20260802_070859_495400_B1024.csv,preview\session_20260802_070352_FE_F1750_V3p9_R03_20260802_070859_495400_preview.svg,2026-08-02T07:08:59.589000,MEPI-FROZEN-PROTOCOL v1.1,primary-B-reprocess-v2-temperature-channel-swap,session_20260802_070352,session_20260802_070352_FE_F1750_V3p9_R03_20260802_070859_495400,/mnt/e/MEPI/MEPI_DATA/demo/session_20260802_070352/samples.csv,/mnt/e/MEPI/MEPI_DATA/demo/session_20260802_070352/raw/session_20260802_070352_FE_F1750_V3p9_R03_20260802_070859_495400_scope1.csv,/mnt/e/MEPI/MEPI_DATA/demo/session_20260802_070352/raw/session_20260802_070352_FE_F1750_V3p9_R03_20260802_070859_495400_scope2.csv,ec82b9bf38ba4fd2a465c8161c47463865863208051da36c12c865f1da633d38,ed75778fb0bfef49dbbf98610275cce89b7df758c815eff74ead1c0968ce5316,9.973394534055817,WARNING,,TEMPERATURE_CALIBRATION_PENDING;VIN_REFERENCE_DRIFT;VIN_SCOPE1_SCOPE2_MISMATCH,LEGACY_DATA_NOT_GROUND_TRUTH,raw Scope #2 CH1 primary Vin,28.25,26.75,28.25,28.25,SWAPPED_CORE_ROOM_CHANNELS_PHYSICALLY_VERIFIED,2026-09-23,0,REFERENCE_BASED_CALIBRATION_NOT_FOUND,3.9,3.9,3.9,0.0,EXACT_FROZEN_LABEL,NOT_GENERATED_LSP_DEFINITION_INCOMPLETE
session_20260802_070352_FE_F1750_V3p9_R04_20260802_070903_286206,session_20260802_070352,F1750_V3p9_RL49p6025_SINE,demo,FE,4,sine,49.6025,1.5152,0.1012,0.1038,1750.0,1757.2,0.41142857142857403,1.4072600535573128,3.89,3.9,4.016833908052864,-0.4025670093987917,26.25,0.4201814859507067,0.29475529454313976,1.0000583233432228,4838.252429199219,1.109888331023945,3.2605117751377772,3.8378131697117617,4.456762276931521,1755.3,0.1081265649897616,3.9984868318686275,27.75,1.5,0.157724327,0.1643873494149274,0.1643936944201844,0.10409472478880676,0.10784054910242871,-10.056296653995279,3.8213848760150957,0.07704016684673344,5.960845758000001,5.719313142199999,0.39335851021826934,0.29440012843378677,0.0017126464695071592,0.09724573531497542,74.84269967120531,,1,1.3005191685474125,1.4058647239139885,4.053245239759517,0.04109744795415502,0.2980422879000001,0.28596565710999994,1,,VIN_SCOPE1_SCOPE2_MISMATCH;VIN_REFERENCE_DRIFT,raw\session_20260802_070352_FE_F1750_V3p9_R04_20260802_070903_286206_scope1.csv,raw\session_20260802_070352_FE_F1750_V3p9_R04_20260802_070903_286206_scope2.csv,processed\session_20260802_070352_FE_F1750_V3p9_R04_20260802_070903_286206_B1024.csv,preview\session_20260802_070352_FE_F1750_V3p9_R04_20260802_070903_286206_preview.svg,2026-08-02T07:09:03.379806,MEPI-FROZEN-PROTOCOL v1.1,primary-B-reprocess-v2-temperature-channel-swap,session_20260802_070352,session_20260802_070352_FE_F1750_V3p9_R04_20260802_070903_286206,/mnt/e/MEPI/MEPI_DATA/demo/session_20260802_070352/samples.csv,/mnt/e/MEPI/MEPI_DATA/demo/session_20260802_070352/raw/session_20260802_070352_FE_F1750_V3p9_R04_20260802_070903_286206_scope1.csv,/mnt/e/MEPI/MEPI_DATA/demo/session_20260802_070352/raw/session_20260802_070352_FE_F1750_V3p9_R04_20260802_070903_286206_scope2.csv,00573dcad55cad8bbe8f16f2a2036bb0f8bac617296b6d5a72e526dd4a7c7cfe,a273854abc150aac8585c0f61fc697453393a4a7b28e609bd253e82456bec380,10.056296653995267,WARNING,,TEMPERATURE_CALIBRATION_PENDING;VIN_REFERENCE_DRIFT;VIN_SCOPE1_SCOPE2_MISMATCH,LEGACY_DATA_NOT_GROUND_TRUTH,raw Scope #2 CH1 primary Vin,27.75,26.25,27.75,27.75,SWAPPED_CORE_ROOM_CHANNELS_PHYSICALLY_VERIFIED,2026-09-23,0,REFERENCE_BASED_CALIBRATION_NOT_FOUND,3.9,3.9,3.9,0.0,EXACT_FROZEN_LABEL,NOT_GENERATED_LSP_DEFINITION_INCOMPLETE
session_20260802_070352_FE_F1750_V3p9_R05_20260802_070907_123813,session_20260802_070352,F1750_V3p9_RL49p6025_SINE,demo,FE,5,sine,49.6025,1.5152,0.1012,0.1038,1750.0,1757.5,0.42857142857142855,1.4072600535573128,3.89,3.9,4.020435283167351,-0.36076156124208814,26.75,0.4183794311524025,0.2946761970592879,0.737913748215718,7902.099304199218,1.110105904347171,3.3530921122719124,3.838103209971781,4.535132649914156,1756.5,0.05689900426742532,3.999407595943766,28.25,1.5,0.157743649,0.16400515992883363,0.16400871130783826,0.10410747690073918,0.10731256599788806,-9.762197255462382,3.822989335032148,0.07707251318042736,5.956383466600001,5.7060870351999995,0.39378938587534035,0.29464739591289846,0.001713432598248674,0.09742855736419322,74.82360024964545,,1,1.0379061987542182,1.1609877892251363,3.8178743470941168,0.04109937653322242,0.2978191733300001,0.28530435175999996,1,,VIN_SCOPE1_SCOPE2_MISMATCH;VIN_REFERENCE_DRIFT,raw\session_20260802_070352_FE_F1750_V3p9_R05_20260802_070907_123813_scope1.csv,raw\session_20260802_070352_FE_F1750_V3p9_R05_20260802_070907_123813_scope2.csv,processed\session_20260802_070352_FE_F1750_V3p9_R05_20260802_070907_123813_B1024.csv,preview\session_20260802_070352_FE_F1750_V3p9_R05_20260802_070907_123813_preview.svg,2026-08-02T07:09:07.233013,MEPI-FROZEN-PROTOCOL v1.1,primary-B-reprocess-v2-temperature-channel-swap,session_20260802_070352,session_20260802_070352_FE_F1750_V3p9_R05_20260802_070907_123813,/mnt/e/MEPI/MEPI_DATA/demo/session_20260802_070352/samples.csv,/mnt/e/MEPI/MEPI_DATA/demo/session_20260802_070352/raw/session_20260802_070352_FE_F1750_V3p9_R05_20260802_070907_123813_scope1.csv,/mnt/e/MEPI/MEPI_DATA/demo/session_20260802_070352/raw/session_20260802_070352_FE_F1750_V3p9_R05_20260802_070907_123813_scope2.csv,ac21debd97d59c37eaa1d623ff398517920054085dc29d2d072982efc3f70560,02131b1366b6a7d9755854b873d597ef5d14f33a31442b1b9cb0f3cb8f7607e7,9.762197255462395,WARNING,,TEMPERATURE_CALIBRATION_PENDING;VIN_REFERENCE_DRIFT;VIN_SCOPE1_SCOPE2_MISMATCH,LEGACY_DATA_NOT_GROUND_TRUTH,raw Scope #2 CH1 primary Vin,28.25,26.75,28.25,28.25,SWAPPED_CORE_ROOM_CHANNELS_PHYSICALLY_VERIFIED,2026-09-23,0,REFERENCE_BASED_CALIBRATION_NOT_FOUND,3.9,3.9,3.9,0.0,EXACT_FROZEN_LABEL,NOT_GENERATED_LSP_DEFINITION_INCOMPLETE
session_20260802_070352_FE_F1500_V3p9_R01_20260802_070918_574233,session_20260802_070352,F1500_V3p9_RL49p6025_SINE,demo,FE,1,sine,49.6025,1.5152,0.1012,0.1038,1500.0,1502.4,0.16000000000000605,1.193824061067194,3.89,3.9,3.976355658833709,-0.4298984740505077,26.5,0.4931999458078593,0.34698295175324784,0.6569629073910652,4769.379528808594,1.110113339742239,2.2199398157767662,3.7933063130584976,4.603445000412975,1500.4,0.13312034078807242,3.953694761431814,28.25,1.75,0.15993759,0.1636504515425183,0.16367300734568907,0.10555543162618795,0.10803854276663147,-10.018909262146112,3.779452919739291,0.07619480711132082,5.8895697966,5.7030317504,0.3942980792109933,0.28797468620585354,0.0017301915814239507,0.10459320142371581,73.03476770216653,,1,1.206050904136189,1.3775918088767072,2.26877561749573,0.042163109646435125,0.29447848983,0.28515158752,1,,VIN_SCOPE1_SCOPE2_MISMATCH;VIN_REFERENCE_DRIFT,raw\session_20260802_070352_FE_F1500_V3p9_R01_20260802_070918_574233_scope1.csv,raw\session_20260802_070352_FE_F1500_V3p9_R01_20260802_070918_574233_scope2.csv,processed\session_20260802_070352_FE_F1500_V3p9_R01_20260802_070918_574233_B1024.csv,preview\session_20260802_070352_FE_F1500_V3p9_R01_20260802_070918_574233_preview.svg,2026-08-02T07:09:18.667833,MEPI-FROZEN-PROTOCOL v1.1,primary-B-reprocess-v2-temperature-channel-swap,session_20260802_070352,session_20260802_070352_FE_F1500_V3p9_R01_20260802_070918_574233,/mnt/e/MEPI/MEPI_DATA/demo/session_20260802_070352/samples.csv,/mnt/e/MEPI/MEPI_DATA/demo/session_20260802_070352/raw/session_20260802_070352_FE_F1500_V3p9_R01_20260802_070918_574233_scope1.csv,/mnt/e/MEPI/MEPI_DATA/demo/session_20260802_070352/raw/session_20260802_070352_FE_F1500_V3p9_R01_20260802_070918_574233_scope2.csv,84d238654ff2b7836f96000275e7fc9208e75faa31429ff1394de3d3b4a08537,ba00b32e4cf014518248387515642492c1dff3018ece8bd0b327967a73b45c6a,10.0189092621461,WARNING,,TEMPERATURE_CALIBRATION_PENDING;VIN_REFERENCE_DRIFT;VIN_SCOPE1_SCOPE2_MISMATCH,LEGACY_DATA_NOT_GROUND_TRUTH,raw Scope #2 CH1 primary Vin,28.25,26.5,28.25,28.25,SWAPPED_CORE_ROOM_CHANNELS_PHYSICALLY_VERIFIED,2026-09-23,0,REFERENCE_BASED_CALIBRATION_NOT_FOUND,3.9,3.9,3.9,0.0,EXACT_FROZEN_LABEL,NOT_GENERATED_LSP_DEFINITION_INCOMPLETE
session_20260802_070352_FE_F1500_V3p9_R02_20260802_070922_396240,session_20260802_070352,F1500_V3p9_RL49p6025_SINE,demo,FE,2,sine,49.6025,1.5152,0.1012,0.1038,1500.0,1502.4,0.16000000000000605,1.193824061067194,3.89,3.9,3.97496577558593,-0.5041834787580011,26.5,0.49218446445685515,0.34667954222970565,0.7054430938883629,10161.64892578125,1.1099978588773913,2.1842101693038876,3.7929900174637634,4.578045910227563,1503.8,0.093097486367859,3.9536383458833355,27.75,1.25,0.159934072,0.16477883228318377,0.1648096619448354,0.10555310982048574,0.10869852164730728,-10.998517205568769,3.7767189597283233,0.0761396897279033,5.9718607686,5.7070518876,0.3930080931507033,0.2875582097832043,0.0017292704441920948,0.1037206129233069,73.16852115636635,,1,1.1668762218041417,1.32393850971574,2.9401593736613596,0.04216569810719991,0.29859303843,0.28535259438,1,,VIN_SCOPE1_SCOPE2_MISMATCH;VIN_REFERENCE_DRIFT,raw\session_20260802_070352_FE_F1500_V3p9_R02_20260802_070922_396240_scope1.csv,raw\session_20260802_070352_FE_F1500_V3p9_R02_20260802_070922_396240_scope2.csv,processed\session_20260802_070352_FE_F1500_V3p9_R02_20260802_070922_396240_B1024.csv,preview\session_20260802_070352_FE_F1500_V3p9_R02_20260802_070922_396240_preview.svg,2026-08-02T07:09:22.489840,MEPI-FROZEN-PROTOCOL v1.1,primary-B-reprocess-v2-temperature-channel-swap,session_20260802_070352,session_20260802_070352_FE_F1500_V3p9_R02_20260802_070922_396240,/mnt/e/MEPI/MEPI_DATA/demo/session_20260802_070352/samples.csv,/mnt/e/MEPI/MEPI_DATA/demo/session_20260802_070352/raw/session_20260802_070352_FE_F1500_V3p9_R02_20260802_070922_396240_scope1.csv,/mnt/e/MEPI/MEPI_DATA/demo/session_20260802_070352/raw/session_20260802_070352_FE_F1500_V3p9_R02_20260802_070922_396240_scope2.csv,0e58200ecc7f34e7c553a77d1c787226f88e482cc401e34514e29a7e2160ddd8,0f8d5bc84c68aebebc43fbd86b82b474c7b055c42868f06652b1c7570c1a6e9b,10.998517205568781,WARNING,,TEMPERATURE_CALIBRATION_PENDING;VIN_REFERENCE_DRIFT;VIN_SCOPE1_SCOPE2_MISMATCH,LEGACY_DATA_NOT_GROUND_TRUTH,raw Scope #2 CH1 primary Vin,27.75,26.5,27.75,27.75,SWAPPED_CORE_ROOM_CHANNELS_PHYSICALLY_VERIFIED,2026-09-23,0,REFERENCE_BASED_CALIBRATION_NOT_FOUND,3.9,3.9,3.9,0.0,EXACT_FROZEN_LABEL,NOT_GENERATED_LSP_DEFINITION_INCOMPLETE
session_20260802_070352_FE_F1500_V3p9_R03_20260802_070926_202647,session_20260802_070352,F1500_V3p9_RL49p6025_SINE,demo,FE,3,sine,49.6025,1.5152,0.1012,0.1038,1500.0,1502.4,0.16000000000000605,1.193824061067194,3.89,3.9,3.9784882737636167,-0.6604300126120242,26.5,0.4922752400909687,0.3462348481122734,0.6910949750917527,11649.19365234375,1.1099534640868576,2.274762821686961,3.793325730497259,4.654092975149045,1502.2,0.013312034078810268,3.9547852973131032,28.25,1.75,0.159935907,0.16552876016102946,0.16554915016675636,0.10555432088173176,0.10902851108764519,-10.862430354830964,3.776090482723902,0.07612701945917852,5.9711774345999995,5.702107151999999,0.39322771758391584,0.2874625136579413,0.0017290960601909432,0.1040361078657836,73.10331922281038,,1,1.2055102174399388,1.208655614014256,3.3787803132148424,0.04216245014609758,0.29855887172999995,0.28510535759999994,1,,VIN_SCOPE1_SCOPE2_MISMATCH;VIN_REFERENCE_DRIFT,raw\session_20260802_070352_FE_F1500_V3p9_R03_20260802_070926_202647_scope1.csv,raw\session_20260802_070352_FE_F1500_V3p9_R03_20260802_070926_202647_scope2.csv,processed\session_20260802_070352_FE_F1500_V3p9_R03_20260802_070926_202647_B1024.csv,preview\session_20260802_070352_FE_F1500_V3p9_R03_20260802_070926_202647_preview.svg,2026-08-02T07:09:26.296247,MEPI-FROZEN-PROTOCOL v1.1,primary-B-reprocess-v2-temperature-channel-swap,session_20260802_070352,session_20260802_070352_FE_F1500_V3p9_R03_20260802_070926_202647,/mnt/e/MEPI/MEPI_DATA/demo/session_20260802_070352/samples.csv,/mnt/e/MEPI/MEPI_DATA/demo/session_20260802_070352/raw/session_20260802_070352_FE_F1500_V3p9_R03_20260802_070926_202647_scope1.csv,/mnt/e/MEPI/MEPI_DATA/demo/session_20260802_070352/raw/session_20260802_070352_FE_F1500_V3p9_R03_20260802_070926_202647_scope2.csv,bc1fdca06cb0bbc6ec5b30e4da159d0831d726c308eec79d9ad0a78db9c37b88,d658ad6c3fc9134b0a38c8b66da175b1a21fc78cee04cc7931d1d2eb0729013f,10.862430354830977,WARNING,,TEMPERATURE_CALIBRATION_PENDING;VIN_REFERENCE_DRIFT;VIN_SCOPE1_SCOPE2_MISMATCH,LEGACY_DATA_NOT_GROUND_TRUTH,raw Scope #2 CH1 primary Vin,28.25,26.5,28.25,28.25,SWAPPED_CORE_ROOM_CHANNELS_PHYSICALLY_VERIFIED,2026-09-23,0,REFERENCE_BASED_CALIBRATION_NOT_FOUND,3.9,3.9,3.9,0.0,EXACT_FROZEN_LABEL,NOT_GENERATED_LSP_DEFINITION_INCOMPLETE
session_20260802_070352_FE_F1500_V3p9_R04_20260802_070930_024653,session_20260802_070352,F1500_V3p9_RL49p6025_SINE,demo,FE,4,sine,49.6025,1.5152,0.1012,0.1038,1500.0,1501.3,0.08666666666666363,1.193824061067194,3.89,3.9,3.972163941730551,-0.4713538071766908,26.25,0.49143660017000457,0.34647975627378147,0.5325001747340169,8314.603314208984,1.1101199682405516,2.1121835920451235,3.7929308228209244,4.512228637560747,1501.3,0.0,3.954473592165745,28.0,1.75,0.15994693,0.1659825142743366,0.16601819811559507,0.10556159582893346,0.10962249208025342,-10.78591437148897,3.776987141228712,0.07614509634048107,5.900102542000001,5.718428699599999,0.39331429362652864,0.28759904974561845,0.00172953720932943,0.10398570667158076,73.12194202092944,,1,0.9999599262671989,1.3318375458351288,3.6362771709560806,0.04216974615978949,0.29500512710000004,0.28592143497999994,1,,VIN_SCOPE1_SCOPE2_MISMATCH;VIN_REFERENCE_DRIFT,raw\session_20260802_070352_FE_F1500_V3p9_R04_20260802_070930_024653_scope1.csv,raw\session_20260802_070352_FE_F1500_V3p9_R04_20260802_070930_024653_scope2.csv,processed\session_20260802_070352_FE_F1500_V3p9_R04_20260802_070930_024653_B1024.csv,preview\session_20260802_070352_FE_F1500_V3p9_R04_20260802_070930_024653_preview.svg,2026-08-02T07:09:30.118253,MEPI-FROZEN-PROTOCOL v1.1,primary-B-reprocess-v2-temperature-channel-swap,session_20260802_070352,session_20260802_070352_FE_F1500_V3p9_R04_20260802_070930_024653,/mnt/e/MEPI/MEPI_DATA/demo/session_20260802_070352/samples.csv,/mnt/e/MEPI/MEPI_DATA/demo/session_20260802_070352/raw/session_20260802_070352_FE_F1500_V3p9_R04_20260802_070930_024653_scope1.csv,/mnt/e/MEPI/MEPI_DATA/demo/session_20260802_070352/raw/session_20260802_070352_FE_F1500_V3p9_R04_20260802_070930_024653_scope2.csv,dfc60b4767ef5b5aaac4b21b21e0edfd80b21f3a147d908be3141a5b7002c911,bcae4a35f235e248374bd57ab500f302d72b243fff6e963b831e011e0a7486a6,10.785914371488982,WARNING,,TEMPERATURE_CALIBRATION_PENDING;VIN_REFERENCE_DRIFT;VIN_SCOPE1_SCOPE2_MISMATCH,LEGACY_DATA_NOT_GROUND_TRUTH,raw Scope #2 CH1 primary Vin,28.0,26.25,28.0,28.0,SWAPPED_CORE_ROOM_CHANNELS_PHYSICALLY_VERIFIED,2026-09-23,0,REFERENCE_BASED_CALIBRATION_NOT_FOUND,3.9,3.9,3.9,0.0,EXACT_FROZEN_LABEL,NOT_GENERATED_LSP_DEFINITION_INCOMPLETE
session_20260802_070352_FE_F1500_V3p9_R05_20260802_070933_846660,session_20260802_070352,F1500_V3p9_RL49p6025_SINE,demo,FE,5,sine,49.6025,1.5152,0.1012,0.1038,1500.0,1502.4,0.16000000000000605,1.193824061067194,3.89,3.9,3.9748074628749466,-0.4950610748331915,26.5,0.4924196823658349,0.3464478319250268,0.6800080421821976,4829.9124755859375,1.1099020397855097,2.1801404338036843,3.7929166246739463,4.576091795637802,1501.1,0.08652822151225917,3.9547641992203038,27.75,1.25,0.15994485,0.16724524072621277,0.16726288854765284,0.10556022307286166,0.11041446673706441,-10.401169549327689,3.778425785876873,0.07617409981103519,5.964262766,5.702308127399999,0.39380197657528115,0.287818182941974,0.0017299664457872993,0.10425382718751988,73.08703360125294,,1,1.230151966181589,1.442530899285605,4.365081298883601,0.042169355624512204,0.2982131383,0.28511540637,1,,VIN_SCOPE1_SCOPE2_MISMATCH;VIN_REFERENCE_DRIFT,raw\session_20260802_070352_FE_F1500_V3p9_R05_20260802_070933_846660_scope1.csv,raw\session_20260802_070352_FE_F1500_V3p9_R05_20260802_070933_846660_scope2.csv,processed\session_20260802_070352_FE_F1500_V3p9_R05_20260802_070933_846660_B1024.csv,preview\session_20260802_070352_FE_F1500_V3p9_R05_20260802_070933_846660_preview.svg,2026-08-02T07:09:33.924660,MEPI-FROZEN-PROTOCOL v1.1,primary-B-reprocess-v2-temperature-channel-swap,session_20260802_070352,session_20260802_070352_FE_F1500_V3p9_R05_20260802_070933_846660,/mnt/e/MEPI/MEPI_DATA/demo/session_20260802_070352/samples.csv,/mnt/e/MEPI/MEPI_DATA/demo/session_20260802_070352/raw/session_20260802_070352_FE_F1500_V3p9_R05_20260802_070933_846660_scope1.csv,/mnt/e/MEPI/MEPI_DATA/demo/session_20260802_070352/raw/session_20260802_070352_FE_F1500_V3p9_R05_20260802_070933_846660_scope2.csv,5c7a601e629db7d6e76aae7adaf6f73b3a4ec0b706a7fc7a592c789f97c6ec8e,ae40297cbc1ee9f67d9d60cfea53a275106da6435cd18a8b047f47a7132decd6,10.401169549327676,WARNING,,TEMPERATURE_CALIBRATION_PENDING;VIN_REFERENCE_DRIFT;VIN_SCOPE1_SCOPE2_MISMATCH,LEGACY_DATA_NOT_GROUND_TRUTH,raw Scope #2 CH1 primary Vin,27.75,26.5,27.75,27.75,SWAPPED_CORE_ROOM_CHANNELS_PHYSICALLY_VERIFIED,2026-09-23,0,REFERENCE_BASED_CALIBRATION_NOT_FOUND,3.9,3.9,3.9,0.0,EXACT_FROZEN_LABEL,NOT_GENERATED_LSP_DEFINITION_INCOMPLETE
session_20260802_070352_FE_F1250_V3p9_R01_20260802_070945_265880,session_20260802_070352,F1250_V3p9_RL49p6025_SINE,demo,FE,1,sine,49.6025,1.5152,0.1012,0.1038,1250.0,1251.1,0.08799999999999272,0.983894334881423,3.89,3.9,3.911392057843491,-0.499814217973078,26.25,0.5924242764891119,0.41695201763247935,0.8715769352104,12231.136627197264,1.1101346213879393,0.549924366155621,3.732447864577544,4.574949036547536,1253.3,0.17553658341977543,3.8940618054110927,27.5,1.25,0.163970058,0.1679956964966352,0.16800080349097757,0.108216775343189,0.11213041182682153,-14.446766738615395,3.71660256910329,0.07492772681020694,5.912122602200001,5.72120262,0.39114166725163907,0.27847658195988456,0.0017678903397519295,0.11089719495200258,71.19583651534829,,1,1.7118759657914038,1.6882098317755072,2.396274774048056,0.043930970759469334,0.29560613011000003,0.286060131,1,,VIN_SCOPE1_SCOPE2_MISMATCH,raw\session_20260802_070352_FE_F1250_V3p9_R01_20260802_070945_265880_scope1.csv,raw\session_20260802_070352_FE_F1250_V3p9_R01_20260802_070945_265880_scope2.csv,processed\session_20260802_070352_FE_F1250_V3p9_R01_20260802_070945_265880_B1024.csv,preview\session_20260802_070352_FE_F1250_V3p9_R01_20260802_070945_265880_preview.svg,2026-08-02T07:09:45.359480,MEPI-FROZEN-PROTOCOL v1.1,primary-B-reprocess-v2-temperature-channel-swap,session_20260802_070352,session_20260802_070352_FE_F1250_V3p9_R01_20260802_070945_265880,/mnt/e/MEPI/MEPI_DATA/demo/session_20260802_070352/samples.csv,/mnt/e/MEPI/MEPI_DATA/demo/session_20260802_070352/raw/session_20260802_070352_FE_F1250_V3p9_R01_20260802_070945_265880_scope1.csv,/mnt/e/MEPI/MEPI_DATA/demo/session_20260802_070352/raw/session_20260802_070352_FE_F1250_V3p9_R01_20260802_070945_265880_scope2.csv,726508230d2fb227765bb316219267ae093abbeae097d02a105c178e7611f2a3,d75af9fe8fa07d30093e5de9b2e2d062020ae63f825816da26a14bb0f3d76d5e,14.446766738615382,WARNING,,TEMPERATURE_CALIBRATION_PENDING;VIN_SCOPE1_SCOPE2_MISMATCH,LEGACY_DATA_NOT_GROUND_TRUTH,raw Scope #2 CH1 primary Vin,27.5,26.25,27.5,27.5,SWAPPED_CORE_ROOM_CHANNELS_PHYSICALLY_VERIFIED,2026-09-23,0,REFERENCE_BASED_CALIBRATION_NOT_FOUND,3.9,3.9,3.9,0.0,EXACT_FROZEN_LABEL,NOT_GENERATED_LSP_DEFINITION_INCOMPLETE
session_20260802_070352_FE_F1250_V3p9_R02_20260802_070949_103487,session_20260802_070352,F1250_V3p9_RL49p6025_SINE,demo,FE,2,sine,49.6025,1.5152,0.1012,0.1038,1250.0,1254.5,0.36,0.983894334881423,3.89,3.9,3.915146429129011,-0.552349977143563,26.75,0.59370005867396,0.4181422046269566,0.5772608848565421,10424.432525634766,1.1102321672881372,0.6464377668128474,3.732396884780523,4.667757583441065,1254.1,0.03188521323237074,3.8939359980530117,28.0,1.25,0.163973255,0.16784280938693538,0.1678433953563618,0.10821888529567054,0.11239440337909187,-13.887253284078573,3.717252171427742,0.07494082297117569,5.904605076600001,5.712237796799999,0.3921093308884617,0.27857393691818483,0.0017681402831858932,0.111767253687091,71.04496500682029,,1,1.0804339176075541,1.532595253184613,2.3054633088360172,0.04393242735482616,0.29523025383000007,0.28561188983999997,1,,VIN_SCOPE1_SCOPE2_MISMATCH,raw\session_20260802_070352_FE_F1250_V3p9_R02_20260802_070949_103487_scope1.csv,raw\session_20260802_070352_FE_F1250_V3p9_R02_20260802_070949_103487_scope2.csv,processed\session_20260802_070352_FE_F1250_V3p9_R02_20260802_070949_103487_B1024.csv,preview\session_20260802_070352_FE_F1250_V3p9_R02_20260802_070949_103487_preview.svg,2026-08-02T07:09:49.197087,MEPI-FROZEN-PROTOCOL v1.1,primary-B-reprocess-v2-temperature-channel-swap,session_20260802_070352,session_20260802_070352_FE_F1250_V3p9_R02_20260802_070949_103487,/mnt/e/MEPI/MEPI_DATA/demo/session_20260802_070352/samples.csv,/mnt/e/MEPI/MEPI_DATA/demo/session_20260802_070352/raw/session_20260802_070352_FE_F1250_V3p9_R02_20260802_070949_103487_scope1.csv,/mnt/e/MEPI/MEPI_DATA/demo/session_20260802_070352/raw/session_20260802_070352_FE_F1250_V3p9_R02_20260802_070949_103487_scope2.csv,db885676c6a322582786ab69fd5c2b84137fcc6529b1a74e830c90d2247447dc,a577dd632bd9f8ee0825e9dca8647f25335422caab92f1eb2d298a36bb788578,13.887253284078598,WARNING,,TEMPERATURE_CALIBRATION_PENDING;VIN_SCOPE1_SCOPE2_MISMATCH,LEGACY_DATA_NOT_GROUND_TRUTH,raw Scope #2 CH1 primary Vin,28.0,26.75,28.0,28.0,SWAPPED_CORE_ROOM_CHANNELS_PHYSICALLY_VERIFIED,2026-09-23,0,REFERENCE_BASED_CALIBRATION_NOT_FOUND,3.9,3.9,3.9,0.0,EXACT_FROZEN_LABEL,NOT_GENERATED_LSP_DEFINITION_INCOMPLETE
session_20260802_070352_FE_F1250_V3p9_R03_20260802_070952_894293,session_20260802_070352,F1250_V3p9_RL49p6025_SINE,demo,FE,3,sine,49.6025,1.5152,0.1012,0.1038,1250.0,1252.7,0.21600000000000363,0.983894334881423,3.89,3.9,3.913992434614002,-0.641618153317312,26.75,0.5937040405411125,0.4173195266574814,0.7257847415383263,12890.637768554689,1.1103937229802112,0.6167720980466641,3.7330879864040565,4.621992792068517,1253.9,0.09570141159582465,3.8944998280349914,28.25,1.5,0.163967508,0.16622962876573869,0.16623143935672258,0.1082150923970433,0.11127243928194297,-13.814592696886296,3.715042676457595,0.07489627894677879,5.901549709400001,5.710308119999999,0.39229083472252474,0.2782428725951557,0.0017673644096047128,0.11228059771776434,70.92770158445391,,1,1.3101304176372908,1.477415834691203,1.3608408937293586,0.04392275472669588,0.29507748547000007,0.2855154059999999,1,,VIN_SCOPE1_SCOPE2_MISMATCH,raw\session_20260802_070352_FE_F1250_V3p9_R03_20260802_070952_894293_scope1.csv,raw\session_20260802_070352_FE_F1250_V3p9_R03_20260802_070952_894293_scope2.csv,processed\session_20260802_070352_FE_F1250_V3p9_R03_20260802_070952_894293_B1024.csv,preview\session_20260802_070352_FE_F1250_V3p9_R03_20260802_070952_894293_preview.svg,2026-08-02T07:09:52.987894,MEPI-FROZEN-PROTOCOL v1.1,primary-B-reprocess-v2-temperature-channel-swap,session_20260802_070352,session_20260802_070352_FE_F1250_V3p9_R03_20260802_070952_894293,/mnt/e/MEPI/MEPI_DATA/demo/session_20260802_070352/samples.csv,/mnt/e/MEPI/MEPI_DATA/demo/session_20260802_070352/raw/session_20260802_070352_FE_F1250_V3p9_R03_20260802_070952_894293_scope1.csv,/mnt/e/MEPI/MEPI_DATA/demo/session_20260802_070352/raw/session_20260802_070352_FE_F1250_V3p9_R03_20260802_070952_894293_scope2.csv,b0b1579cb503c71e39f980646fd1c2a3100ad53dda84c6958bed3347f491c10a,be7e39e778415ea62f9663f93d97bbb8840280dc64bf367e1fc0b086edc613da,13.814592696886242,WARNING,,TEMPERATURE_CALIBRATION_PENDING;VIN_SCOPE1_SCOPE2_MISMATCH,LEGACY_DATA_NOT_GROUND_TRUTH,raw Scope #2 CH1 primary Vin,28.25,26.75,28.25,28.25,SWAPPED_CORE_ROOM_CHANNELS_PHYSICALLY_VERIFIED,2026-09-23,0,REFERENCE_BASED_CALIBRATION_NOT_FOUND,3.9,3.9,3.9,0.0,EXACT_FROZEN_LABEL,NOT_GENERATED_LSP_DEFINITION_INCOMPLETE
session_20260802_070352_FE_F1250_V3p9_R04_20260802_070956_731900,session_20260802_070352,F1250_V3p9_RL49p6025_SINE,demo,FE,4,sine,49.6025,1.5152,0.1012,0.1038,1250.0,1253.6,0.2879999999999927,0.983894334881423,3.89,3.9,3.911432771919866,-0.5669220116664347,26.25,0.5945075172687098,0.4184802983726614,0.5485563776588316,8152.684765624999,1.1105539169255725,0.55097100050999,3.7334576177692864,4.550126885171972,1251.7,0.1515634971282597,3.8945411502802476,28.5,2.25,0.163975282,0.16621250341959967,0.1662120777832197,0.10822022307286167,0.11087645195353749,-13.913483354251943,3.716788321415556,0.07493147162775175,5.954855805199999,5.715293044199999,0.39218117977053385,0.2785044186525088,0.0017680241089155207,0.11190873700910953,71.01422327697173,,1,1.1566844090304256,1.2765890080740971,1.346000675985162,0.04392048840184076,0.29774279025999995,0.28576465220999997,1,,VIN_SCOPE1_SCOPE2_MISMATCH,raw\session_20260802_070352_FE_F1250_V3p9_R04_20260802_070956_731900_scope1.csv,raw\session_20260802_070352_FE_F1250_V3p9_R04_20260802_070956_731900_scope2.csv,processed\session_20260802_070352_FE_F1250_V3p9_R04_20260802_070956_731900_B1024.csv,preview\session_20260802_070352_FE_F1250_V3p9_R04_20260802_070956_731900_preview.svg,2026-08-02T07:09:56.825500,MEPI-FROZEN-PROTOCOL v1.1,primary-B-reprocess-v2-temperature-channel-swap,session_20260802_070352,session_20260802_070352_FE_F1250_V3p9_R04_20260802_070956_731900,/mnt/e/MEPI/MEPI_DATA/demo/session_20260802_070352/samples.csv,/mnt/e/MEPI/MEPI_DATA/demo/session_20260802_070352/raw/session_20260802_070352_FE_F1250_V3p9_R04_20260802_070956_731900_scope1.csv,/mnt/e/MEPI/MEPI_DATA/demo/session_20260802_070352/raw/session_20260802_070352_FE_F1250_V3p9_R04_20260802_070956_731900_scope2.csv,b0e9c969cbfe1ee796329a25c454587bf9c33821f69244bc4ec68abbd3277e8a,c970d47603d3c6329f4c8bc40a6f91ecb561568a50fd5d9f1db5b175c083de76,13.913483354251916,WARNING,,TEMPERATURE_CALIBRATION_PENDING;VIN_SCOPE1_SCOPE2_MISMATCH,LEGACY_DATA_NOT_GROUND_TRUTH,raw Scope #2 CH1 primary Vin,28.5,26.25,28.5,28.5,SWAPPED_CORE_ROOM_CHANNELS_PHYSICALLY_VERIFIED,2026-09-23,0,REFERENCE_BASED_CALIBRATION_NOT_FOUND,3.9,3.9,3.9,0.0,EXACT_FROZEN_LABEL,NOT_GENERATED_LSP_DEFINITION_INCOMPLETE
session_20260802_070352_FE_F1250_V3p9_R05_20260802_071000_553907,session_20260802_070352,F1250_V3p9_RL49p6025_SINE,demo,FE,5,sine,49.6025,1.5152,0.1012,0.1038,1250.0,1253.4,0.2720000000000073,0.983894334881423,3.89,3.9,3.912368748470658,-0.66377969329557,26.25,0.5929444455513817,0.4173611831096434,0.7444734076884343,12767.55897216797,1.110168675415874,0.5750320943613555,3.732859848627134,4.58824081737399,1253.9,0.03987558816492543,3.8938948189038984,28.25,2.0,0.163982221,0.16738009231771794,0.16737268503597266,0.10822480266631468,0.11166842661034845,-14.010436137094908,3.713031457708417,0.07485573222535995,5.909469289200001,5.715815735399999,0.39197004158171583,0.2779416885425592,0.00176694683186893,0.11226140620728772,70.90891115580715,,1,1.3161879273152812,1.5800945734199747,2.0300331244101315,0.0439293805954994,0.29547346446000006,0.2857907867699999,1,,VIN_SCOPE1_SCOPE2_MISMATCH,raw\session_20260802_070352_FE_F1250_V3p9_R05_20260802_071000_553907_scope1.csv,raw\session_20260802_070352_FE_F1250_V3p9_R05_20260802_071000_553907_scope2.csv,processed\session_20260802_070352_FE_F1250_V3p9_R05_20260802_071000_553907_B1024.csv,preview\session_20260802_070352_FE_F1250_V3p9_R05_20260802_071000_553907_preview.svg,2026-08-02T07:10:00.663107,MEPI-FROZEN-PROTOCOL v1.1,primary-B-reprocess-v2-temperature-channel-swap,session_20260802_070352,session_20260802_070352_FE_F1250_V3p9_R05_20260802_071000_553907,/mnt/e/MEPI/MEPI_DATA/demo/session_20260802_070352/samples.csv,/mnt/e/MEPI/MEPI_DATA/demo/session_20260802_070352/raw/session_20260802_070352_FE_F1250_V3p9_R05_20260802_071000_553907_scope1.csv,/mnt/e/MEPI/MEPI_DATA/demo/session_20260802_070352/raw/session_20260802_070352_FE_F1250_V3p9_R05_20260802_071000_553907_scope2.csv,9c0dab4c4ff5564aa726b783129c4b2f223b7bbefd6d7469081a5ff55564bf2a,3b4f1a36a78efbdbfd5abc46f58ab080997d81f1e4d26084b0d319acecb34c33,14.010436137094896,WARNING,,TEMPERATURE_CALIBRATION_PENDING;VIN_SCOPE1_SCOPE2_MISMATCH,LEGACY_DATA_NOT_GROUND_TRUTH,raw Scope #2 CH1 primary Vin,28.25,26.25,28.25,28.25,SWAPPED_CORE_ROOM_CHANNELS_PHYSICALLY_VERIFIED,2026-09-23,0,REFERENCE_BASED_CALIBRATION_NOT_FOUND,3.9,3.9,3.9,0.0,EXACT_FROZEN_LABEL,NOT_GENERATED_LSP_DEFINITION_INCOMPLETE
session_20260802_070352_FE_F1000_V3p9_R01_20260802_071011_988727,session_20260802_070352,F1000_V3p9_RL49p6025_SINE,demo,FE,1,sine,49.6025,1.5152,0.1012,0.1038,1000.0,1002.8,0.2799999999999955,0.7727533530632412,3.89,3.9,3.9312596546660203,-0.8836985466686372,26.5,0.7151030914633907,0.5015474663825612,1.5423472439452632,4682.783435058594,1.1087242583358143,1.0606595029826733,3.750217705223079,4.605189311982281,1003.4,0.05979669124975311,3.91613361491848,28.25,1.75,0.175989453,0.1814207479039775,0.18140405499984527,0.11614932220168953,0.12038014783526926,-21.667271505023102,3.734820048492547,0.07529499618955793,5.899901524399995,5.539660311400007,0.4048083709172102,0.28121326131993085,0.001953732426481742,0.12164137717079763,69.46824263608013,,1,1.5790456414837102,1.793480006423741,2.9937562085523903,0.04692779641962988,0.29499507621999976,0.2769830155700003,1,,VIN_SCOPE1_SCOPE2_MISMATCH,raw\session_20260802_070352_FE_F1000_V3p9_R01_20260802_071011_988727_scope1.csv,raw\session_20260802_070352_FE_F1000_V3p9_R01_20260802_071011_988727_scope2.csv,processed\session_20260802_070352_FE_F1000_V3p9_R01_20260802_071011_988727_B1024.csv,preview\session_20260802_070352_FE_F1000_V3p9_R01_20260802_071011_988727_preview.svg,2026-08-02T07:10:12.097927,MEPI-FROZEN-PROTOCOL v1.1,primary-B-reprocess-v2-temperature-channel-swap,session_20260802_070352,session_20260802_070352_FE_F1000_V3p9_R01_20260802_071011_988727,/mnt/e/MEPI/MEPI_DATA/demo/session_20260802_070352/samples.csv,/mnt/e/MEPI/MEPI_DATA/demo/session_20260802_070352/raw/session_20260802_070352_FE_F1000_V3p9_R01_20260802_071011_988727_scope1.csv,/mnt/e/MEPI/MEPI_DATA/demo/session_20260802_070352/raw/session_20260802_070352_FE_F1000_V3p9_R01_20260802_071011_988727_scope2.csv,1f89e9c95a75b78bdc11f8e05e6fb9c4d516306a6c827dc715ebc8618cc9d29e,8fad5a2e3c54b547c9093cce497afddbc3e280c22c7612095f4f66af7f1227b3,21.667271505023077,WARNING,,TEMPERATURE_CALIBRATION_PENDING;VIN_SCOPE1_SCOPE2_MISMATCH,LEGACY_DATA_NOT_GROUND_TRUTH,raw Scope #2 CH1 primary Vin,28.25,26.5,28.25,28.25,SWAPPED_CORE_ROOM_CHANNELS_PHYSICALLY_VERIFIED,2026-09-23,0,REFERENCE_BASED_CALIBRATION_NOT_FOUND,3.9,3.9,3.9,0.0,EXACT_FROZEN_LABEL,NOT_GENERATED_LSP_DEFINITION_INCOMPLETE
session_20260802_070352_FE_F1000_V3p9_R02_20260802_071015_795134,session_20260802_070352,F1000_V3p9_RL49p6025_SINE,demo,FE,2,sine,49.6025,1.5152,0.1012,0.1038,1000.0,1003.8,0.37999999999999545,0.7727533530632412,3.89,3.9,3.936541396187271,-1.0837634561037832,26.25,0.7154085553936511,0.5017397523868536,1.3515898656019916,4878.6983642578125,1.10922410691656,1.1964369199813378,3.7505888361016355,4.723754721993909,1004.5,0.0696864111498303,3.916280689539766,28.0,1.75,0.176007503,0.1804789136802331,0.1804588175706535,0.11616123482048574,0.11939017951425554,-22.52343114747357,3.735589150002556,0.07531050148687175,5.900544703999996,5.550192908800007,0.4024411798555696,0.2813290922356095,0.0019542548821024136,0.11915783273785771,69.9056424435925,,1,1.2567427004672953,1.7244991041506794,2.4775252626771715,0.046927965365284464,0.2950272351999998,0.27750964544000034,1,,VIN_SCOPE1_SCOPE2_MISMATCH,raw\session_20260802_070352_FE_F1000_V3p9_R02_20260802_071015_795134_scope1.csv,raw\session_20260802_070352_FE_F1000_V3p9_R02_20260802_071015_795134_scope2.csv,processed\session_20260802_070352_FE_F1000_V3p9_R02_20260802_071015_795134_B1024.csv,preview\session_20260802_070352_FE_F1000_V3p9_R02_20260802_071015_795134_preview.svg,2026-08-02T07:10:15.888734,MEPI-FROZEN-PROTOCOL v1.1,primary-B-reprocess-v2-temperature-channel-swap,session_20260802_070352,session_20260802_070352_FE_F1000_V3p9_R02_20260802_071015_795134,/mnt/e/MEPI/MEPI_DATA/demo/session_20260802_070352/samples.csv,/mnt/e/MEPI/MEPI_DATA/demo/session_20260802_070352/raw/session_20260802_070352_FE_F1000_V3p9_R02_20260802_071015_795134_scope1.csv,/mnt/e/MEPI/MEPI_DATA/demo/session_20260802_070352/raw/session_20260802_070352_FE_F1000_V3p9_R02_20260802_071015_795134_scope2.csv,3d65f77a55526e1ad7b65e886f4a470353fb41d9b831884777de9c85732cb224,1aa94b33850e976115d355e465e2e8fb829849470f2872a9799397ac6fa734d1,22.523431147473595,WARNING,,TEMPERATURE_CALIBRATION_PENDING;VIN_SCOPE1_SCOPE2_MISMATCH,LEGACY_DATA_NOT_GROUND_TRUTH,raw Scope #2 CH1 primary Vin,28.0,26.25,28.0,28.0,SWAPPED_CORE_ROOM_CHANNELS_PHYSICALLY_VERIFIED,2026-09-23,0,REFERENCE_BASED_CALIBRATION_NOT_FOUND,3.9,3.9,3.9,0.0,EXACT_FROZEN_LABEL,NOT_GENERATED_LSP_DEFINITION_INCOMPLETE
session_20260802_070352_FE_F1000_V3p9_R03_20260802_071019_617140,session_20260802_070352,F1000_V3p9_RL49p6025_SINE,demo,FE,3,sine,49.6025,1.5152,0.1012,0.1038,1000.0,1004.8,0.47999999999999543,0.7727533530632412,3.89,3.9,3.935002461047991,-0.9850576198785417,26.0,0.7144915396968372,0.5006637289235197,1.4799087007812166,4660.6001953125,1.1091103440882835,1.1568756053470661,3.7504763454376446,4.689351974667333,1003.0,0.17914012738853052,3.915854457186122,28.0,2.0,0.175998773,0.18182954297880993,0.18181130258631611,0.11615547320485743,0.12031414994720167,-21.548963106392723,3.7317894648464796,0.0752338987923286,5.9580719096000045,5.541630054400007,0.40518898853032553,0.28075707091253815,0.0019529223912448813,0.1224789952265425,69.29040000096781,,1,1.4418036648160566,1.6218872472234342,3.206723111815467,0.04692704520429736,0.2979035954800002,0.2770815027200003,1,,VIN_SCOPE1_SCOPE2_MISMATCH,raw\session_20260802_070352_FE_F1000_V3p9_R03_20260802_071019_617140_scope1.csv,raw\session_20260802_070352_FE_F1000_V3p9_R03_20260802_071019_617140_scope2.csv,processed\session_20260802_070352_FE_F1000_V3p9_R03_20260802_071019_617140_B1024.csv,preview\session_20260802_070352_FE_F1000_V3p9_R03_20260802_071019_617140_preview.svg,2026-08-02T07:10:19.710741,MEPI-FROZEN-PROTOCOL v1.1,primary-B-reprocess-v2-temperature-channel-swap,session_20260802_070352,session_20260802_070352_FE_F1000_V3p9_R03_20260802_071019_617140,/mnt/e/MEPI/MEPI_DATA/demo/session_20260802_070352/samples.csv,/mnt/e/MEPI/MEPI_DATA/demo/session_20260802_070352/raw/session_20260802_070352_FE_F1000_V3p9_R03_20260802_071019_617140_scope1.csv,/mnt/e/MEPI/MEPI_DATA/demo/session_20260802_070352/raw/session_20260802_070352_FE_F1000_V3p9_R03_20260802_071019_617140_scope2.csv,df0d0649b1146e5027f3890a04d2e322b2c0d9c486d8b8b26d1cca4ba022cdbc,4f25a7e554d1aebf8666a42ada06c8ed0fb576408df264b04054af99c2689010,21.548963106392687,WARNING,,TEMPERATURE_CALIBRATION_PENDING;VIN_SCOPE1_SCOPE2_MISMATCH,LEGACY_DATA_NOT_GROUND_TRUTH,raw Scope #2 CH1 primary Vin,28.0,26.0,28.0,28.0,SWAPPED_CORE_ROOM_CHANNELS_PHYSICALLY_VERIFIED,2026-09-23,0,REFERENCE_BASED_CALIBRATION_NOT_FOUND,3.9,3.9,3.9,0.0,EXACT_FROZEN_LABEL,NOT_GENERATED_LSP_DEFINITION_INCOMPLETE
session_20260802_070352_FE_F1000_V3p9_R04_20260802_071023_439147,session_20260802_070352,F1000_V3p9_RL49p6025_SINE,demo,FE,4,sine,49.6025,1.5152,0.1012,0.1038,1000.0,1003.8,0.37999999999999545,0.7727533530632412,3.89,3.9,3.937938053402631,-1.0115695725980671,26.75,0.7143197597815742,0.5009447820218065,1.391107294831916,4646.465460205078,1.1089860020453988,1.2323407044382264,3.750746809390989,4.753534501384852,1002.5,0.12950787009363962,3.9163825752454002,28.0,1.25,0.176007356,0.18023431952376412,0.1802180435015117,0.11616113780359028,0.11958817317845828,-22.204034219927408,3.73202845185261,0.07523871683589758,5.895559738799995,5.5408260896000066,0.403381904606216,0.28079303191245175,0.0019531308217589235,0.1206357418720053,69.60972435949097,,1,1.4655118486911283,1.7266424034868397,2.3452600675238133,0.046925949669361554,0.29477798693999974,0.2770413044800003,1,,VIN_SCOPE1_SCOPE2_MISMATCH,raw\session_20260802_070352_FE_F1000_V3p9_R04_20260802_071023_439147_scope1.csv,raw\session_20260802_070352_FE_F1000_V3p9_R04_20260802_071023_439147_scope2.csv,processed\session_20260802_070352_FE_F1000_V3p9_R04_20260802_071023_439147_B1024.csv,preview\session_20260802_070352_FE_F1000_V3p9_R04_20260802_071023_439147_preview.svg,2026-08-02T07:10:23.532747,MEPI-FROZEN-PROTOCOL v1.1,primary-B-reprocess-v2-temperature-channel-swap,session_20260802_070352,session_20260802_070352_FE_F1000_V3p9_R04_20260802_071023_439147,/mnt/e/MEPI/MEPI_DATA/demo/session_20260802_070352/samples.csv,/mnt/e/MEPI/MEPI_DATA/demo/session_20260802_070352/raw/session_20260802_070352_FE_F1000_V3p9_R04_20260802_071023_439147_scope1.csv,/mnt/e/MEPI/MEPI_DATA/demo/session_20260802_070352/raw/session_20260802_070352_FE_F1000_V3p9_R04_20260802_071023_439147_scope2.csv,8a6a5e0030ed2d3fa620d46137423c0e9ea2640ed336f296129f81b7694769ff,a1297a471f4d2969251cb1b0623e63af9a67757cfaae70da4a2dace8a3ebb225,22.204034219927433,WARNING,,TEMPERATURE_CALIBRATION_PENDING;VIN_SCOPE1_SCOPE2_MISMATCH,LEGACY_DATA_NOT_GROUND_TRUTH,raw Scope #2 CH1 primary Vin,28.0,26.75,28.0,28.0,SWAPPED_CORE_ROOM_CHANNELS_PHYSICALLY_VERIFIED,2026-09-23,0,REFERENCE_BASED_CALIBRATION_NOT_FOUND,3.9,3.9,3.9,0.0,EXACT_FROZEN_LABEL,NOT_GENERATED_LSP_DEFINITION_INCOMPLETE
session_20260802_070352_FE_F1000_V3p9_R05_20260802_071027_245554,session_20260802_070352,F1000_V3p9_RL49p6025_SINE,demo,FE,5,sine,49.6025,1.5152,0.1012,0.1038,1000.0,1005.0,0.5,0.7727533530632412,3.89,3.9,3.9359354472542787,-1.0556336877641057,26.0,0.7144512595523338,0.501318964720957,1.4755884587387382,6252.1746826171875,1.1088614826423973,1.180859826587955,3.7505011413831877,4.711314714280733,1002.4,0.2587064676616938,3.916309348985088,28.0,2.0,0.176013203,0.18031118062314885,0.18029259241711032,0.11616499670010559,0.11958817317845828,-22.0984509475133,3.735279251514579,0.07530425384838625,5.953971392400004,5.534233144000007,0.4036716018937968,0.2812824169506641,0.001954245654810893,0.12043493928832183,69.68100199049115,,1,1.3912852896163583,1.748581215301844,2.383644546220147,0.046930582438134145,0.2976985696200002,0.27671165720000035,1,,VIN_SCOPE1_SCOPE2_MISMATCH,raw\session_20260802_070352_FE_F1000_V3p9_R05_20260802_071027_245554_scope1.csv,raw\session_20260802_070352_FE_F1000_V3p9_R05_20260802_071027_245554_scope2.csv,processed\session_20260802_070352_FE_F1000_V3p9_R05_20260802_071027_245554_B1024.csv,preview\session_20260802_070352_FE_F1000_V3p9_R05_20260802_071027_245554_preview.svg,2026-08-02T07:10:27.339154,MEPI-FROZEN-PROTOCOL v1.1,primary-B-reprocess-v2-temperature-channel-swap,session_20260802_070352,session_20260802_070352_FE_F1000_V3p9_R05_20260802_071027_245554,/mnt/e/MEPI/MEPI_DATA/demo/session_20260802_070352/samples.csv,/mnt/e/MEPI/MEPI_DATA/demo/session_20260802_070352/raw/session_20260802_070352_FE_F1000_V3p9_R05_20260802_071027_245554_scope1.csv,/mnt/e/MEPI/MEPI_DATA/demo/session_20260802_070352/raw/session_20260802_070352_FE_F1000_V3p9_R05_20260802_071027_245554_scope2.csv,e8be30e066fe9d4b279054aee1fd4dfb46fe569a29a35b999ce461b7ab8501d9,64344d8df63b835d8cc4d86cdff3668cee9cabe8100c1d856188a41128addae7,22.098450947513296,WARNING,,TEMPERATURE_CALIBRATION_PENDING;VIN_SCOPE1_SCOPE2_MISMATCH,LEGACY_DATA_NOT_GROUND_TRUTH,raw Scope #2 CH1 primary Vin,28.0,26.0,28.0,28.0,SWAPPED_CORE_ROOM_CHANNELS_PHYSICALLY_VERIFIED,2026-09-23,0,REFERENCE_BASED_CALIBRATION_NOT_FOUND,3.9,3.9,3.9,0.0,EXACT_FROZEN_LABEL,NOT_GENERATED_LSP_DEFINITION_INCOMPLETE
session_20260802_075729_COMMERCIAL_F4500_V3p9_R01_20260802_075737_043724,session_20260802_075729,F4500_V3p9_RL49p6025_SINE,demo,COMMERCIAL,1,sine,49.6025,1.5152,0.1012,0.1038,4500.0,4490.0,0.2222222222222222,3.71030326284585,3.89,3.9,4.083015561565281,-1.82742350503715,25.5,0.16899734985394588,0.11878626960235197,0.6388355844160158,9016.927947998047,1.110357270274396,4.961839628927461,3.890055192554825,4.725927836936495,4490.0,0.0,4.061976156962317,28.25,2.75,0.195489204,0.20014280709071935,0.20015397169318108,0.1290187460401267,0.132259767687434,-30.853937881822127,3.8354437387548725,0.07732359737422252,6.1138058898,5.733785534200001,0.43086130057915145,0.2965703074069645,0.0023051725253628633,0.1319858206468241,68.83196680888331,,1,1.0692732187861052,1.3031383002077177,2.3251413120282667,0.05025358107364316,0.30569029449,0.28668927671000005,1,,VIN_SCOPE1_SCOPE2_MISMATCH;VIN_REFERENCE_DRIFT,raw\session_20260802_075729_COMMERCIAL_F4500_V3p9_R01_20260802_075737_043724_scope1.csv,raw\session_20260802_075729_COMMERCIAL_F4500_V3p9_R01_20260802_075737_043724_scope2.csv,processed\session_20260802_075729_COMMERCIAL_F4500_V3p9_R01_20260802_075737_043724_B1024.csv,preview\session_20260802_075729_COMMERCIAL_F4500_V3p9_R01_20260802_075737_043724_preview.svg,2026-08-02T07:57:37.137324,MEPI-FROZEN-PROTOCOL v1.1,primary-B-reprocess-v2-temperature-channel-swap,session_20260802_075729,session_20260802_075729_COMMERCIAL_F4500_V3p9_R01_20260802_075737_043724,/mnt/e/MEPI/MEPI_DATA/demo/session_20260802_075729/samples.csv,/mnt/e/MEPI/MEPI_DATA/demo/session_20260802_075729/raw/session_20260802_075729_COMMERCIAL_F4500_V3p9_R01_20260802_075737_043724_scope1.csv,/mnt/e/MEPI/MEPI_DATA/demo/session_20260802_075729/raw/session_20260802_075729_COMMERCIAL_F4500_V3p9_R01_20260802_075737_043724_scope2.csv,d91405fb1ec91a8f15665276e7a5ae13aab14072301f405e38e957772804b14a,3c54f67b08f04f62de514682b12b3fe69679dba376d5948f14cd9bfaf8a62774,30.853937881822155,WARNING,,TEMPERATURE_CALIBRATION_PENDING;VIN_REFERENCE_DRIFT;VIN_SCOPE1_SCOPE2_MISMATCH,LEGACY_DATA_NOT_GROUND_TRUTH,raw Scope #2 CH1 primary Vin,28.25,25.5,28.25,28.25,SWAPPED_CORE_ROOM_CHANNELS_PHYSICALLY_VERIFIED,2026-09-23,0,REFERENCE_BASED_CALIBRATION_NOT_FOUND,3.9,3.9,3.9,0.0,EXACT_FROZEN_LABEL,NOT_GENERATED_LSP_DEFINITION_INCOMPLETE
session_20260802_075729_COMMERCIAL_F4500_V3p9_R02_20260802_075740_865731,session_20260802_075729,F4500_V3p9_RL49p6025_SINE,demo,COMMERCIAL,2,sine,49.6025,1.5152,0.1012,0.1038,4500.0,4488.0,0.26666666666666666,3.71030326284585,3.89,3.9,4.080683712586378,-1.7507259261859807,25.75,0.16895378995931765,0.11904937887258935,0.7650337975898798,4881.858192443848,1.110057859283238,4.901894925099254,3.87676655021004,4.997132263580467,4494.0,0.13351134846461948,4.0496195023872446,28.25,2.5,0.195340352,0.20012334142014698,0.20012909364861142,0.12892050686378034,0.13245776135163673,-31.06748948358598,3.831939089646377,0.0772529426872915,6.138167467199999,5.743313207400001,0.42810417352363667,0.2960285708736436,0.0023014744860786296,0.12977412816391445,69.14872341399847,,1,1.616108840818914,1.7076102107534423,2.390020767295399,0.05038744259424568,0.30690837335999993,0.28716566037,1,,VIN_SCOPE1_SCOPE2_MISMATCH;VIN_REFERENCE_DRIFT,raw\session_20260802_075729_COMMERCIAL_F4500_V3p9_R02_20260802_075740_865731_scope1.csv,raw\session_20260802_075729_COMMERCIAL_F4500_V3p9_R02_20260802_075740_865731_scope2.csv,processed\session_20260802_075729_COMMERCIAL_F4500_V3p9_R02_20260802_075740_865731_B1024.csv,preview\session_20260802_075729_COMMERCIAL_F4500_V3p9_R02_20260802_075740_865731_preview.svg,2026-08-02T07:57:40.959331,MEPI-FROZEN-PROTOCOL v1.1,primary-B-reprocess-v2-temperature-channel-swap,session_20260802_075729,session_20260802_075729_COMMERCIAL_F4500_V3p9_R02_20260802_075740_865731,/mnt/e/MEPI/MEPI_DATA/demo/session_20260802_075729/samples.csv,/mnt/e/MEPI/MEPI_DATA/demo/session_20260802_075729/raw/session_20260802_075729_COMMERCIAL_F4500_V3p9_R02_20260802_075740_865731_scope1.csv,/mnt/e/MEPI/MEPI_DATA/demo/session_20260802_075729/raw/session_20260802_075729_COMMERCIAL_F4500_V3p9_R02_20260802_075740_865731_scope2.csv,c607be179d8406eb606e72976b542d779c1d1ff515e356f1f893e565e5210152,4e8c71182879ecb6c229379318ce5dc096c79b5384d86d038f26a375359c1522,31.067489483585955,WARNING,,TEMPERATURE_CALIBRATION_PENDING;VIN_REFERENCE_DRIFT;VIN_SCOPE1_SCOPE2_MISMATCH,LEGACY_DATA_NOT_GROUND_TRUTH,raw Scope #2 CH1 primary Vin,28.25,25.75,28.25,28.25,SWAPPED_CORE_ROOM_CHANNELS_PHYSICALLY_VERIFIED,2026-09-23,0,REFERENCE_BASED_CALIBRATION_NOT_FOUND,3.9,3.9,3.9,0.0,EXACT_FROZEN_LABEL,NOT_GENERATED_LSP_DEFINITION_INCOMPLETE
session_20260802_075729_COMMERCIAL_F4500_V3p9_R03_20260802_075744_687738,session_20260802_075729,F4500_V3p9_RL49p6025_SINE,demo,COMMERCIAL,3,sine,49.6025,1.5152,0.1012,0.1038,4500.0,4488.0,0.26666666666666666,3.71030326284585,3.89,3.9,4.080898057049832,-1.7570532179677567,25.75,0.16875630828091914,0.11868822337329354,0.8776788968399559,7810.9251708984375,1.1100509514888242,4.9074050655479855,3.879910119957557,4.925090857024629,4492.0,0.08904719501335707,4.052414607224565,28.0,2.25,0.195619185,0.19991203679751762,0.19992050275872336,0.12910453075501582,0.132259767687434,-30.891379106675647,3.832223047997732,0.07725866736551044,6.145805650599999,5.5430368298,0.42985540331297134,0.29607244573569935,0.002306371556686268,0.1314765860205857,68.87721858416036,,1,1.7632604489744834,1.519670481882624,2.1473703466218335,0.050418483663776145,0.30729028252999996,0.27715184149,1,,VIN_SCOPE1_SCOPE2_MISMATCH;VIN_REFERENCE_DRIFT,raw\session_20260802_075729_COMMERCIAL_F4500_V3p9_R03_20260802_075744_687738_scope1.csv,raw\session_20260802_075729_COMMERCIAL_F4500_V3p9_R03_20260802_075744_687738_scope2.csv,processed\session_20260802_075729_COMMERCIAL_F4500_V3p9_R03_20260802_075744_687738_B1024.csv,preview\session_20260802_075729_COMMERCIAL_F4500_V3p9_R03_20260802_075744_687738_preview.svg,2026-08-02T07:57:44.781338,MEPI-FROZEN-PROTOCOL v1.1,primary-B-reprocess-v2-temperature-channel-swap,session_20260802_075729,session_20260802_075729_COMMERCIAL_F4500_V3p9_R03_20260802_075744_687738,/mnt/e/MEPI/MEPI_DATA/demo/session_20260802_075729/samples.csv,/mnt/e/MEPI/MEPI_DATA/demo/session_20260802_075729/raw/session_20260802_075729_COMMERCIAL_F4500_V3p9_R03_20260802_075744_687738_scope1.csv,/mnt/e/MEPI/MEPI_DATA/demo/session_20260802_075729/raw/session_20260802_075729_COMMERCIAL_F4500_V3p9_R03_20260802_075744_687738_scope2.csv,a3b4989cbf37fca3cc09967b5b987bd10b8158efd5e4a9787b682e95eb083b16,0d42a1d0d52a12fa931ff1d3e7be6ddb07a8f97d9943ef40d4bd9878e6e9f155,30.891379106675647,WARNING,,TEMPERATURE_CALIBRATION_PENDING;VIN_REFERENCE_DRIFT;VIN_SCOPE1_SCOPE2_MISMATCH,LEGACY_DATA_NOT_GROUND_TRUTH,raw Scope #2 CH1 primary Vin,28.0,25.75,28.0,28.0,SWAPPED_CORE_ROOM_CHANNELS_PHYSICALLY_VERIFIED,2026-09-23,0,REFERENCE_BASED_CALIBRATION_NOT_FOUND,3.9,3.9,3.9,0.0,EXACT_FROZEN_LABEL,NOT_GENERATED_LSP_DEFINITION_INCOMPLETE
session_20260802_075729_COMMERCIAL_F4500_V3p9_R04_20260802_075748_494144,session_20260802_075729,F4500_V3p9_RL49p6025_SINE,demo,COMMERCIAL,4,sine,49.6025,1.5152,0.1012,0.1038,4500.0,4492.0,0.17777777777777778,3.71030326284585,3.89,3.9,4.08366312840695,-1.837247407496958,25.75,0.1686464972676731,0.11884079841883154,0.6622985458984229,5301.418151855469,1.1100205785176007,4.9784865914387915,3.889553339182908,4.7533252161225406,4486.0,0.13357079252003562,4.062268477743673,28.25,2.5,0.195589927,0.20057219667009898,0.20057966169495747,0.12908522109292503,0.13245776135163673,-31.040416371519758,3.834535342322143,0.07730528385307481,6.118388803600001,5.540182541,0.4301873430349909,0.29642984308286063,0.0023066149210510087,0.13145088503107927,68.90715124055832,,1,1.1584696748349244,1.1253956874796114,2.4840280720930736,0.05028596086590461,0.30591944018000006,0.27700912705,1,,VIN_SCOPE1_SCOPE2_MISMATCH;VIN_REFERENCE_DRIFT,raw\session_20260802_075729_COMMERCIAL_F4500_V3p9_R04_20260802_075748_494144_scope1.csv,raw\session_20260802_075729_COMMERCIAL_F4500_V3p9_R04_20260802_075748_494144_scope2.csv,processed\session_20260802_075729_COMMERCIAL_F4500_V3p9_R04_20260802_075748_494144_B1024.csv,preview\session_20260802_075729_COMMERCIAL_F4500_V3p9_R04_20260802_075748_494144_preview.svg,2026-08-02T07:57:48.603344,MEPI-FROZEN-PROTOCOL v1.1,primary-B-reprocess-v2-temperature-channel-swap,session_20260802_075729,session_20260802_075729_COMMERCIAL_F4500_V3p9_R04_20260802_075748_494144,/mnt/e/MEPI/MEPI_DATA/demo/session_20260802_075729/samples.csv,/mnt/e/MEPI/MEPI_DATA/demo/session_20260802_075729/raw/session_20260802_075729_COMMERCIAL_F4500_V3p9_R04_20260802_075748_494144_scope1.csv,/mnt/e/MEPI/MEPI_DATA/demo/session_20260802_075729/raw/session_20260802_075729_COMMERCIAL_F4500_V3p9_R04_20260802_075748_494144_scope2.csv,c2da7bfa64a3835756aae0482e52c8d7741cf3f61852446586a0b6a03455e653,899bee830719734ca84edaad267aa925873c63275c42dca502abaa9672e4bdf0,31.040416371519747,WARNING,,TEMPERATURE_CALIBRATION_PENDING;VIN_REFERENCE_DRIFT;VIN_SCOPE1_SCOPE2_MISMATCH,LEGACY_DATA_NOT_GROUND_TRUTH,raw Scope #2 CH1 primary Vin,28.25,25.75,28.25,28.25,SWAPPED_CORE_ROOM_CHANNELS_PHYSICALLY_VERIFIED,2026-09-23,0,REFERENCE_BASED_CALIBRATION_NOT_FOUND,3.9,3.9,3.9,0.0,EXACT_FROZEN_LABEL,NOT_GENERATED_LSP_DEFINITION_INCOMPLETE
session_20260802_075729_COMMERCIAL_F4500_V3p9_R05_20260802_075752_331751,session_20260802_075729,F4500_V3p9_RL49p6025_SINE,demo,COMMERCIAL,5,sine,49.6025,1.5152,0.1012,0.1038,4500.0,4492.0,0.17777777777777778,3.71030326284585,3.89,3.9,4.07708237813426,-1.580869568398891,25.5,0.16882026352669754,0.11871649592365842,0.80315141313129,4868.229675292969,1.110704435030681,4.809315633271639,3.8771422208347994,4.904000919181174,4492.0,0.0,4.049460901056089,28.5,3.0,0.19513007,0.20161734532368217,0.20161809936740144,0.12878172518479408,0.13291974656810981,-30.623803875967138,3.8293880055633354,0.07720151213272185,6.145323229999999,5.741785579000001,0.42966722059163104,0.29563454457239735,0.002297030580212148,0.13173564543902153,68.80546860552286,,1,1.5583260253135107,1.3625579490571003,3.217617667402239,0.05032832402985374,0.30726616149999997,0.28708927895,1,,VIN_SCOPE1_SCOPE2_MISMATCH;VIN_REFERENCE_DRIFT,raw\session_20260802_075729_COMMERCIAL_F4500_V3p9_R05_20260802_075752_331751_scope1.csv,raw\session_20260802_075729_COMMERCIAL_F4500_V3p9_R05_20260802_075752_331751_scope2.csv,processed\session_20260802_075729_COMMERCIAL_F4500_V3p9_R05_20260802_075752_331751_B1024.csv,preview\session_20260802_075729_COMMERCIAL_F4500_V3p9_R05_20260802_075752_331751_preview.svg,2026-08-02T07:57:52.425351,MEPI-FROZEN-PROTOCOL v1.1,primary-B-reprocess-v2-temperature-channel-swap,session_20260802_075729,session_20260802_075729_COMMERCIAL_F4500_V3p9_R05_20260802_075752_331751,/mnt/e/MEPI/MEPI_DATA/demo/session_20260802_075729/samples.csv,/mnt/e/MEPI/MEPI_DATA/demo/session_20260802_075729/raw/session_20260802_075729_COMMERCIAL_F4500_V3p9_R05_20260802_075752_331751_scope1.csv,/mnt/e/MEPI/MEPI_DATA/demo/session_20260802_075729/raw/session_20260802_075729_COMMERCIAL_F4500_V3p9_R05_20260802_075752_331751_scope2.csv,00f4209f581d7340683d1977bc51ba9ad6487c47e7588fd4bc8c65caca12c05e,f03fe2cce82226a7aa6a78066fe151e528e5c27bc229ba5c76b62e23f64cf3b6,30.623803875967102,WARNING,,TEMPERATURE_CALIBRATION_PENDING;VIN_REFERENCE_DRIFT;VIN_SCOPE1_SCOPE2_MISMATCH,LEGACY_DATA_NOT_GROUND_TRUTH,raw Scope #2 CH1 primary Vin,28.5,25.5,28.5,28.5,SWAPPED_CORE_ROOM_CHANNELS_PHYSICALLY_VERIFIED,2026-09-23,0,REFERENCE_BASED_CALIBRATION_NOT_FOUND,3.9,3.9,3.9,0.0,EXACT_FROZEN_LABEL,NOT_GENERATED_LSP_DEFINITION_INCOMPLETE
session_20260802_075729_COMMERCIAL_F4250_V3p9_R01_20260802_075802_596569,session_20260802_075729,F4250_V3p9_RL49p6025_SINE,demo,COMMERCIAL,1,sine,49.6025,1.5152,0.1012,0.1038,4250.0,4254.0,0.09411764705882353,3.5139523498023717,3.89,3.9,4.059113009985157,-1.668625423636099,25.5,0.1793885684721772,0.12567934415198667,1.3409824253947942,10710.880828857422,1.1096712021449242,4.347378148717878,3.8547181958672616,5.035455125665902,4257.0,0.07047216349541931,4.0273955489321684,28.25,2.75,0.198281437,0.20364794564735864,0.20362889200403989,0.1308615608500528,0.1347676874340021,-31.6133298019695,3.809569342699497,0.07680196245551126,6.153323279999998,5.739574471200001,0.42957889425598583,0.29258240162967347,0.0023452931097033853,0.13465119951660898,68.10911931239428,,1,1.4976190893707946,1.9437559683173102,2.6351891890190724,0.051438633623745206,0.3076661639999999,0.28697872356000004,1,,VIN_SCOPE1_SCOPE2_MISMATCH;VIN_REFERENCE_DRIFT,raw\session_20260802_075729_COMMERCIAL_F4250_V3p9_R01_20260802_075802_596569_scope1.csv,raw\session_20260802_075729_COMMERCIAL_F4250_V3p9_R01_20260802_075802_596569_scope2.csv,processed\session_20260802_075729_COMMERCIAL_F4250_V3p9_R01_20260802_075802_596569_B1024.csv,preview\session_20260802_075729_COMMERCIAL_F4250_V3p9_R01_20260802_075802_596569_preview.svg,2026-08-02T07:58:02.690169,MEPI-FROZEN-PROTOCOL v1.1,primary-B-reprocess-v2-temperature-channel-swap,session_20260802_075729,session_20260802_075729_COMMERCIAL_F4250_V3p9_R01_20260802_075802_596569,/mnt/e/MEPI/MEPI_DATA/demo/session_20260802_075729/samples.csv,/mnt/e/MEPI/MEPI_DATA/demo/session_20260802_075729/raw/session_20260802_075729_COMMERCIAL_F4250_V3p9_R01_20260802_075802_596569_scope1.csv,/mnt/e/MEPI/MEPI_DATA/demo/session_20260802_075729/raw/session_20260802_075729_COMMERCIAL_F4250_V3p9_R01_20260802_075802_596569_scope2.csv,918dfffaafba2616ae1db1f191565cd2a1bce542f4d1c0a2a46ad10d53dfad83,e8f85bb170ef76fd15cb46defe0a4913f432fe7be7a2576a8e22d3287efe7273,31.61332980196951,WARNING,,TEMPERATURE_CALIBRATION_PENDING;VIN_REFERENCE_DRIFT;VIN_SCOPE1_SCOPE2_MISMATCH,LEGACY_DATA_NOT_GROUND_TRUTH,raw Scope #2 CH1 primary Vin,28.25,25.5,28.25,28.25,SWAPPED_CORE_ROOM_CHANNELS_PHYSICALLY_VERIFIED,2026-09-23,0,REFERENCE_BASED_CALIBRATION_NOT_FOUND,3.9,3.9,3.9,0.0,EXACT_FROZEN_LABEL,NOT_GENERATED_LSP_DEFINITION_INCOMPLETE
session_20260802_075729_COMMERCIAL_F4250_V3p9_R02_20260802_075806_402976,session_20260802_075729,F4250_V3p9_RL49p6025_SINE,demo,COMMERCIAL,2,sine,49.6025,1.5152,0.1012,0.1038,4250.0,4255.0,0.11764705882352941,3.5139523498023717,3.89,3.9,4.050851144088297,-1.7687280401242496,25.5,0.1786982836583917,0.12528187556611942,1.2331589110614825,4889.896564483643,1.1094788817828778,4.134990850597967,3.8576637642480858,4.769056501177661,4257.0,0.04698144233027954,4.030965259049096,28.25,2.75,0.198087615,0.20346254281757178,0.20345049007372407,0.13073364242344243,0.13463569165786693,-31.089739782939475,3.7991428384123944,0.07659176127034716,6.107293359000002,5.730569468200001,0.4318847685625988,0.2909830413116312,0.002338559789892073,0.13856316746107547,67.37515710037252,,1,1.4372609853586782,1.6281852817853895,2.641728419953469,0.05134911363603766,0.30536466795000006,0.28652847341000004,1,,VIN_SCOPE1_SCOPE2_MISMATCH;VIN_REFERENCE_DRIFT,raw\session_20260802_075729_COMMERCIAL_F4250_V3p9_R02_20260802_075806_402976_scope1.csv,raw\session_20260802_075729_COMMERCIAL_F4250_V3p9_R02_20260802_075806_402976_scope2.csv,processed\session_20260802_075729_COMMERCIAL_F4250_V3p9_R02_20260802_075806_402976_B1024.csv,preview\session_20260802_075729_COMMERCIAL_F4250_V3p9_R02_20260802_075806_402976_preview.svg,2026-08-02T07:58:06.496576,MEPI-FROZEN-PROTOCOL v1.1,primary-B-reprocess-v2-temperature-channel-swap,session_20260802_075729,session_20260802_075729_COMMERCIAL_F4250_V3p9_R02_20260802_075806_402976,/mnt/e/MEPI/MEPI_DATA/demo/session_20260802_075729/samples.csv,/mnt/e/MEPI/MEPI_DATA/demo/session_20260802_075729/raw/session_20260802_075729_COMMERCIAL_F4250_V3p9_R02_20260802_075806_402976_scope1.csv,/mnt/e/MEPI/MEPI_DATA/demo/session_20260802_075729/raw/session_20260802_075729_COMMERCIAL_F4250_V3p9_R02_20260802_075806_402976_scope2.csv,b74578995c5ed82c9fd26a15219da63635e2a343ac12817aa8d5bc7e8a332bcd,a8a6ffb8c2475b66224cb3b60da918f2b061355f5a9105cff9fdde552b3215f0,31.0897397829395,WARNING,,TEMPERATURE_CALIBRATION_PENDING;VIN_REFERENCE_DRIFT;VIN_SCOPE1_SCOPE2_MISMATCH,LEGACY_DATA_NOT_GROUND_TRUTH,raw Scope #2 CH1 primary Vin,28.25,25.5,28.25,28.25,SWAPPED_CORE_ROOM_CHANNELS_PHYSICALLY_VERIFIED,2026-09-23,0,REFERENCE_BASED_CALIBRATION_NOT_FOUND,3.9,3.9,3.9,0.0,EXACT_FROZEN_LABEL,NOT_GENERATED_LSP_DEFINITION_INCOMPLETE
session_20260802_075729_COMMERCIAL_F4250_V3p9_R03_20260802_075810_193782,session_20260802_075729,F4250_V3p9_RL49p6025_SINE,demo,COMMERCIAL,3,sine,49.6025,1.5152,0.1012,0.1038,4250.0,4259.0,0.21176470588235294,3.5139523498023717,3.89,3.9,4.0470405255696384,-1.7864053149653676,25.5,0.17682386783167203,0.12446546605050995,0.7735564664361316,5172.264877319336,1.1101105923111394,4.03703150564559,3.8531913968491684,4.789898383663123,4254.0,0.11739845034045551,4.026523032588812,28.5,3.0,0.197765373,0.20394576751643448,0.20393324711252958,0.1305209695089757,0.13489968321013726,-31.280412890225133,3.800521028145757,0.07661954595324343,6.110911448800001,5.741423769800001,0.42981567547780214,0.29119419556228177,0.0023333788068661985,0.13628810110865416,67.74862160124276,,1,1.561023774151434,1.5127349462272746,3.030410776206205,0.05132508423062425,0.3055455724400001,0.28707118849,1,,VIN_SCOPE1_SCOPE2_MISMATCH;VIN_REFERENCE_DRIFT,raw\session_20260802_075729_COMMERCIAL_F4250_V3p9_R03_20260802_075810_193782_scope1.csv,raw\session_20260802_075729_COMMERCIAL_F4250_V3p9_R03_20260802_075810_193782_scope2.csv,processed\session_20260802_075729_COMMERCIAL_F4250_V3p9_R03_20260802_075810_193782_B1024.csv,preview\session_20260802_075729_COMMERCIAL_F4250_V3p9_R03_20260802_075810_193782_preview.svg,2026-08-02T07:58:10.287382,MEPI-FROZEN-PROTOCOL v1.1,primary-B-reprocess-v2-temperature-channel-swap,session_20260802_075729,session_20260802_075729_COMMERCIAL_F4250_V3p9_R03_20260802_075810_193782,/mnt/e/MEPI/MEPI_DATA/demo/session_20260802_075729/samples.csv,/mnt/e/MEPI/MEPI_DATA/demo/session_20260802_075729/raw/session_20260802_075729_COMMERCIAL_F4250_V3p9_R03_20260802_075810_193782_scope1.csv,/mnt/e/MEPI/MEPI_DATA/demo/session_20260802_075729/raw/session_20260802_075729_COMMERCIAL_F4250_V3p9_R03_20260802_075810_193782_scope2.csv,93960fa1364bf9c2add6ea0400b4f539d9c1cb88a7b96f20c49a04e9a87d290b,581a852078ba6333bd70fe0f00fc77836c9b8e75b05721d88b274f5b865b7aa8,31.280412890225133,WARNING,,TEMPERATURE_CALIBRATION_PENDING;VIN_REFERENCE_DRIFT;VIN_SCOPE1_SCOPE2_MISMATCH,LEGACY_DATA_NOT_GROUND_TRUTH,raw Scope #2 CH1 primary Vin,28.5,25.5,28.5,28.5,SWAPPED_CORE_ROOM_CHANNELS_PHYSICALLY_VERIFIED,2026-09-23,0,REFERENCE_BASED_CALIBRATION_NOT_FOUND,3.9,3.9,3.9,0.0,EXACT_FROZEN_LABEL,NOT_GENERATED_LSP_DEFINITION_INCOMPLETE
session_20260802_075729_COMMERCIAL_F4250_V3p9_R04_20260802_075814_000189,session_20260802_075729,F4250_V3p9_RL49p6025_SINE,demo,COMMERCIAL,4,sine,49.6025,1.5152,0.1012,0.1038,4250.0,4259.0,0.21176470588235294,3.5139523498023717,3.89,3.9,4.045108159847814,-1.8523359872768776,25.25,0.17723207000123153,0.12469732807688673,0.7997815986780392,6270.028366088867,1.1104451593205407,3.9873562942878866,3.843730939648956,4.978290128252659,4254.0,0.11739845034045551,4.016852137491875,28.5,3.25,0.197485898,0.20222518915471388,0.20220953178581985,0.13033652191129882,0.13384371700105596,-31.605779187092917,3.7942117493193255,0.0764923491622262,6.112358688800001,5.737685062400001,0.42667042044780146,0.2902281699243549,0.0023264880751871146,0.13411576244825943,68.0216288768631,,1,1.6587679268882114,1.5432046425922568,2.343571132025525,0.05137869978433931,0.30561793444000007,0.28688425312000004,1,,VIN_SCOPE1_SCOPE2_MISMATCH;VIN_REFERENCE_DRIFT,raw\session_20260802_075729_COMMERCIAL_F4250_V3p9_R04_20260802_075814_000189_scope1.csv,raw\session_20260802_075729_COMMERCIAL_F4250_V3p9_R04_20260802_075814_000189_scope2.csv,processed\session_20260802_075729_COMMERCIAL_F4250_V3p9_R04_20260802_075814_000189_B1024.csv,preview\session_20260802_075729_COMMERCIAL_F4250_V3p9_R04_20260802_075814_000189_preview.svg,2026-08-02T07:58:14.093789,MEPI-FROZEN-PROTOCOL v1.1,primary-B-reprocess-v2-temperature-channel-swap,session_20260802_075729,session_20260802_075729_COMMERCIAL_F4250_V3p9_R04_20260802_075814_000189,/mnt/e/MEPI/MEPI_DATA/demo/session_20260802_075729/samples.csv,/mnt/e/MEPI/MEPI_DATA/demo/session_20260802_075729/raw/session_20260802_075729_COMMERCIAL_F4250_V3p9_R04_20260802_075814_000189_scope1.csv,/mnt/e/MEPI/MEPI_DATA/demo/session_20260802_075729/raw/session_20260802_075729_COMMERCIAL_F4250_V3p9_R04_20260802_075814_000189_scope2.csv,3a446a4885f6d160cf53fc771cf01c81324afea5c8d1055cfc4869595b876643,f5fbd64e70a9e4b275a96b3c658b3e9395afea7234b2e3d7b497d5e8c9750b86,31.605779187092917,WARNING,,TEMPERATURE_CALIBRATION_PENDING;VIN_REFERENCE_DRIFT;VIN_SCOPE1_SCOPE2_MISMATCH,LEGACY_DATA_NOT_GROUND_TRUTH,raw Scope #2 CH1 primary Vin,28.5,25.25,28.5,28.5,SWAPPED_CORE_ROOM_CHANNELS_PHYSICALLY_VERIFIED,2026-09-23,0,REFERENCE_BASED_CALIBRATION_NOT_FOUND,3.9,3.9,3.9,0.0,EXACT_FROZEN_LABEL,NOT_GENERATED_LSP_DEFINITION_INCOMPLETE
session_20260802_075729_COMMERCIAL_F4250_V3p9_R05_20260802_075817_822196,session_20260802_075729,F4250_V3p9_RL49p6025_SINE,demo,COMMERCIAL,5,sine,49.6025,1.5152,0.1012,0.1038,4250.0,4261.0,0.25882352941176473,3.5139523498023717,3.89,3.9,4.0327656123466875,-1.8968475021886533,25.5,0.17668833047675037,0.12432456416254013,0.7599967934136844,4854.822910308838,1.1101272015834707,3.670067155442063,3.8408754090589867,4.758278108210173,4261.0,0.0,4.013708735016975,28.0,2.5,0.197435834,0.20266385588324382,0.20264804266677977,0.13030348072861667,0.13410770855332627,-31.51828724452959,3.7880752118453023,0.07636863488423572,5.953730319799998,5.734468967400001,0.42664538227402266,0.28929013276743776,0.00232365358481297,0.13503159592177194,67.80575737759528,,1,1.4415601108565423,1.3180576653125962,2.579651837995086,0.051403863175132854,0.2976865159899999,0.28672344837,1,,VIN_SCOPE1_SCOPE2_MISMATCH;VIN_REFERENCE_DRIFT,raw\session_20260802_075729_COMMERCIAL_F4250_V3p9_R05_20260802_075817_822196_scope1.csv,raw\session_20260802_075729_COMMERCIAL_F4250_V3p9_R05_20260802_075817_822196_scope2.csv,processed\session_20260802_075729_COMMERCIAL_F4250_V3p9_R05_20260802_075817_822196_B1024.csv,preview\session_20260802_075729_COMMERCIAL_F4250_V3p9_R05_20260802_075817_822196_preview.svg,2026-08-02T07:58:17.915796,MEPI-FROZEN-PROTOCOL v1.1,primary-B-reprocess-v2-temperature-channel-swap,session_20260802_075729,session_20260802_075729_COMMERCIAL_F4250_V3p9_R05_20260802_075817_822196,/mnt/e/MEPI/MEPI_DATA/demo/session_20260802_075729/samples.csv,/mnt/e/MEPI/MEPI_DATA/demo/session_20260802_075729/raw/session_20260802_075729_COMMERCIAL_F4250_V3p9_R05_20260802_075817_822196_scope1.csv,/mnt/e/MEPI/MEPI_DATA/demo/session_20260802_075729/raw/session_20260802_075729_COMMERCIAL_F4250_V3p9_R05_20260802_075817_822196_scope2.csv,6211ed6c591478bdce0c26498fbe0a5d2642e908e6a16902670f210a36f79fa6,e806bd93423ecdf4dff8fe11cd3486622671df44fe05c26db929fc6c0e6eb7c5,31.51828724452959,WARNING,,TEMPERATURE_CALIBRATION_PENDING;VIN_REFERENCE_DRIFT;VIN_SCOPE1_SCOPE2_MISMATCH,LEGACY_DATA_NOT_GROUND_TRUTH,raw Scope #2 CH1 primary Vin,28.0,25.5,28.0,28.0,SWAPPED_CORE_ROOM_CHANNELS_PHYSICALLY_VERIFIED,2026-09-23,0,REFERENCE_BASED_CALIBRATION_NOT_FOUND,3.9,3.9,3.9,0.0,EXACT_FROZEN_LABEL,NOT_GENERATED_LSP_DEFINITION_INCOMPLETE
session_20260802_075729_COMMERCIAL_F4000_V3p9_R01_20260802_075828_087014,session_20260802_075729,F4000_V3p9_RL49p6025_SINE,demo,COMMERCIAL,1,sine,49.6025,1.5152,0.1012,0.1038,4000.0,4019.0,0.475,3.309313898221344,3.89,3.9,4.04228931424806,-1.8467261846594605,25.25,0.18766710426305266,0.13227758986947805,0.6375294276060135,4863.1549644470215,1.1105241641305974,3.914892397121946,3.858401617154754,4.549097869989964,4016.0,0.07464543418760886,4.035061417585693,28.25,3.0,0.201451191,0.20777619763252575,0.2077516141480201,0.1329535315469905,0.13707761351636746,-31.892348834396522,3.79305399967176,0.0764690086118998,5.9510368071999995,5.537127276600001,0.43554858687916775,0.2900510789663008,0.00239584758800805,0.14310166032485894,66.59442544506942,,1,1.3638340428739544,1.3497954879707368,3.0441439898289953,0.05221104773135391,0.29755184036,0.27685636383,1,,VIN_SCOPE1_SCOPE2_MISMATCH;VIN_REFERENCE_DRIFT,raw\session_20260802_075729_COMMERCIAL_F4000_V3p9_R01_20260802_075828_087014_scope1.csv,raw\session_20260802_075729_COMMERCIAL_F4000_V3p9_R01_20260802_075828_087014_scope2.csv,processed\session_20260802_075729_COMMERCIAL_F4000_V3p9_R01_20260802_075828_087014_B1024.csv,preview\session_20260802_075729_COMMERCIAL_F4000_V3p9_R01_20260802_075828_087014_preview.svg,2026-08-02T07:58:28.180614,MEPI-FROZEN-PROTOCOL v1.1,primary-B-reprocess-v2-temperature-channel-swap,session_20260802_075729,session_20260802_075729_COMMERCIAL_F4000_V3p9_R01_20260802_075828_087014,/mnt/e/MEPI/MEPI_DATA/demo/session_20260802_075729/samples.csv,/mnt/e/MEPI/MEPI_DATA/demo/session_20260802_075729/raw/session_20260802_075729_COMMERCIAL_F4000_V3p9_R01_20260802_075828_087014_scope1.csv,/mnt/e/MEPI/MEPI_DATA/demo/session_20260802_075729/raw/session_20260802_075729_COMMERCIAL_F4000_V3p9_R01_20260802_075828_087014_scope2.csv,86022705acfff7d86fde1fb015e25471f55e6e59e4c0f64bfc7980264d19fed3,903fb70650dc48814f335a86f41b664f8fdc158f2e2bde85777bf2595ac1edf4,31.892348834396536,WARNING,,TEMPERATURE_CALIBRATION_PENDING;VIN_REFERENCE_DRIFT;VIN_SCOPE1_SCOPE2_MISMATCH,LEGACY_DATA_NOT_GROUND_TRUTH,raw Scope #2 CH1 primary Vin,28.25,25.25,28.25,28.25,SWAPPED_CORE_ROOM_CHANNELS_PHYSICALLY_VERIFIED,2026-09-23,0,REFERENCE_BASED_CALIBRATION_NOT_FOUND,3.9,3.9,3.9,0.0,EXACT_FROZEN_LABEL,NOT_GENERATED_LSP_DEFINITION_INCOMPLETE
session_20260802_075729_COMMERCIAL_F4000_V3p9_R02_20260802_075831_893420,session_20260802_075729,F4000_V3p9_RL49p6025_SINE,demo,COMMERCIAL,2,sine,49.6025,1.5152,0.1012,0.1038,4000.0,4016.0,0.4,3.309313898221344,3.89,3.9,4.043717144309709,-1.7611660852317128,25.75,0.18941819749371724,0.1326398398716683,1.3070843947214905,6875.046875,1.1098300511745747,3.9515975400952086,3.8496377288318877,4.799529951072852,4008.0,0.199203187250996,4.025473798773414,27.75,2.0,0.201296572,0.20551705968057274,0.2054923128306892,0.13285148627243928,0.13595564941921856,-31.191944377127726,3.797030548093253,0.07654917691836607,6.1507101896,5.7292830132,0.4374962686045276,0.2906595631904309,0.00239437596070344,0.14444232945339328,66.43703822150104,,1,1.544427312421112,1.523696712700815,2.05359481452901,0.05228974417316928,0.30753550947999997,0.28646415065999997,1,,VIN_SCOPE1_SCOPE2_MISMATCH;VIN_REFERENCE_DRIFT,raw\session_20260802_075729_COMMERCIAL_F4000_V3p9_R02_20260802_075831_893420_scope1.csv,raw\session_20260802_075729_COMMERCIAL_F4000_V3p9_R02_20260802_075831_893420_scope2.csv,processed\session_20260802_075729_COMMERCIAL_F4000_V3p9_R02_20260802_075831_893420_B1024.csv,preview\session_20260802_075729_COMMERCIAL_F4000_V3p9_R02_20260802_075831_893420_preview.svg,2026-08-02T07:58:31.987021,MEPI-FROZEN-PROTOCOL v1.1,primary-B-reprocess-v2-temperature-channel-swap,session_20260802_075729,session_20260802_075729_COMMERCIAL_F4000_V3p9_R02_20260802_075831_893420,/mnt/e/MEPI/MEPI_DATA/demo/session_20260802_075729/samples.csv,/mnt/e/MEPI/MEPI_DATA/demo/session_20260802_075729/raw/session_20260802_075729_COMMERCIAL_F4000_V3p9_R02_20260802_075831_893420_scope1.csv,/mnt/e/MEPI/MEPI_DATA/demo/session_20260802_075729/raw/session_20260802_075729_COMMERCIAL_F4000_V3p9_R02_20260802_075831_893420_scope2.csv,26db2fc338c2f01138967d469ab1e9a6d14de54d8f27704b4d3023a4fb97947c,4cbe35b21e104014d9a4236bfff611fcc9ad7dd2452383e78ef17a9670017383,31.19194437712773,WARNING,,TEMPERATURE_CALIBRATION_PENDING;VIN_REFERENCE_DRIFT;VIN_SCOPE1_SCOPE2_MISMATCH,LEGACY_DATA_NOT_GROUND_TRUTH,raw Scope #2 CH1 primary Vin,27.75,25.75,27.75,27.75,SWAPPED_CORE_ROOM_CHANNELS_PHYSICALLY_VERIFIED,2026-09-23,0,REFERENCE_BASED_CALIBRATION_NOT_FOUND,3.9,3.9,3.9,0.0,EXACT_FROZEN_LABEL,NOT_GENERATED_LSP_DEFINITION_INCOMPLETE
session_20260802_075729_COMMERCIAL_F4000_V3p9_R03_20260802_075835_699827,session_20260802_075729,F4000_V3p9_RL49p6025_SINE,demo,COMMERCIAL,3,sine,49.6025,1.5152,0.1012,0.1038,4000.0,4018.0,0.45,3.309313898221344,3.89,3.9,4.051241899227104,-1.5563051015317528,25.75,0.18760894276655904,0.13214833252896152,0.697839410250507,6393.326141357422,1.1101485328674403,4.145035969848165,3.848312059244419,5.0090773404914986,4014.0,0.09955201592832255,4.024725100046809,28.5,2.75,0.201518707,0.206717559303088,0.2066956066511253,0.1329980906810982,0.1365496304118268,-32.104300812446965,3.801787470239196,0.07664507777307991,6.1122782512,5.717705513399999,0.43355196299309817,0.2913882963332039,0.0023998451759136875,0.1397638214839806,67.20954376992236,,1,1.4294027382246746,1.3175493179790796,2.514954375726485,0.05236547969541917,0.30561391256000003,0.28588527567,1,,VIN_SCOPE1_SCOPE2_MISMATCH;VIN_REFERENCE_DRIFT,raw\session_20260802_075729_COMMERCIAL_F4000_V3p9_R03_20260802_075835_699827_scope1.csv,raw\session_20260802_075729_COMMERCIAL_F4000_V3p9_R03_20260802_075835_699827_scope2.csv,processed\session_20260802_075729_COMMERCIAL_F4000_V3p9_R03_20260802_075835_699827_B1024.csv,preview\session_20260802_075729_COMMERCIAL_F4000_V3p9_R03_20260802_075835_699827_preview.svg,2026-08-02T07:58:35.793427,MEPI-FROZEN-PROTOCOL v1.1,primary-B-reprocess-v2-temperature-channel-swap,session_20260802_075729,session_20260802_075729_COMMERCIAL_F4000_V3p9_R03_20260802_075835_699827,/mnt/e/MEPI/MEPI_DATA/demo/session_20260802_075729/samples.csv,/mnt/e/MEPI/MEPI_DATA/demo/session_20260802_075729/raw/session_20260802_075729_COMMERCIAL_F4000_V3p9_R03_20260802_075835_699827_scope1.csv,/mnt/e/MEPI/MEPI_DATA/demo/session_20260802_075729/raw/session_20260802_075729_COMMERCIAL_F4000_V3p9_R03_20260802_075835_699827_scope2.csv,f40074b16ce97a367854b0ae8f0d6943730de72b64ddf8e41640b49088cae731,a261c2d57464a6ebf849bcec691621e3b2780a3a5b01a8accef4cf1365ab8281,32.104300812446986,WARNING,,TEMPERATURE_CALIBRATION_PENDING;VIN_REFERENCE_DRIFT;VIN_SCOPE1_SCOPE2_MISMATCH,LEGACY_DATA_NOT_GROUND_TRUTH,raw Scope #2 CH1 primary Vin,28.5,25.75,28.5,28.5,SWAPPED_CORE_ROOM_CHANNELS_PHYSICALLY_VERIFIED,2026-09-23,0,REFERENCE_BASED_CALIBRATION_NOT_FOUND,3.9,3.9,3.9,0.0,EXACT_FROZEN_LABEL,NOT_GENERATED_LSP_DEFINITION_INCOMPLETE
session_20260802_075729_COMMERCIAL_F4000_V3p9_R04_20260802_075839_506234,session_20260802_075729,F4000_V3p9_RL49p6025_SINE,demo,COMMERCIAL,4,sine,49.6025,1.5152,0.1012,0.1038,4000.0,4016.0,0.4,3.309313898221344,3.89,3.9,4.05233129616944,-1.9473374681299767,25.25,0.189189809157142,0.13277586183247028,1.1495919255113614,4927.4376220703125,1.1097766604512227,4.17304103263389,3.852236788759962,4.937762803318478,4014.0,0.049800796812749,4.027700551104603,28.5,3.25,0.201811621,0.20687731912972887,0.2068519157508976,0.13319140773495247,0.13648363252375925,-31.170463490049375,3.8027911556111498,0.07666531234536868,5.9444840232,5.734468998600001,0.4390113951094021,0.2915421717291343,0.0024053748289010806,0.14506384855136673,66.40879370716145,,1,1.4070938334528513,1.4156211868282105,2.4486483830314283,0.0523881661659129,0.29722420116000003,0.28672344993000004,1,,VIN_SCOPE1_SCOPE2_MISMATCH;VIN_REFERENCE_DRIFT,raw\session_20260802_075729_COMMERCIAL_F4000_V3p9_R04_20260802_075839_506234_scope1.csv,raw\session_20260802_075729_COMMERCIAL_F4000_V3p9_R04_20260802_075839_506234_scope2.csv,processed\session_20260802_075729_COMMERCIAL_F4000_V3p9_R04_20260802_075839_506234_B1024.csv,preview\session_20260802_075729_COMMERCIAL_F4000_V3p9_R04_20260802_075839_506234_preview.svg,2026-08-02T07:58:39.599834,MEPI-FROZEN-PROTOCOL v1.1,primary-B-reprocess-v2-temperature-channel-swap,session_20260802_075729,session_20260802_075729_COMMERCIAL_F4000_V3p9_R04_20260802_075839_506234,/mnt/e/MEPI/MEPI_DATA/demo/session_20260802_075729/samples.csv,/mnt/e/MEPI/MEPI_DATA/demo/session_20260802_075729/raw/session_20260802_075729_COMMERCIAL_F4000_V3p9_R04_20260802_075839_506234_scope1.csv,/mnt/e/MEPI/MEPI_DATA/demo/session_20260802_075729/raw/session_20260802_075729_COMMERCIAL_F4000_V3p9_R04_20260802_075839_506234_scope2.csv,4dcad522a07ae9d9c54c5d681a00e56934acda1089ef87865209d4f2e0f268e5,22ee417ca473252faeb6c2d2318b3ec8273b83d8030c286425afd4209d4e3c44,31.1704634900494,WARNING,,TEMPERATURE_CALIBRATION_PENDING;VIN_REFERENCE_DRIFT;VIN_SCOPE1_SCOPE2_MISMATCH,LEGACY_DATA_NOT_GROUND_TRUTH,raw Scope #2 CH1 primary Vin,28.5,25.25,28.5,28.5,SWAPPED_CORE_ROOM_CHANNELS_PHYSICALLY_VERIFIED,2026-09-23,0,REFERENCE_BASED_CALIBRATION_NOT_FOUND,3.9,3.9,3.9,0.0,EXACT_FROZEN_LABEL,NOT_GENERATED_LSP_DEFINITION_INCOMPLETE
session_20260802_075729_COMMERCIAL_F4000_V3p9_R05_20260802_075843_328241,session_20260802_075729,F4000_V3p9_RL49p6025_SINE,demo,COMMERCIAL,5,sine,49.6025,1.5152,0.1012,0.1038,4000.0,4010.0,0.25,3.309313898221344,3.89,3.9,4.0516332858982125,-1.8983530842069514,25.5,0.18900470576329553,0.13263886762503874,1.1186992248793441,4920.993728637695,1.1097085695519482,4.155097323861408,3.853725263061356,4.884647964702885,4013.0,0.074757039621231,4.029347632867115,28.5,3.0,0.201734142,0.20625997717840375,0.20623482590231965,0.1331402732312566,0.13635163674762407,-31.797300535512452,3.8038878848007074,0.07668742270653107,6.1152933316,5.708981874399999,0.4360808096275217,0.2917103581499642,0.002404348565618903,0.1419661029119386,66.89364716579217,,1,1.46099076362348,1.6775240102049742,2.19423818440993,0.05234782664287402,0.30576466658,0.28544909371999994,1,,VIN_SCOPE1_SCOPE2_MISMATCH;VIN_REFERENCE_DRIFT,raw\session_20260802_075729_COMMERCIAL_F4000_V3p9_R05_20260802_075843_328241_scope1.csv,raw\session_20260802_075729_COMMERCIAL_F4000_V3p9_R05_20260802_075843_328241_scope2.csv,processed\session_20260802_075729_COMMERCIAL_F4000_V3p9_R05_20260802_075843_328241_B1024.csv,preview\session_20260802_075729_COMMERCIAL_F4000_V3p9_R05_20260802_075843_328241_preview.svg,2026-08-02T07:58:43.421841,MEPI-FROZEN-PROTOCOL v1.1,primary-B-reprocess-v2-temperature-channel-swap,session_20260802_075729,session_20260802_075729_COMMERCIAL_F4000_V3p9_R05_20260802_075843_328241,/mnt/e/MEPI/MEPI_DATA/demo/session_20260802_075729/samples.csv,/mnt/e/MEPI/MEPI_DATA/demo/session_20260802_075729/raw/session_20260802_075729_COMMERCIAL_F4000_V3p9_R05_20260802_075843_328241_scope1.csv,/mnt/e/MEPI/MEPI_DATA/demo/session_20260802_075729/raw/session_20260802_075729_COMMERCIAL_F4000_V3p9_R05_20260802_075843_328241_scope2.csv,9dd30854016e27329c43b7a44c28bae6790f0779e7f7f5d40d125a2c2068915e,6c32007bf04003ab69cd5d4f59f9e7ec594aa1cb07ceb8b3559a29543b217054,31.797300535512452,WARNING,,TEMPERATURE_CALIBRATION_PENDING;VIN_REFERENCE_DRIFT;VIN_SCOPE1_SCOPE2_MISMATCH,LEGACY_DATA_NOT_GROUND_TRUTH,raw Scope #2 CH1 primary Vin,28.5,25.5,28.5,28.5,SWAPPED_CORE_ROOM_CHANNELS_PHYSICALLY_VERIFIED,2026-09-23,0,REFERENCE_BASED_CALIBRATION_NOT_FOUND,3.9,3.9,3.9,0.0,EXACT_FROZEN_LABEL,NOT_GENERATED_LSP_DEFINITION_INCOMPLETE
session_20260802_075729_COMMERCIAL_F3750_V3p9_R01_20260802_075853_546258,session_20260802_075729,F3750_V3p9_RL49p6025_SINE,demo,COMMERCIAL,1,sine,49.6025,1.5152,0.1012,0.1038,3750.0,3761.0,0.29333333333333333,3.099575422924901,3.89,3.9,4.070672236163741,-1.8040220037375743,25.0,0.20103409964116992,0.14145365212603975,0.9374994743299386,4863.400657653809,1.1094947322747957,4.644530492641566,3.865570496180562,5.038522585067859,3766.0,0.1327668613913967,4.045649147899291,28.5,3.5,0.205740421,0.21116634069835744,0.21117286539482064,0.13578433276135163,0.13932154171066524,-32.83904426791747,3.813170386822636,0.07687456049236704,5.957790540399998,5.5313784558000005,0.44100602386264826,0.29313579756949937,0.002479290022055541,0.14539093627109334,66.46979444906557,,1,1.4988627346738967,1.5861836738465012,2.5695002718772,0.05322381811514891,0.2978895270199999,0.27656892279,1,,VIN_SCOPE1_SCOPE2_MISMATCH;VIN_REFERENCE_DRIFT,raw\session_20260802_075729_COMMERCIAL_F3750_V3p9_R01_20260802_075853_546258_scope1.csv,raw\session_20260802_075729_COMMERCIAL_F3750_V3p9_R01_20260802_075853_546258_scope2.csv,processed\session_20260802_075729_COMMERCIAL_F3750_V3p9_R01_20260802_075853_546258_B1024.csv,preview\session_20260802_075729_COMMERCIAL_F3750_V3p9_R01_20260802_075853_546258_preview.svg,2026-08-02T07:58:53.639859,MEPI-FROZEN-PROTOCOL v1.1,primary-B-reprocess-v2-temperature-channel-swap,session_20260802_075729,session_20260802_075729_COMMERCIAL_F3750_V3p9_R01_20260802_075853_546258,/mnt/e/MEPI/MEPI_DATA/demo/session_20260802_075729/samples.csv,/mnt/e/MEPI/MEPI_DATA/demo/session_20260802_075729/raw/session_20260802_075729_COMMERCIAL_F3750_V3p9_R01_20260802_075853_546258_scope1.csv,/mnt/e/MEPI/MEPI_DATA/demo/session_20260802_075729/raw/session_20260802_075729_COMMERCIAL_F3750_V3p9_R01_20260802_075853_546258_scope2.csv,c4dbad70d5991989fed8bed347ad54c543be07ed9fe36c0a986c1cb87794694b,4597a6210bd5c458d79ce61b95e5e4d9bc61266bf502a3629e7dba4e6a6bbc5c,32.83904426791744,WARNING,,TEMPERATURE_CALIBRATION_PENDING;VIN_REFERENCE_DRIFT;VIN_SCOPE1_SCOPE2_MISMATCH,LEGACY_DATA_NOT_GROUND_TRUTH,raw Scope #2 CH1 primary Vin,28.5,25.0,28.5,28.5,SWAPPED_CORE_ROOM_CHANNELS_PHYSICALLY_VERIFIED,2026-09-23,0,REFERENCE_BASED_CALIBRATION_NOT_FOUND,3.9,3.9,3.9,0.0,EXACT_FROZEN_LABEL,NOT_GENERATED_LSP_DEFINITION_INCOMPLETE
session_20260802_075729_COMMERCIAL_F3750_V3p9_R02_20260802_075857_383865,session_20260802_075729,F3750_V3p9_RL49p6025_SINE,demo,COMMERCIAL,2,sine,49.6025,1.5152,0.1012,0.1038,3750.0,3759.0,0.24,3.099575422924901,3.89,3.9,4.071142396264303,-1.85076522122578,26.0,0.20141002646008133,0.14119641415722486,1.0835641908598703,5217.837982177734,1.1097115632048153,4.65661687054686,3.8592315891548092,5.205192707184891,3772.0,0.344644750795334,4.0395168543233195,28.75,2.75,0.205689704,0.21122017762568732,0.2112297306453922,0.1357508606124604,0.1391235480464625,-32.33189891875972,3.8130605755750366,0.07687234666750742,6.114489322200001,5.5425142196,0.4426716859437547,0.2931189144298096,0.002478334898499981,0.14707443661544517,66.21587143187037,,1,1.6358744376321837,1.8535883934601618,2.6183453152322,0.05329809814420774,0.30572446611000004,0.27712571098,1,,VIN_SCOPE1_SCOPE2_MISMATCH;VIN_REFERENCE_DRIFT,raw\session_20260802_075729_COMMERCIAL_F3750_V3p9_R02_20260802_075857_383865_scope1.csv,raw\session_20260802_075729_COMMERCIAL_F3750_V3p9_R02_20260802_075857_383865_scope2.csv,processed\session_20260802_075729_COMMERCIAL_F3750_V3p9_R02_20260802_075857_383865_B1024.csv,preview\session_20260802_075729_COMMERCIAL_F3750_V3p9_R02_20260802_075857_383865_preview.svg,2026-08-02T07:58:57.477465,MEPI-FROZEN-PROTOCOL v1.1,primary-B-reprocess-v2-temperature-channel-swap,session_20260802_075729,session_20260802_075729_COMMERCIAL_F3750_V3p9_R02_20260802_075857_383865,/mnt/e/MEPI/MEPI_DATA/demo/session_20260802_075729/samples.csv,/mnt/e/MEPI/MEPI_DATA/demo/session_20260802_075729/raw/session_20260802_075729_COMMERCIAL_F3750_V3p9_R02_20260802_075857_383865_scope1.csv,/mnt/e/MEPI/MEPI_DATA/demo/session_20260802_075729/raw/session_20260802_075729_COMMERCIAL_F3750_V3p9_R02_20260802_075857_383865_scope2.csv,39189546f79e8d9f14d40a7caca57a5450fd5a7b5ba427be7bce71012a5b1a08,7c619818111e68da67c8e12265825b64f7c46744dca1fd2efa0132401c435bc5,32.33189891875973,WARNING,,TEMPERATURE_CALIBRATION_PENDING;VIN_REFERENCE_DRIFT;VIN_SCOPE1_SCOPE2_MISMATCH,LEGACY_DATA_NOT_GROUND_TRUTH,raw Scope #2 CH1 primary Vin,28.75,26.0,28.75,28.75,SWAPPED_CORE_ROOM_CHANNELS_PHYSICALLY_VERIFIED,2026-09-23,0,REFERENCE_BASED_CALIBRATION_NOT_FOUND,3.9,3.9,3.9,0.0,EXACT_FROZEN_LABEL,NOT_GENERATED_LSP_DEFINITION_INCOMPLETE
session_20260802_075729_COMMERCIAL_F3750_V3p9_R03_20260802_075901_190272,session_20260802_075729,F3750_V3p9_RL49p6025_SINE,demo,COMMERCIAL,3,sine,49.6025,1.5152,0.1012,0.1038,3750.0,3769.0,0.5066666666666667,3.099575422924901,3.89,3.9,4.069327817877716,-1.7171254853770463,25.5,0.2009386410818479,0.14108510979328534,1.0772812295403058,4880.3628549575815,1.1096759224217,4.609969611252636,3.8912156569251737,4.3769430462213235,3771.0,0.05303632988597189,4.072169119990706,28.0,2.5,0.20564201,0.21282272768411972,0.2128378956661271,0.13571938357972543,0.13998152059134109,-32.260895093329836,3.81119065810012,0.07683464861851963,5.948986537999998,5.542594639,0.4465865916892584,0.2928314950333073,0.0024768686723219743,0.15127822798362914,65.57104500733954,,1,1.3855441199584975,1.5780022998724543,3.374037050581202,0.05284775456585652,0.2974493268999999,0.27712973195,1,,VIN_SCOPE1_SCOPE2_MISMATCH;VIN_REFERENCE_DRIFT,raw\session_20260802_075729_COMMERCIAL_F3750_V3p9_R03_20260802_075901_190272_scope1.csv,raw\session_20260802_075729_COMMERCIAL_F3750_V3p9_R03_20260802_075901_190272_scope2.csv,processed\session_20260802_075729_COMMERCIAL_F3750_V3p9_R03_20260802_075901_190272_B1024.csv,preview\session_20260802_075729_COMMERCIAL_F3750_V3p9_R03_20260802_075901_190272_preview.svg,2026-08-02T07:59:01.283872,MEPI-FROZEN-PROTOCOL v1.1,primary-B-reprocess-v2-temperature-channel-swap,session_20260802_075729,session_20260802_075729_COMMERCIAL_F3750_V3p9_R03_20260802_075901_190272,/mnt/e/MEPI/MEPI_DATA/demo/session_20260802_075729/samples.csv,/mnt/e/MEPI/MEPI_DATA/demo/session_20260802_075729/raw/session_20260802_075729_COMMERCIAL_F3750_V3p9_R03_20260802_075901_190272_scope1.csv,/mnt/e/MEPI/MEPI_DATA/demo/session_20260802_075729/raw/session_20260802_075729_COMMERCIAL_F3750_V3p9_R03_20260802_075901_190272_scope2.csv,61f133edfc98e5cdd5b287a21d282763f7ec67546bb1f382207374123842bbe7,77acd18452b22ae4010ee86ef156f3636c7ab7b9ef61091c21b9564c4b90f479,32.26089509332979,WARNING,,TEMPERATURE_CALIBRATION_PENDING;VIN_REFERENCE_DRIFT;VIN_SCOPE1_SCOPE2_MISMATCH,LEGACY_DATA_NOT_GROUND_TRUTH,raw Scope #2 CH1 primary Vin,28.0,25.5,28.0,28.0,SWAPPED_CORE_ROOM_CHANNELS_PHYSICALLY_VERIFIED,2026-09-23,0,REFERENCE_BASED_CALIBRATION_NOT_FOUND,3.9,3.9,3.9,0.0,EXACT_FROZEN_LABEL,NOT_GENERATED_LSP_DEFINITION_INCOMPLETE
session_20260802_075729_COMMERCIAL_F3750_V3p9_R04_20260802_075905_012279,session_20260802_075729,F3750_V3p9_RL49p6025_SINE,demo,COMMERCIAL,4,sine,49.6025,1.5152,0.1012,0.1038,3750.0,3765.0,0.4,3.099575422924901,3.89,3.9,4.070543591656747,-1.7897940217827186,25.0,0.2007801672681424,0.14096505854778943,1.1667031859563268,7516.441955566406,1.1098372909147907,4.641223435906351,3.8668985386347314,5.002895766536814,3762.0,0.0796812749003984,4.047562525905683,28.0,3.0,0.206061596,0.21220104887786526,0.21221500126297574,0.1359963014783527,0.1397835269271383,-32.19396425682651,3.81412365119256,0.07689377856343046,5.946132275599998,5.531619717400001,0.44502887996442686,0.29328237944834357,0.0024854267946649317,0.14926107372141836,65.9018757326012,,1,1.678121692396859,1.7521152913528049,2.8932245671409826,0.05328859651765096,0.2973066137799999,0.27658098587,1,,VIN_SCOPE1_SCOPE2_MISMATCH;VIN_REFERENCE_DRIFT,raw\session_20260802_075729_COMMERCIAL_F3750_V3p9_R04_20260802_075905_012279_scope1.csv,raw\session_20260802_075729_COMMERCIAL_F3750_V3p9_R04_20260802_075905_012279_scope2.csv,processed\session_20260802_075729_COMMERCIAL_F3750_V3p9_R04_20260802_075905_012279_B1024.csv,preview\session_20260802_075729_COMMERCIAL_F3750_V3p9_R04_20260802_075905_012279_preview.svg,2026-08-02T07:59:05.105879,MEPI-FROZEN-PROTOCOL v1.1,primary-B-reprocess-v2-temperature-channel-swap,session_20260802_075729,session_20260802_075729_COMMERCIAL_F3750_V3p9_R04_20260802_075905_012279,/mnt/e/MEPI/MEPI_DATA/demo/session_20260802_075729/samples.csv,/mnt/e/MEPI/MEPI_DATA/demo/session_20260802_075729/raw/session_20260802_075729_COMMERCIAL_F3750_V3p9_R04_20260802_075905_012279_scope1.csv,/mnt/e/MEPI/MEPI_DATA/demo/session_20260802_075729/raw/session_20260802_075729_COMMERCIAL_F3750_V3p9_R04_20260802_075905_012279_scope2.csv,ce1e9c7fd39b6e1fc405e67bc04b6827d709f64576c3329189e8f7afbc3beb4a,79e3da09636337f6ca924837dad55be7c05c5fee5f6df3cf023dd0d6f87d8608,32.19396425682652,WARNING,,TEMPERATURE_CALIBRATION_PENDING;VIN_REFERENCE_DRIFT;VIN_SCOPE1_SCOPE2_MISMATCH,LEGACY_DATA_NOT_GROUND_TRUTH,raw Scope #2 CH1 primary Vin,28.0,25.0,28.0,28.0,SWAPPED_CORE_ROOM_CHANNELS_PHYSICALLY_VERIFIED,2026-09-23,0,REFERENCE_BASED_CALIBRATION_NOT_FOUND,3.9,3.9,3.9,0.0,EXACT_FROZEN_LABEL,NOT_GENERATED_LSP_DEFINITION_INCOMPLETE
session_20260802_075729_COMMERCIAL_F3750_V3p9_R05_20260802_075908_818685,session_20260802_075729,F3750_V3p9_RL49p6025_SINE,demo,COMMERCIAL,5,sine,49.6025,1.5152,0.1012,0.1038,3750.0,3762.0,0.32,3.099575422924901,3.89,3.9,4.076489663403823,-1.9713757019851055,25.0,0.20190316384639218,0.14135241047384278,1.3190386661120341,10259.394653320312,1.109367234298249,4.79407875074056,3.8807515663616012,4.801633591749543,3764.0,0.053134962805526036,4.061748613816344,28.25,3.25,0.206470861,0.2122748051435887,0.2122856247731422,0.13626640773495247,0.13965153115100318,-32.21054641127753,3.821733037240071,0.0770471858724877,6.108499375600002,5.718228100999999,0.44742867181826745,0.2944537756752627,0.002495320335071489,0.15047957580793325,65.81021606833039,,1,1.9462221294731625,1.4793676201744181,2.734165338021509,0.053203833708318556,0.3054249687800001,0.28591140504999996,1,,VIN_SCOPE1_SCOPE2_MISMATCH;VIN_REFERENCE_DRIFT,raw\session_20260802_075729_COMMERCIAL_F3750_V3p9_R05_20260802_075908_818685_scope1.csv,raw\session_20260802_075729_COMMERCIAL_F3750_V3p9_R05_20260802_075908_818685_scope2.csv,processed\session_20260802_075729_COMMERCIAL_F3750_V3p9_R05_20260802_075908_818685_B1024.csv,preview\session_20260802_075729_COMMERCIAL_F3750_V3p9_R05_20260802_075908_818685_preview.svg,2026-08-02T07:59:08.912285,MEPI-FROZEN-PROTOCOL v1.1,primary-B-reprocess-v2-temperature-channel-swap,session_20260802_075729,session_20260802_075729_COMMERCIAL_F3750_V3p9_R05_20260802_075908_818685,/mnt/e/MEPI/MEPI_DATA/demo/session_20260802_075729/samples.csv,/mnt/e/MEPI/MEPI_DATA/demo/session_20260802_075729/raw/session_20260802_075729_COMMERCIAL_F3750_V3p9_R05_20260802_075908_818685_scope1.csv,/mnt/e/MEPI/MEPI_DATA/demo/session_20260802_075729/raw/session_20260802_075729_COMMERCIAL_F3750_V3p9_R05_20260802_075908_818685_scope2.csv,ee707461c79092b5f67593455b97e4233d8528ceda1c088243b9d2b7f47e7816,fd2a5beb3ae07a4f4049441014eb7051948d77c395fa5cdd1e72ed63c1cbfe7b,32.210546411277555,WARNING,,TEMPERATURE_CALIBRATION_PENDING;VIN_REFERENCE_DRIFT;VIN_SCOPE1_SCOPE2_MISMATCH,LEGACY_DATA_NOT_GROUND_TRUTH,raw Scope #2 CH1 primary Vin,28.25,25.0,28.25,28.25,SWAPPED_CORE_ROOM_CHANNELS_PHYSICALLY_VERIFIED,2026-09-23,0,REFERENCE_BASED_CALIBRATION_NOT_FOUND,3.9,3.9,3.9,0.0,EXACT_FROZEN_LABEL,NOT_GENERATED_LSP_DEFINITION_INCOMPLETE
session_20260802_075729_COMMERCIAL_F3500_V3p9_R01_20260802_075919_145903,session_20260802_075729,F3500_V3p9_RL49p6025_SINE,demo,COMMERCIAL,1,sine,49.6025,1.5152,0.1012,0.1038,3500.0,3515.0,0.42857142857142855,2.8885619416996047,3.89,3.9,4.07921787564828,-2.0249526479826643,25.75,0.21493070981466644,0.1513383929108285,0.7451197101966014,4900.26216506958,1.1100312190238235,4.864212741600842,3.8687726160526146,5.1589610070095535,3510.0,0.1422475106685633,4.052013202724645,28.25,2.5,0.211626208,0.2176793562655568,0.21771787426682593,0.13966882787750792,0.14347940865892292,-32.56141100757645,3.819305372316085,0.07699824348200363,5.9522428382,5.735031772600001,0.45541254158612376,0.2940798049897184,0.00258954912787329,0.15874318746853205,64.57437556846565,,1,1.4414093149629148,1.7872278397851113,2.780763582455781,0.054701123328340345,0.29761214191,0.28675158863000005,1,,VIN_SCOPE1_SCOPE2_MISMATCH;VIN_REFERENCE_DRIFT,raw\session_20260802_075729_COMMERCIAL_F3500_V3p9_R01_20260802_075919_145903_scope1.csv,raw\session_20260802_075729_COMMERCIAL_F3500_V3p9_R01_20260802_075919_145903_scope2.csv,processed\session_20260802_075729_COMMERCIAL_F3500_V3p9_R01_20260802_075919_145903_B1024.csv,preview\session_20260802_075729_COMMERCIAL_F3500_V3p9_R01_20260802_075919_145903_preview.svg,2026-08-02T07:59:19.239504,MEPI-FROZEN-PROTOCOL v1.1,primary-B-reprocess-v2-temperature-channel-swap,session_20260802_075729,session_20260802_075729_COMMERCIAL_F3500_V3p9_R01_20260802_075919_145903,/mnt/e/MEPI/MEPI_DATA/demo/session_20260802_075729/samples.csv,/mnt/e/MEPI/MEPI_DATA/demo/session_20260802_075729/raw/session_20260802_075729_COMMERCIAL_F3500_V3p9_R01_20260802_075919_145903_scope1.csv,/mnt/e/MEPI/MEPI_DATA/demo/session_20260802_075729/raw/session_20260802_075729_COMMERCIAL_F3500_V3p9_R01_20260802_075919_145903_scope2.csv,1455ac68b87439346bb30612dce7ea2f2b427681230fc1c99305ff4afea3b34a,41e6965f894c01d1e040faf26486b317f74768e69cfd8c9480e7fe75cbfe6e18,32.5614110075764,WARNING,,TEMPERATURE_CALIBRATION_PENDING;VIN_REFERENCE_DRIFT;VIN_SCOPE1_SCOPE2_MISMATCH,LEGACY_DATA_NOT_GROUND_TRUTH,raw Scope #2 CH1 primary Vin,28.25,25.75,28.25,28.25,SWAPPED_CORE_ROOM_CHANNELS_PHYSICALLY_VERIFIED,2026-09-23,0,REFERENCE_BASED_CALIBRATION_NOT_FOUND,3.9,3.9,3.9,0.0,EXACT_FROZEN_LABEL,NOT_GENERATED_LSP_DEFINITION_INCOMPLETE
session_20260802_075729_COMMERCIAL_F3500_V3p9_R02_20260802_075922_874310,session_20260802_075729,F3500_V3p9_RL49p6025_SINE,demo,COMMERCIAL,2,sine,49.6025,1.5152,0.1012,0.1038,3500.0,3512.0,0.34285714285714286,2.8885619416996047,3.89,3.9,4.090747592509911,-2.0465746513341547,25.75,0.21650015220923535,0.15252763729141505,0.8087093977797264,4892.784149169922,1.1096001539926434,5.160606491256864,3.87030270974578,5.388865428112747,3510.0,0.05694760820045558,4.054152763752464,28.0,2.25,0.211300145,0.21655803784401284,0.21659085591419847,0.1394536331837381,0.14262143611404432,-33.064249496517,3.8286435838683404,0.0771865043872454,6.1117958114,5.734870956400001,0.45232388160127174,0.2955196147834526,0.002586483480282642,0.15421778333753647,65.33363079068116,,1,1.6831978260339422,1.4545172755945577,2.4279370538996643,0.054595250254696394,0.30558979057,0.28674354782000006,1,,VIN_SCOPE1_SCOPE2_MISMATCH;VIN_REFERENCE_DRIFT,raw\session_20260802_075729_COMMERCIAL_F3500_V3p9_R02_20260802_075922_874310_scope1.csv,raw\session_20260802_075729_COMMERCIAL_F3500_V3p9_R02_20260802_075922_874310_scope2.csv,processed\session_20260802_075729_COMMERCIAL_F3500_V3p9_R02_20260802_075922_874310_B1024.csv,preview\session_20260802_075729_COMMERCIAL_F3500_V3p9_R02_20260802_075922_874310_preview.svg,2026-08-02T07:59:22.967910,MEPI-FROZEN-PROTOCOL v1.1,primary-B-reprocess-v2-temperature-channel-swap,session_20260802_075729,session_20260802_075729_COMMERCIAL_F3500_V3p9_R02_20260802_075922_874310,/mnt/e/MEPI/MEPI_DATA/demo/session_20260802_075729/samples.csv,/mnt/e/MEPI/MEPI_DATA/demo/session_20260802_075729/raw/session_20260802_075729_COMMERCIAL_F3500_V3p9_R02_20260802_075922_874310_scope1.csv,/mnt/e/MEPI/MEPI_DATA/demo/session_20260802_075729/raw/session_20260802_075729_COMMERCIAL_F3500_V3p9_R02_20260802_075922_874310_scope2.csv,c4638b650d31f83772c5f81891aabbac20c554632a0fa4e6587c2a45f4c4cd9a,60e06aa2499da6a5e3f19716fd3b03740b6ddb09a2d20af041994f30bc29d516,33.064249496517014,WARNING,,TEMPERATURE_CALIBRATION_PENDING;VIN_REFERENCE_DRIFT;VIN_SCOPE1_SCOPE2_MISMATCH,LEGACY_DATA_NOT_GROUND_TRUTH,raw Scope #2 CH1 primary Vin,28.0,25.75,28.0,28.0,SWAPPED_CORE_ROOM_CHANNELS_PHYSICALLY_VERIFIED,2026-09-23,0,REFERENCE_BASED_CALIBRATION_NOT_FOUND,3.9,3.9,3.9,0.0,EXACT_FROZEN_LABEL,NOT_GENERATED_LSP_DEFINITION_INCOMPLETE
session_20260802_075729_COMMERCIAL_F3500_V3p9_R03_20260802_075926_696317,session_20260802_075729,F3500_V3p9_RL49p6025_SINE,demo,COMMERCIAL,3,sine,49.6025,1.5152,0.1012,0.1038,3500.0,3516.0,0.45714285714285713,2.8885619416996047,3.89,3.9,4.057228111397499,-1.6925235588394605,25.25,0.21408872596919082,0.15070148700844088,0.6899502001416106,5126.140869140625,1.1102009388291694,4.298923172172792,3.854181715709546,5.004559519776163,3514.0,0.05688282138794084,4.037117877461793,27.5,2.25,0.21045703,0.21613548797264484,0.21616770396279522,0.13889719508975712,0.14215945089757126,-32.645175498288374,3.8036089940196858,0.07668180019191947,6.0996551338,5.529368439800001,0.4507667285513396,0.29166758488760536,0.002562748219638673,0.15653639544409556,64.70477220556135,,1,1.3320544580428624,1.4231207102255081,2.6272677503860655,0.054604854032227576,0.30498275668999997,0.27646842199000005,1,,VIN_SCOPE1_SCOPE2_MISMATCH;VIN_REFERENCE_DRIFT,raw\session_20260802_075729_COMMERCIAL_F3500_V3p9_R03_20260802_075926_696317_scope1.csv,raw\session_20260802_075729_COMMERCIAL_F3500_V3p9_R03_20260802_075926_696317_scope2.csv,processed\session_20260802_075729_COMMERCIAL_F3500_V3p9_R03_20260802_075926_696317_B1024.csv,preview\session_20260802_075729_COMMERCIAL_F3500_V3p9_R03_20260802_075926_696317_preview.svg,2026-08-02T07:59:26.789917,MEPI-FROZEN-PROTOCOL v1.1,primary-B-reprocess-v2-temperature-channel-swap,session_20260802_075729,session_20260802_075729_COMMERCIAL_F3500_V3p9_R03_20260802_075926_696317,/mnt/e/MEPI/MEPI_DATA/demo/session_20260802_075729/samples.csv,/mnt/e/MEPI/MEPI_DATA/demo/session_20260802_075729/raw/session_20260802_075729_COMMERCIAL_F3500_V3p9_R03_20260802_075926_696317_scope1.csv,/mnt/e/MEPI/MEPI_DATA/demo/session_20260802_075729/raw/session_20260802_075729_COMMERCIAL_F3500_V3p9_R03_20260802_075926_696317_scope2.csv,ce65ca77508b4fda1d5c6d285607184c33f44ca74c76f846a322cc64c369ce0c,571780aca6d4d69dc2b15902eca29ef42a538835029811609bdac297e2b7b062,32.645175498288374,WARNING,,TEMPERATURE_CALIBRATION_PENDING;VIN_REFERENCE_DRIFT;VIN_SCOPE1_SCOPE2_MISMATCH,LEGACY_DATA_NOT_GROUND_TRUTH,raw Scope #2 CH1 primary Vin,27.5,25.25,27.5,27.5,SWAPPED_CORE_ROOM_CHANNELS_PHYSICALLY_VERIFIED,2026-09-23,0,REFERENCE_BASED_CALIBRATION_NOT_FOUND,3.9,3.9,3.9,0.0,EXACT_FROZEN_LABEL,NOT_GENERATED_LSP_DEFINITION_INCOMPLETE
session_20260802_075729_COMMERCIAL_F3500_V3p9_R04_20260802_075930_518323,session_20260802_075729,F3500_V3p9_RL49p6025_SINE,demo,COMMERCIAL,4,sine,49.6025,1.5152,0.1012,0.1038,3500.0,3516.0,0.45714285714285713,2.8885619416996047,3.89,3.9,4.058460338607792,-1.912736599209314,25.75,0.21431769446735416,0.15072472295343212,0.72926590597078,4900.985641479492,1.1097648621324812,4.330599964210421,3.8604642770199313,4.8786003821285835,3510.0,0.17064846416382254,4.043289552452527,28.5,2.75,0.210469882,0.21572805008872073,0.21576682709309433,0.13890567713833157,0.1424234424498416,-33.60927061777731,3.8034955564705886,0.0766795132598274,5.951157440399999,5.721042220199998,0.4465980020327718,0.2916501879560811,0.0025629502755360593,0.15238486380115462,65.30485730535793,,1,1.5191308836463773,1.7286896091247679,2.4374058387670257,0.05451931863554801,0.29755787201999995,0.28605211100999994,1,,VIN_SCOPE1_SCOPE2_MISMATCH;VIN_REFERENCE_DRIFT,raw\session_20260802_075729_COMMERCIAL_F3500_V3p9_R04_20260802_075930_518323_scope1.csv,raw\session_20260802_075729_COMMERCIAL_F3500_V3p9_R04_20260802_075930_518323_scope2.csv,processed\session_20260802_075729_COMMERCIAL_F3500_V3p9_R04_20260802_075930_518323_B1024.csv,preview\session_20260802_075729_COMMERCIAL_F3500_V3p9_R04_20260802_075930_518323_preview.svg,2026-08-02T07:59:30.611924,MEPI-FROZEN-PROTOCOL v1.1,primary-B-reprocess-v2-temperature-channel-swap,session_20260802_075729,session_20260802_075729_COMMERCIAL_F3500_V3p9_R04_20260802_075930_518323,/mnt/e/MEPI/MEPI_DATA/demo/session_20260802_075729/samples.csv,/mnt/e/MEPI/MEPI_DATA/demo/session_20260802_075729/raw/session_20260802_075729_COMMERCIAL_F3500_V3p9_R04_20260802_075930_518323_scope1.csv,/mnt/e/MEPI/MEPI_DATA/demo/session_20260802_075729/raw/session_20260802_075729_COMMERCIAL_F3500_V3p9_R04_20260802_075930_518323_scope2.csv,6fc2e57a1e6917cf7c279660371750980dfe56f1c980084ddbc8c74971148908,41b7b301c35ddae16fd9c8d58574f30ec927ce46e3ee50125dcf7a3bedde3a8f,33.60927061777731,WARNING,,TEMPERATURE_CALIBRATION_PENDING;VIN_REFERENCE_DRIFT;VIN_SCOPE1_SCOPE2_MISMATCH,LEGACY_DATA_NOT_GROUND_TRUTH,raw Scope #2 CH1 primary Vin,28.5,25.75,28.5,28.5,SWAPPED_CORE_ROOM_CHANNELS_PHYSICALLY_VERIFIED,2026-09-23,0,REFERENCE_BASED_CALIBRATION_NOT_FOUND,3.9,3.9,3.9,0.0,EXACT_FROZEN_LABEL,NOT_GENERATED_LSP_DEFINITION_INCOMPLETE
session_20260802_075729_COMMERCIAL_F3500_V3p9_R05_20260802_075934_340330,session_20260802_075729,F3500_V3p9_RL49p6025_SINE,demo,COMMERCIAL,5,sine,49.6025,1.5152,0.1012,0.1038,3500.0,3514.0,0.4,2.8885619416996047,3.89,3.9,4.062774087325686,-1.8286823086144295,25.5,0.2143077664399442,0.15104034760909904,0.6472850258969113,6544.728485107422,1.1100819587617177,4.4414932474474496,3.853604594228548,5.148440169235043,3515.0,0.02844950213371266,4.035911459775222,28.5,3.0,0.210511512,0.21481731155604977,0.2148422215243158,0.13893315205913412,0.1416974656810982,-33.08494884836415,3.8043845563407515,0.07669743574095562,6.1097858002,5.5366850604,0.4485858899336204,0.29178654004382876,0.002564008131188859,0.1542353417586028,65.04585779258592,,1,1.2107389059078184,1.381269454527264,2.0044006345951773,0.05462716966740117,0.30548929001,0.27683425302,1,,VIN_SCOPE1_SCOPE2_MISMATCH;VIN_REFERENCE_DRIFT,raw\session_20260802_075729_COMMERCIAL_F3500_V3p9_R05_20260802_075934_340330_scope1.csv,raw\session_20260802_075729_COMMERCIAL_F3500_V3p9_R05_20260802_075934_340330_scope2.csv,processed\session_20260802_075729_COMMERCIAL_F3500_V3p9_R05_20260802_075934_340330_B1024.csv,preview\session_20260802_075729_COMMERCIAL_F3500_V3p9_R05_20260802_075934_340330_preview.svg,2026-08-02T07:59:34.418330,MEPI-FROZEN-PROTOCOL v1.1,primary-B-reprocess-v2-temperature-channel-swap,session_20260802_075729,session_20260802_075729_COMMERCIAL_F3500_V3p9_R05_20260802_075934_340330,/mnt/e/MEPI/MEPI_DATA/demo/session_20260802_075729/samples.csv,/mnt/e/MEPI/MEPI_DATA/demo/session_20260802_075729/raw/session_20260802_075729_COMMERCIAL_F3500_V3p9_R05_20260802_075934_340330_scope1.csv,/mnt/e/MEPI/MEPI_DATA/demo/session_20260802_075729/raw/session_20260802_075729_COMMERCIAL_F3500_V3p9_R05_20260802_075934_340330_scope2.csv,9397358fffaba73dac9cdf22610788620f676e0dbac606883b2be8c92d1773be,a2200a3a4277f827031b388f1eadec74ceb589cd04c53cfb923083c4c2b4510d,33.08494884836411,WARNING,,TEMPERATURE_CALIBRATION_PENDING;VIN_REFERENCE_DRIFT;VIN_SCOPE1_SCOPE2_MISMATCH,LEGACY_DATA_NOT_GROUND_TRUTH,raw Scope #2 CH1 primary Vin,28.5,25.5,28.5,28.5,SWAPPED_CORE_ROOM_CHANNELS_PHYSICALLY_VERIFIED,2026-09-23,0,REFERENCE_BASED_CALIBRATION_NOT_FOUND,3.9,3.9,3.9,0.0,EXACT_FROZEN_LABEL,NOT_GENERATED_LSP_DEFINITION_INCOMPLETE
session_20260802_075729_COMMERCIAL_F3250_V3p9_R01_20260802_075944_776748,session_20260802_075729,F3250_V3p9_RL49p6025_SINE,demo,COMMERCIAL,1,sine,49.6025,1.5152,0.1012,0.1038,3250.0,3267.0,0.5230769230769231,2.6794609693675886,3.89,3.9,4.03271902480388,-2.2913321947083767,25.75,0.23102264138009332,0.16232311853860887,0.766452743174297,4908.276672363281,1.1102909952410376,3.668869532233256,3.829778785850788,5.032342637929087,3263.0,0.12243648607284971,4.014851636954305,27.5,1.75,0.215748417,0.22100195667250405,0.2209921229774322,0.1423893987592397,0.14625131995776133,-32.89160345664989,3.769580487978605,0.07599577618020473,5.9524438064,5.528403670800001,0.4579048224366803,0.286472195057689,0.0026512859370692566,0.16878134144192203,62.56151519288766,,1,1.2703355975749149,1.6431106032832834,2.3771462260350535,0.05633443315240235,0.29762219032,0.2764201835400001,1,,VIN_SCOPE1_SCOPE2_MISMATCH;VIN_REFERENCE_DRIFT,raw\session_20260802_075729_COMMERCIAL_F3250_V3p9_R01_20260802_075944_776748_scope1.csv,raw\session_20260802_075729_COMMERCIAL_F3250_V3p9_R01_20260802_075944_776748_scope2.csv,processed\session_20260802_075729_COMMERCIAL_F3250_V3p9_R01_20260802_075944_776748_B1024.csv,preview\session_20260802_075729_COMMERCIAL_F3250_V3p9_R01_20260802_075944_776748_preview.svg,2026-08-02T07:59:44.885949,MEPI-FROZEN-PROTOCOL v1.1,primary-B-reprocess-v2-temperature-channel-swap,session_20260802_075729,session_20260802_075729_COMMERCIAL_F3250_V3p9_R01_20260802_075944_776748,/mnt/e/MEPI/MEPI_DATA/demo/session_20260802_075729/samples.csv,/mnt/e/MEPI/MEPI_DATA/demo/session_20260802_075729/raw/session_20260802_075729_COMMERCIAL_F3250_V3p9_R01_20260802_075944_776748_scope1.csv,/mnt/e/MEPI/MEPI_DATA/demo/session_20260802_075729/raw/session_20260802_075729_COMMERCIAL_F3250_V3p9_R01_20260802_075944_776748_scope2.csv,bea8d9db79238af8ef6464f1e9040f0446937dec0ed31b8e8050e2806bf5e24f,3453bc81f1d4f84f264014edc3b798e9e8074711dd8a79c6723a440088453d0f,32.89160345664989,WARNING,,TEMPERATURE_CALIBRATION_PENDING;VIN_REFERENCE_DRIFT;VIN_SCOPE1_SCOPE2_MISMATCH,LEGACY_DATA_NOT_GROUND_TRUTH,raw Scope #2 CH1 primary Vin,27.5,25.75,27.5,27.5,SWAPPED_CORE_ROOM_CHANNELS_PHYSICALLY_VERIFIED,2026-09-23,0,REFERENCE_BASED_CALIBRATION_NOT_FOUND,3.9,3.9,3.9,0.0,EXACT_FROZEN_LABEL,NOT_GENERATED_LSP_DEFINITION_INCOMPLETE
session_20260802_075729_COMMERCIAL_F3250_V3p9_R02_20260802_075948_785955,session_20260802_075729,F3250_V3p9_RL49p6025_SINE,demo,COMMERCIAL,2,sine,49.6025,1.5152,0.1012,0.1038,3250.0,3264.0,0.4307692307692308,2.6794609693675886,3.89,3.9,4.032302086977244,-2.2028446738353065,25.75,0.23044016956292523,0.16197041233088255,0.8488454435334959,4891.517578125,1.1100301988251786,3.658151336175516,3.8249655737341093,5.141889391489984,3265.0,0.030627871362940276,4.0096927511911815,28.75,3.0,0.215563717,0.220090017993355,0.22008245319397868,0.14226750065997887,0.14578933474128827,-33.58109004203839,3.7714511487198763,0.07603348921364601,6.1388910816,5.737805717200001,0.45334869241763537,0.2867565902359856,0.0026483695203283223,0.16394373266132145,63.2529871668448,,1,1.6226813809971319,1.5659595696884827,2.0565680509379933,0.05635703455222376,0.30694455408,0.2868902858600001,1,,VIN_SCOPE1_SCOPE2_MISMATCH;VIN_REFERENCE_DRIFT,raw\session_20260802_075729_COMMERCIAL_F3250_V3p9_R02_20260802_075948_785955_scope1.csv,raw\session_20260802_075729_COMMERCIAL_F3250_V3p9_R02_20260802_075948_785955_scope2.csv,processed\session_20260802_075729_COMMERCIAL_F3250_V3p9_R02_20260802_075948_785955_B1024.csv,preview\session_20260802_075729_COMMERCIAL_F3250_V3p9_R02_20260802_075948_785955_preview.svg,2026-08-02T07:59:48.895156,MEPI-FROZEN-PROTOCOL v1.1,primary-B-reprocess-v2-temperature-channel-swap,session_20260802_075729,session_20260802_075729_COMMERCIAL_F3250_V3p9_R02_20260802_075948_785955,/mnt/e/MEPI/MEPI_DATA/demo/session_20260802_075729/samples.csv,/mnt/e/MEPI/MEPI_DATA/demo/session_20260802_075729/raw/session_20260802_075729_COMMERCIAL_F3250_V3p9_R02_20260802_075948_785955_scope1.csv,/mnt/e/MEPI/MEPI_DATA/demo/session_20260802_075729/raw/session_20260802_075729_COMMERCIAL_F3250_V3p9_R02_20260802_075948_785955_scope2.csv,31cf2f9c71248634abda06c8739d4e413e028abef60775cc3e16850d4da175ae,4e440aa1f327730c441948cefe8c3212a352d467369ee9ea56c496a3cc118c77,33.58109004203839,WARNING,,TEMPERATURE_CALIBRATION_PENDING;VIN_REFERENCE_DRIFT;VIN_SCOPE1_SCOPE2_MISMATCH,LEGACY_DATA_NOT_GROUND_TRUTH,raw Scope #2 CH1 primary Vin,28.75,25.75,28.75,28.75,SWAPPED_CORE_ROOM_CHANNELS_PHYSICALLY_VERIFIED,2026-09-23,0,REFERENCE_BASED_CALIBRATION_NOT_FOUND,3.9,3.9,3.9,0.0,EXACT_FROZEN_LABEL,NOT_GENERATED_LSP_DEFINITION_INCOMPLETE
session_20260802_075729_COMMERCIAL_F3250_V3p9_R03_20260802_075952_670362,session_20260802_075729,F3250_V3p9_RL49p6025_SINE,demo,COMMERCIAL,3,sine,49.6025,1.5152,0.1012,0.1038,3250.0,3266.0,0.49230769230769234,2.6794609693675886,3.89,3.9,4.030729799259248,-2.065290043972339,26.0,0.23064061880563713,0.16227619778608737,0.7603108996362254,4879.9567222595215,1.1097992698439278,3.6177326287726017,3.8221795684401876,5.174006723481933,3266.0,0.0,4.006811707324048,28.25,2.25,0.215625131,0.22100950749322162,0.22100560546322065,0.14230803260295669,0.14618532206969376,-33.52686543763767,3.771552062737407,0.07603552366790801,5.9400217298,5.5286850222,0.4534320753306216,0.2867719361310174,0.0026495689149156287,0.16401057028468852,63.24473978200962,,1,1.391438974446324,1.5694226846011503,2.436264645034226,0.05641418126464303,0.29700108649,0.27643425111000003,1,,VIN_SCOPE1_SCOPE2_MISMATCH;VIN_REFERENCE_DRIFT,raw\session_20260802_075729_COMMERCIAL_F3250_V3p9_R03_20260802_075952_670362_scope1.csv,raw\session_20260802_075729_COMMERCIAL_F3250_V3p9_R03_20260802_075952_670362_scope2.csv,processed\session_20260802_075729_COMMERCIAL_F3250_V3p9_R03_20260802_075952_670362_B1024.csv,preview\session_20260802_075729_COMMERCIAL_F3250_V3p9_R03_20260802_075952_670362_preview.svg,2026-08-02T07:59:52.763962,MEPI-FROZEN-PROTOCOL v1.1,primary-B-reprocess-v2-temperature-channel-swap,session_20260802_075729,session_20260802_075729_COMMERCIAL_F3250_V3p9_R03_20260802_075952_670362,/mnt/e/MEPI/MEPI_DATA/demo/session_20260802_075729/samples.csv,/mnt/e/MEPI/MEPI_DATA/demo/session_20260802_075729/raw/session_20260802_075729_COMMERCIAL_F3250_V3p9_R03_20260802_075952_670362_scope1.csv,/mnt/e/MEPI/MEPI_DATA/demo/session_20260802_075729/raw/session_20260802_075729_COMMERCIAL_F3250_V3p9_R03_20260802_075952_670362_scope2.csv,edce1a41f5af66f40798f14dc07ed3027da6eca9cdb343dfd659b478f4dbed97,a401b6ba6aa1e7487467bea247a7e6e0617aaceebdba56fecb5640abbcb162f4,33.52686543763765,WARNING,,TEMPERATURE_CALIBRATION_PENDING;VIN_REFERENCE_DRIFT;VIN_SCOPE1_SCOPE2_MISMATCH,LEGACY_DATA_NOT_GROUND_TRUTH,raw Scope #2 CH1 primary Vin,28.25,26.0,28.25,28.25,SWAPPED_CORE_ROOM_CHANNELS_PHYSICALLY_VERIFIED,2026-09-23,0,REFERENCE_BASED_CALIBRATION_NOT_FOUND,3.9,3.9,3.9,0.0,EXACT_FROZEN_LABEL,NOT_GENERATED_LSP_DEFINITION_INCOMPLETE
session_20260802_075729_COMMERCIAL_F3250_V3p9_R04_20260802_075956_476769,session_20260802_075729,F3250_V3p9_RL49p6025_SINE,demo,COMMERCIAL,4,sine,49.6025,1.5152,0.1012,0.1038,3250.0,3264.0,0.4307692307692308,2.6794609693675886,3.89,3.9,4.033684148612212,-2.0730411761136867,25.25,0.23119783444424513,0.16257180913464542,0.7682267484338654,4895.701171875,1.1099909265834527,3.6936799129104316,3.8222254812140455,5.242320905837725,3267.0,0.09182736455463728,4.007423937383047,28.25,3.0,0.215692972,0.22119333731194393,0.22118805947180384,0.14235280623020063,0.14651531151003166,-32.49951609201132,3.775197012484206,0.07610900685417481,5.9426347942,5.729001661000002,0.4588955696610048,0.2873264952990207,0.002652019229836573,0.16891705513214753,62.61261042709008,,1,1.4313980158357618,1.8543934150886354,2.4866776634356222,0.05643125269822893,0.29713173971,0.2864500830500001,1,,VIN_SCOPE1_SCOPE2_MISMATCH;VIN_REFERENCE_DRIFT,raw\session_20260802_075729_COMMERCIAL_F3250_V3p9_R04_20260802_075956_476769_scope1.csv,raw\session_20260802_075729_COMMERCIAL_F3250_V3p9_R04_20260802_075956_476769_scope2.csv,processed\session_20260802_075729_COMMERCIAL_F3250_V3p9_R04_20260802_075956_476769_B1024.csv,preview\session_20260802_075729_COMMERCIAL_F3250_V3p9_R04_20260802_075956_476769_preview.svg,2026-08-02T07:59:56.601569,MEPI-FROZEN-PROTOCOL v1.1,primary-B-reprocess-v2-temperature-channel-swap,session_20260802_075729,session_20260802_075729_COMMERCIAL_F3250_V3p9_R04_20260802_075956_476769,/mnt/e/MEPI/MEPI_DATA/demo/session_20260802_075729/samples.csv,/mnt/e/MEPI/MEPI_DATA/demo/session_20260802_075729/raw/session_20260802_075729_COMMERCIAL_F3250_V3p9_R04_20260802_075956_476769_scope1.csv,/mnt/e/MEPI/MEPI_DATA/demo/session_20260802_075729/raw/session_20260802_075729_COMMERCIAL_F3250_V3p9_R04_20260802_075956_476769_scope2.csv,6f3021f5ecb18a5e417123e2b49e54cf5cefe425a6f193e348c8c52b21bce0ca,7a60336c5f6f9547e1b18816f80dbeb5b86fbb391c666848a9700d3bd1232802,32.49951609201129,WARNING,,TEMPERATURE_CALIBRATION_PENDING;VIN_REFERENCE_DRIFT;VIN_SCOPE1_SCOPE2_MISMATCH,LEGACY_DATA_NOT_GROUND_TRUTH,raw Scope #2 CH1 primary Vin,28.25,25.25,28.25,28.25,SWAPPED_CORE_ROOM_CHANNELS_PHYSICALLY_VERIFIED,2026-09-23,0,REFERENCE_BASED_CALIBRATION_NOT_FOUND,3.9,3.9,3.9,0.0,EXACT_FROZEN_LABEL,NOT_GENERATED_LSP_DEFINITION_INCOMPLETE
session_20260802_075729_COMMERCIAL_F3250_V3p9_R05_20260802_080000_439176,session_20260802_075729,F3250_V3p9_RL49p6025_SINE,demo,COMMERCIAL,5,sine,49.6025,1.5152,0.1012,0.1038,3250.0,3268.0,0.5538461538461539,2.6794609693675886,3.89,3.9,4.028136842036569,-1.920640235412082,26.0,0.23029487143297733,0.161907659695962,0.8801222869393286,6956.766967773438,1.1100616337414193,3.5510756307599274,3.824029029259933,5.067052604732982,3272.0,0.12224938875305623,4.008196975806982,28.25,2.25,0.215710905,0.22066890357609548,0.2206592130094398,0.14236464163146778,0.1460533262935586,-33.422479050470734,3.768711333850067,0.07597825379466895,5.9470167062,5.535117535999999,0.45437901037722417,0.2863401062021057,0.002650296094267376,0.1653886080808511,63.0178990804146,,1,1.6522298186654383,1.3007580515887778,2.246804373315677,0.056409327269606624,0.29735083531,0.2767558767999999,1,,VIN_SCOPE1_SCOPE2_MISMATCH;VIN_REFERENCE_DRIFT,raw\session_20260802_075729_COMMERCIAL_F3250_V3p9_R05_20260802_080000_439176_scope1.csv,raw\session_20260802_075729_COMMERCIAL_F3250_V3p9_R05_20260802_080000_439176_scope2.csv,processed\session_20260802_075729_COMMERCIAL_F3250_V3p9_R05_20260802_080000_439176_B1024.csv,preview\session_20260802_075729_COMMERCIAL_F3250_V3p9_R05_20260802_080000_439176_preview.svg,2026-08-02T08:00:00.532776,MEPI-FROZEN-PROTOCOL v1.1,primary-B-reprocess-v2-temperature-channel-swap,session_20260802_075729,session_20260802_075729_COMMERCIAL_F3250_V3p9_R05_20260802_080000_439176,/mnt/e/MEPI/MEPI_DATA/demo/session_20260802_075729/samples.csv,/mnt/e/MEPI/MEPI_DATA/demo/session_20260802_075729/raw/session_20260802_075729_COMMERCIAL_F3250_V3p9_R05_20260802_080000_439176_scope1.csv,/mnt/e/MEPI/MEPI_DATA/demo/session_20260802_075729/raw/session_20260802_075729_COMMERCIAL_F3250_V3p9_R05_20260802_080000_439176_scope2.csv,a7b015ebaac6f82cea0dc03482cf7e7a2897b5c76742fc7594e0098e85dd4234,e468dc006b5e6f1ae42432a4dbe407aeb3d7a320aa034709738210ebc2001f61,33.422479050470734,WARNING,,TEMPERATURE_CALIBRATION_PENDING;VIN_REFERENCE_DRIFT;VIN_SCOPE1_SCOPE2_MISMATCH,LEGACY_DATA_NOT_GROUND_TRUTH,raw Scope #2 CH1 primary Vin,28.25,26.0,28.25,28.25,SWAPPED_CORE_ROOM_CHANNELS_PHYSICALLY_VERIFIED,2026-09-23,0,REFERENCE_BASED_CALIBRATION_NOT_FOUND,3.9,3.9,3.9,0.0,EXACT_FROZEN_LABEL,NOT_GENERATED_LSP_DEFINITION_INCOMPLETE
session_20260802_075729_COMMERCIAL_F3000_V3p9_R01_20260802_080010_657194,session_20260802_075729,F3000_V3p9_RL49p6025_SINE,demo,COMMERCIAL,1,sine,49.6025,1.5152,0.1012,0.1038,3000.0,3017.0,0.5666666666666667,2.467172482213438,3.89,3.9,4.032972404945473,-2.2529517426066468,25.5,0.2491515888076421,0.1751872613899437,0.9797883304230834,5747.565460205078,1.109617544708978,3.6753831605508758,3.823620613246002,5.191004814283203,3013.0,0.1325820351342393,4.012366258105994,28.25,2.75,0.22164775,0.22634059658763278,0.2263170110082857,0.14628283394931363,0.14948521647307286,-34.29253530965278,3.768447070432984,0.0759729261717249,5.955298125,5.532865965999999,0.4621026690392972,0.28629995106405803,0.002764666867885732,0.17303805110735343,61.95591807752816,,1,1.2178868470740485,1.5598978896325018,2.073356109501919,0.05796802884474353,0.29776490624999996,0.27664329829999995,1,,VIN_SCOPE1_SCOPE2_MISMATCH;VIN_REFERENCE_DRIFT,raw\session_20260802_075729_COMMERCIAL_F3000_V3p9_R01_20260802_080010_657194_scope1.csv,raw\session_20260802_075729_COMMERCIAL_F3000_V3p9_R01_20260802_080010_657194_scope2.csv,processed\session_20260802_075729_COMMERCIAL_F3000_V3p9_R01_20260802_080010_657194_B1024.csv,preview\session_20260802_075729_COMMERCIAL_F3000_V3p9_R01_20260802_080010_657194_preview.svg,2026-08-02T08:00:10.750794,MEPI-FROZEN-PROTOCOL v1.1,primary-B-reprocess-v2-temperature-channel-swap,session_20260802_075729,session_20260802_075729_COMMERCIAL_F3000_V3p9_R01_20260802_080010_657194,/mnt/e/MEPI/MEPI_DATA/demo/session_20260802_075729/samples.csv,/mnt/e/MEPI/MEPI_DATA/demo/session_20260802_075729/raw/session_20260802_075729_COMMERCIAL_F3000_V3p9_R01_20260802_080010_657194_scope1.csv,/mnt/e/MEPI/MEPI_DATA/demo/session_20260802_075729/raw/session_20260802_075729_COMMERCIAL_F3000_V3p9_R01_20260802_080010_657194_scope2.csv,88ce60c5ccbc3209b82c0c193f105a2dea7ab84e104b44c4d28fd054388ee707,5f40bf2ed9394627b5c879dd1c7a80a4f01a84f97e8d7fda5ae0aaa5473df336,34.29253530965283,WARNING,,TEMPERATURE_CALIBRATION_PENDING;VIN_REFERENCE_DRIFT;VIN_SCOPE1_SCOPE2_MISMATCH,LEGACY_DATA_NOT_GROUND_TRUTH,raw Scope #2 CH1 primary Vin,28.25,25.5,28.25,28.25,SWAPPED_CORE_ROOM_CHANNELS_PHYSICALLY_VERIFIED,2026-09-23,0,REFERENCE_BASED_CALIBRATION_NOT_FOUND,3.9,3.9,3.9,0.0,EXACT_FROZEN_LABEL,NOT_GENERATED_LSP_DEFINITION_INCOMPLETE
session_20260802_075729_COMMERCIAL_F3000_V3p9_R02_20260802_080014_494801,session_20260802_075729,F3000_V3p9_RL49p6025_SINE,demo,COMMERCIAL,2,sine,49.6025,1.5152,0.1012,0.1038,3000.0,3015.0,0.5,2.467172482213438,3.89,3.9,4.0355704411832125,-2.1776760656008367,25.25,0.24987685698073392,0.17569131045251177,0.9461405213745794,4896.890716552734,1.1096126454905926,3.7421707245039233,3.828014853809735,5.143153623471736,3015.0,0.0,4.0166059001443735,28.0,2.75,0.221749812,0.2265714872948662,0.226546581503829,0.14635019271383315,0.14981520591341077,-33.525007428009395,3.77494981711792,0.07610402332781452,6.1123988688,5.530494114599999,0.4670334436723574,0.2872888689432713,0.002768731107087901,0.17697584362199817,61.5135538654949,,1,1.4414696155237292,1.37994940664863,2.128103298625195,0.0579281482618358,0.30561994344,0.27652470572999993,1,,VIN_SCOPE1_SCOPE2_MISMATCH;VIN_REFERENCE_DRIFT,raw\session_20260802_075729_COMMERCIAL_F3000_V3p9_R02_20260802_080014_494801_scope1.csv,raw\session_20260802_075729_COMMERCIAL_F3000_V3p9_R02_20260802_080014_494801_scope2.csv,processed\session_20260802_075729_COMMERCIAL_F3000_V3p9_R02_20260802_080014_494801_B1024.csv,preview\session_20260802_075729_COMMERCIAL_F3000_V3p9_R02_20260802_080014_494801_preview.svg,2026-08-02T08:00:14.572801,MEPI-FROZEN-PROTOCOL v1.1,primary-B-reprocess-v2-temperature-channel-swap,session_20260802_075729,session_20260802_075729_COMMERCIAL_F3000_V3p9_R02_20260802_080014_494801,/mnt/e/MEPI/MEPI_DATA/demo/session_20260802_075729/samples.csv,/mnt/e/MEPI/MEPI_DATA/demo/session_20260802_075729/raw/session_20260802_075729_COMMERCIAL_F3000_V3p9_R02_20260802_080014_494801_scope1.csv,/mnt/e/MEPI/MEPI_DATA/demo/session_20260802_075729/raw/session_20260802_075729_COMMERCIAL_F3000_V3p9_R02_20260802_080014_494801_scope2.csv,66a278e584c41be5ac1ab69fdd396a210802c3c055bfe584ac2d3419ed99e00f,8b6c6ee36f285508d1e17e47aafc56c84ac5af2c12865ff523603b261309bea0,33.52500742800941,WARNING,,TEMPERATURE_CALIBRATION_PENDING;VIN_REFERENCE_DRIFT;VIN_SCOPE1_SCOPE2_MISMATCH,LEGACY_DATA_NOT_GROUND_TRUTH,raw Scope #2 CH1 primary Vin,28.0,25.25,28.0,28.0,SWAPPED_CORE_ROOM_CHANNELS_PHYSICALLY_VERIFIED,2026-09-23,0,REFERENCE_BASED_CALIBRATION_NOT_FOUND,3.9,3.9,3.9,0.0,EXACT_FROZEN_LABEL,NOT_GENERATED_LSP_DEFINITION_INCOMPLETE
session_20260802_075729_COMMERCIAL_F3000_V3p9_R03_20260802_080018_301207,session_20260802_075729,F3000_V3p9_RL49p6025_SINE,demo,COMMERCIAL,3,sine,49.6025,1.5152,0.1012,0.1038,3000.0,3015.0,0.5,2.467172482213438,3.89,3.9,4.028011281040683,-2.159427189427035,25.5,0.2491842793044725,0.17498448632581928,0.9883913239066967,4898.960952758789,1.1096057471033687,3.5478478416631742,3.822602475172234,5.099509200366235,3008.0,0.23217247097844113,4.011003945726548,28.25,2.75,0.22153904,0.22654190331589452,0.2265184162069318,0.14621108764519533,0.14988120380147835,-34.35608935731423,3.7667357389290856,0.0759384252593939,5.9494287358,5.740418707799999,0.4614034604117714,0.28603998038255424,0.0027619991255445546,0.17260148090367258,61.993462321952,,1,1.5031182127706564,1.6205856950498827,2.2083611211292937,0.05795502970525806,0.29747143679,0.28702093538999995,1,,VIN_SCOPE1_SCOPE2_MISMATCH;VIN_REFERENCE_DRIFT,raw\session_20260802_075729_COMMERCIAL_F3000_V3p9_R03_20260802_080018_301207_scope1.csv,raw\session_20260802_075729_COMMERCIAL_F3000_V3p9_R03_20260802_080018_301207_scope2.csv,processed\session_20260802_075729_COMMERCIAL_F3000_V3p9_R03_20260802_080018_301207_B1024.csv,preview\session_20260802_075729_COMMERCIAL_F3000_V3p9_R03_20260802_080018_301207_preview.svg,2026-08-02T08:00:18.394807,MEPI-FROZEN-PROTOCOL v1.1,primary-B-reprocess-v2-temperature-channel-swap,session_20260802_075729,session_20260802_075729_COMMERCIAL_F3000_V3p9_R03_20260802_080018_301207,/mnt/e/MEPI/MEPI_DATA/demo/session_20260802_075729/samples.csv,/mnt/e/MEPI/MEPI_DATA/demo/session_20260802_075729/raw/session_20260802_075729_COMMERCIAL_F3000_V3p9_R03_20260802_080018_301207_scope1.csv,/mnt/e/MEPI/MEPI_DATA/demo/session_20260802_075729/raw/session_20260802_075729_COMMERCIAL_F3000_V3p9_R03_20260802_080018_301207_scope2.csv,42e2123ae2da42c35b77c9c99bd4c3fc4d361d7d9f83070821d70f3d8c885faf,b507cc55daa01591969cf269076156dd624e0b30ddd5a40fb32075698cfbb1ab,34.35608935731423,WARNING,,TEMPERATURE_CALIBRATION_PENDING;VIN_REFERENCE_DRIFT;VIN_SCOPE1_SCOPE2_MISMATCH,LEGACY_DATA_NOT_GROUND_TRUTH,raw Scope #2 CH1 primary Vin,28.25,25.5,28.25,28.25,SWAPPED_CORE_ROOM_CHANNELS_PHYSICALLY_VERIFIED,2026-09-23,0,REFERENCE_BASED_CALIBRATION_NOT_FOUND,3.9,3.9,3.9,0.0,EXACT_FROZEN_LABEL,NOT_GENERATED_LSP_DEFINITION_INCOMPLETE
session_20260802_075729_COMMERCIAL_F3000_V3p9_R04_20260802_080022_107614,session_20260802_075729,F3000_V3p9_RL49p6025_SINE,demo,COMMERCIAL,4,sine,49.6025,1.5152,0.1012,0.1038,3000.0,3012.0,0.4,2.467172482213438,3.89,3.9,4.033449472896298,-2.0665902746639757,25.5,0.24893402709363954,0.1751183052370035,0.9888505210298449,6627.080200195313,1.1096693672652627,3.687647118157904,3.8229953977172157,5.21771938866032,3016.0,0.13262599469496023,4.011288649181444,28.5,3.0,0.221681526,0.22707297024991088,0.22705204445324093,0.1463051253959873,0.14981520591341077,-33.346432502368195,3.7726252319554585,0.07605715905358518,5.94500671,5.539780564999998,0.46723795464538015,0.28693515731640495,0.002766656171188904,0.1775361411577863,61.410926587541525,,1,1.5648685086960683,1.5942122748479315,2.3743223352287166,0.0579863439365819,0.2972503355,0.27698902824999994,1,,VIN_SCOPE1_SCOPE2_MISMATCH;VIN_REFERENCE_DRIFT,raw\session_20260802_075729_COMMERCIAL_F3000_V3p9_R04_20260802_080022_107614_scope1.csv,raw\session_20260802_075729_COMMERCIAL_F3000_V3p9_R04_20260802_080022_107614_scope2.csv,processed\session_20260802_075729_COMMERCIAL_F3000_V3p9_R04_20260802_080022_107614_B1024.csv,preview\session_20260802_075729_COMMERCIAL_F3000_V3p9_R04_20260802_080022_107614_preview.svg,2026-08-02T08:00:22.201214,MEPI-FROZEN-PROTOCOL v1.1,primary-B-reprocess-v2-temperature-channel-swap,session_20260802_075729,session_20260802_075729_COMMERCIAL_F3000_V3p9_R04_20260802_080022_107614,/mnt/e/MEPI/MEPI_DATA/demo/session_20260802_075729/samples.csv,/mnt/e/MEPI/MEPI_DATA/demo/session_20260802_075729/raw/session_20260802_075729_COMMERCIAL_F3000_V3p9_R04_20260802_080022_107614_scope1.csv,/mnt/e/MEPI/MEPI_DATA/demo/session_20260802_075729/raw/session_20260802_075729_COMMERCIAL_F3000_V3p9_R04_20260802_080022_107614_scope2.csv,bc5f6a943d481db9609b4d142896f6ec75e261672c48ab8a857c059a655b319f,d5ebfb9a22181e4a56c668eb3a2e01369c8a973c363beab21183b8dd20c60c7f,33.34643250236818,WARNING,,TEMPERATURE_CALIBRATION_PENDING;VIN_REFERENCE_DRIFT;VIN_SCOPE1_SCOPE2_MISMATCH,LEGACY_DATA_NOT_GROUND_TRUTH,raw Scope #2 CH1 primary Vin,28.5,25.5,28.5,28.5,SWAPPED_CORE_ROOM_CHANNELS_PHYSICALLY_VERIFIED,2026-09-23,0,REFERENCE_BASED_CALIBRATION_NOT_FOUND,3.9,3.9,3.9,0.0,EXACT_FROZEN_LABEL,NOT_GENERATED_LSP_DEFINITION_INCOMPLETE
session_20260802_075729_COMMERCIAL_F3000_V3p9_R05_20260802_080025_914021,session_20260802_075729,F3000_V3p9_RL49p6025_SINE,demo,COMMERCIAL,5,sine,49.6025,1.5152,0.1012,0.1038,3000.0,3017.0,0.5666666666666667,2.467172482213438,3.89,3.9,4.033633706056159,-2.16611851484884,25.5,0.24906659071778847,0.17506586068548818,1.1130549433226478,4872.241394042969,1.109229265224493,3.6923831891041443,3.8247787383112053,5.177836733944592,3011.0,0.19887305270135897,4.013640598403099,28.25,2.75,0.221521136,0.22770020782972916,0.2276766657627542,0.14619927138331573,0.15060718057022174,-34.079013817258684,3.7674541777004467,0.07595290918200588,5.94448397,5.540142313999998,0.4631494622805727,0.2861491050062507,0.0027618778177360566,0.17423847945658594,61.78331798060117,,1,1.7251177618893923,1.623043328868112,2.7136873912516464,0.05791737278319283,0.29722419850000004,0.2770071156999999,1,,VIN_SCOPE1_SCOPE2_MISMATCH;VIN_REFERENCE_DRIFT,raw\session_20260802_075729_COMMERCIAL_F3000_V3p9_R05_20260802_080025_914021_scope1.csv,raw\session_20260802_075729_COMMERCIAL_F3000_V3p9_R05_20260802_080025_914021_scope2.csv,processed\session_20260802_075729_COMMERCIAL_F3000_V3p9_R05_20260802_080025_914021_B1024.csv,preview\session_20260802_075729_COMMERCIAL_F3000_V3p9_R05_20260802_080025_914021_preview.svg,2026-08-02T08:00:26.007621,MEPI-FROZEN-PROTOCOL v1.1,primary-B-reprocess-v2-temperature-channel-swap,session_20260802_075729,session_20260802_075729_COMMERCIAL_F3000_V3p9_R05_20260802_080025_914021,/mnt/e/MEPI/MEPI_DATA/demo/session_20260802_075729/samples.csv,/mnt/e/MEPI/MEPI_DATA/demo/session_20260802_075729/raw/session_20260802_075729_COMMERCIAL_F3000_V3p9_R05_20260802_080025_914021_scope1.csv,/mnt/e/MEPI/MEPI_DATA/demo/session_20260802_075729/raw/session_20260802_075729_COMMERCIAL_F3000_V3p9_R05_20260802_080025_914021_scope2.csv,1daf160103eefa666debf332138b0015b58654eecf9fe063cbb1b1ba35c9e274,d8b93258bed3a03c13b50c7c15c0b143ff47ae4634eafb933140ff5fad07bfd1,34.07901381725875,WARNING,,TEMPERATURE_CALIBRATION_PENDING;VIN_REFERENCE_DRIFT;VIN_SCOPE1_SCOPE2_MISMATCH,LEGACY_DATA_NOT_GROUND_TRUTH,raw Scope #2 CH1 primary Vin,28.25,25.5,28.25,28.25,SWAPPED_CORE_ROOM_CHANNELS_PHYSICALLY_VERIFIED,2026-09-23,0,REFERENCE_BASED_CALIBRATION_NOT_FOUND,3.9,3.9,3.9,0.0,EXACT_FROZEN_LABEL,NOT_GENERATED_LSP_DEFINITION_INCOMPLETE
session_20260802_075729_COMMERCIAL_F2750_V3p9_R01_20260802_080037_395641,session_20260802_075729,F2750_V3p9_RL49p6025_SINE,demo,COMMERCIAL,1,sine,49.6025,1.5152,0.1012,0.1038,2750.0,2753.0,0.10909090909090909,2.246596456521739,3.89,3.9,4.086768844543503,-2.2840642732474565,25.0,0.2761147633565031,0.1939832556514435,0.9492582340013129,11062.576965332031,1.1099113682660962,5.058325052532751,3.8556694568330028,5.6548191615749035,2750.0,0.10897203051216854,4.050761455564206,28.25,3.25,0.229547492,0.23614114560279298,0.23615022775135086,0.15149649683210137,0.1554250263991552,-34.17112026552175,3.809251430377284,0.07679555325593033,6.148257924999999,5.7068914238,0.4832800781833676,0.29253357108676753,0.0029348266980907724,0.1878116803985093,60.53085659694285,,1,1.4585509473954772,1.8801573595156607,2.792251043739749,0.059535054695416575,0.30741289624999996,0.28534457119,1,,VIN_SCOPE1_SCOPE2_MISMATCH;VIN_REFERENCE_DRIFT,raw\session_20260802_075729_COMMERCIAL_F2750_V3p9_R01_20260802_080037_395641_scope1.csv,raw\session_20260802_075729_COMMERCIAL_F2750_V3p9_R01_20260802_080037_395641_scope2.csv,processed\session_20260802_075729_COMMERCIAL_F2750_V3p9_R01_20260802_080037_395641_B1024.csv,preview\session_20260802_075729_COMMERCIAL_F2750_V3p9_R01_20260802_080037_395641_preview.svg,2026-08-02T08:00:37.489241,MEPI-FROZEN-PROTOCOL v1.1,primary-B-reprocess-v2-temperature-channel-swap,session_20260802_075729,session_20260802_075729_COMMERCIAL_F2750_V3p9_R01_20260802_080037_395641,/mnt/e/MEPI/MEPI_DATA/demo/session_20260802_075729/samples.csv,/mnt/e/MEPI/MEPI_DATA/demo/session_20260802_075729/raw/session_20260802_075729_COMMERCIAL_F2750_V3p9_R01_20260802_080037_395641_scope1.csv,/mnt/e/MEPI/MEPI_DATA/demo/session_20260802_075729/raw/session_20260802_075729_COMMERCIAL_F2750_V3p9_R01_20260802_080037_395641_scope2.csv,7c406455ac2aa4840ce108f290cd521228c8dc4e4d158232bf7fb9dd108797c9,6c206cc42c5c7e8e5232cb6b89cca44a7d7a11c071685e3df2b9cbc1ee9e5555,34.17112026552172,WARNING,,TEMPERATURE_CALIBRATION_PENDING;VIN_REFERENCE_DRIFT;VIN_SCOPE1_SCOPE2_MISMATCH,LEGACY_DATA_NOT_GROUND_TRUTH,raw Scope #2 CH1 primary Vin,28.25,25.0,28.25,28.25,SWAPPED_CORE_ROOM_CHANNELS_PHYSICALLY_VERIFIED,2026-09-23,0,REFERENCE_BASED_CALIBRATION_NOT_FOUND,3.9,3.9,3.9,0.0,EXACT_FROZEN_LABEL,NOT_GENERATED_LSP_DEFINITION_INCOMPLETE
session_20260802_075729_COMMERCIAL_F2750_V3p9_R02_20260802_080041_202048,session_20260802_075729,F2750_V3p9_RL49p6025_SINE,demo,COMMERCIAL,2,sine,49.6025,1.5152,0.1012,0.1038,2750.0,2749.0,0.03636363636363636,2.246596456521739,3.89,3.9,4.080110226369074,-2.1050369762333077,25.0,0.27481785689172966,0.19322356081039366,0.8898930687336997,4916.077438354492,1.1098143115537222,4.887152348819426,3.8593399442902125,5.410890143409814,2756.0,0.2539912917271408,4.055379015867943,28.5,3.5,0.229655443,0.23550240677755976,0.2355146734182189,0.1515677422122492,0.15496304118268214,-34.28155776342217,3.8084080844122035,0.07677855117004594,6.1058460816,5.534353363199998,0.48333346568031726,0.29240405498545896,0.002936740770979332,0.18799266992387897,60.49737412117427,,1,1.5692890986858978,1.7383303232131875,2.4827617932085246,0.05950640428547081,0.30529230408,0.27671766815999993,1,,VIN_SCOPE1_SCOPE2_MISMATCH;VIN_REFERENCE_DRIFT,raw\session_20260802_075729_COMMERCIAL_F2750_V3p9_R02_20260802_080041_202048_scope1.csv,raw\session_20260802_075729_COMMERCIAL_F2750_V3p9_R02_20260802_080041_202048_scope2.csv,processed\session_20260802_075729_COMMERCIAL_F2750_V3p9_R02_20260802_080041_202048_B1024.csv,preview\session_20260802_075729_COMMERCIAL_F2750_V3p9_R02_20260802_080041_202048_preview.svg,2026-08-02T08:00:41.311248,MEPI-FROZEN-PROTOCOL v1.1,primary-B-reprocess-v2-temperature-channel-swap,session_20260802_075729,session_20260802_075729_COMMERCIAL_F2750_V3p9_R02_20260802_080041_202048,/mnt/e/MEPI/MEPI_DATA/demo/session_20260802_075729/samples.csv,/mnt/e/MEPI/MEPI_DATA/demo/session_20260802_075729/raw/session_20260802_075729_COMMERCIAL_F2750_V3p9_R02_20260802_080041_202048_scope1.csv,/mnt/e/MEPI/MEPI_DATA/demo/session_20260802_075729/raw/session_20260802_075729_COMMERCIAL_F2750_V3p9_R02_20260802_080041_202048_scope2.csv,8d2b0b9fc93688118cbafe805691ae49e9b274409fad9dff8c36b0aa8500a455,8a711fde02e300f02e4b50b5a2c0c54a513fd91ac130a1a85922176a1f7ca7c7,34.28155776342216,WARNING,,TEMPERATURE_CALIBRATION_PENDING;VIN_REFERENCE_DRIFT;VIN_SCOPE1_SCOPE2_MISMATCH,LEGACY_DATA_NOT_GROUND_TRUTH,raw Scope #2 CH1 primary Vin,28.5,25.0,28.5,28.5,SWAPPED_CORE_ROOM_CHANNELS_PHYSICALLY_VERIFIED,2026-09-23,0,REFERENCE_BASED_CALIBRATION_NOT_FOUND,3.9,3.9,3.9,0.0,EXACT_FROZEN_LABEL,NOT_GENERATED_LSP_DEFINITION_INCOMPLETE
session_20260802_075729_COMMERCIAL_F2750_V3p9_R03_20260802_080045_024054,session_20260802_075729,F2750_V3p9_RL49p6025_SINE,demo,COMMERCIAL,3,sine,49.6025,1.5152,0.1012,0.1038,2750.0,2751.0,0.03636363636363636,2.246596456521739,3.89,3.9,4.083243974506128,-2.2797207075151755,25.75,0.2760827571222819,0.1939509334451601,0.9580076099021967,4918.352783203125,1.1099245187304845,4.967711426892763,3.8637776379930497,5.374803413249779,2753.0,0.0726480203414457,4.059847071619855,28.5,2.75,0.229860608,0.23611660473787024,0.23614080680257582,0.15170314677930305,0.1554250263991552,-34.450507390555224,3.80759507635004,0.07676216070460239,6.1082179623999995,5.73756446,0.4833458815698985,0.2922792251488346,0.002940635250970437,0.18812602117009347,60.46999390985128,,1,1.6619806958648438,1.8933626868739404,2.6495369712839447,0.059491158533490386,0.30541089812,0.286878223,1,,VIN_SCOPE1_SCOPE2_MISMATCH;VIN_REFERENCE_DRIFT,raw\session_20260802_075729_COMMERCIAL_F2750_V3p9_R03_20260802_080045_024054_scope1.csv,raw\session_20260802_075729_COMMERCIAL_F2750_V3p9_R03_20260802_080045_024054_scope2.csv,processed\session_20260802_075729_COMMERCIAL_F2750_V3p9_R03_20260802_080045_024054_B1024.csv,preview\session_20260802_075729_COMMERCIAL_F2750_V3p9_R03_20260802_080045_024054_preview.svg,2026-08-02T08:00:45.117654,MEPI-FROZEN-PROTOCOL v1.1,primary-B-reprocess-v2-temperature-channel-swap,session_20260802_075729,session_20260802_075729_COMMERCIAL_F2750_V3p9_R03_20260802_080045_024054,/mnt/e/MEPI/MEPI_DATA/demo/session_20260802_075729/samples.csv,/mnt/e/MEPI/MEPI_DATA/demo/session_20260802_075729/raw/session_20260802_075729_COMMERCIAL_F2750_V3p9_R03_20260802_080045_024054_scope1.csv,/mnt/e/MEPI/MEPI_DATA/demo/session_20260802_075729/raw/session_20260802_075729_COMMERCIAL_F2750_V3p9_R03_20260802_080045_024054_scope2.csv,d10ef576d0d40035b9694ee33fae584a4c729859cbdeda49faaa511141beb12e,f7f44f89303daade7b13c5eb9a867a0ccc783a2e1e0ac857576de76f167b378d,34.45050739055526,WARNING,,TEMPERATURE_CALIBRATION_PENDING;VIN_REFERENCE_DRIFT;VIN_SCOPE1_SCOPE2_MISMATCH,LEGACY_DATA_NOT_GROUND_TRUTH,raw Scope #2 CH1 primary Vin,28.5,25.75,28.5,28.5,SWAPPED_CORE_ROOM_CHANNELS_PHYSICALLY_VERIFIED,2026-09-23,0,REFERENCE_BASED_CALIBRATION_NOT_FOUND,3.9,3.9,3.9,0.0,EXACT_FROZEN_LABEL,NOT_GENERATED_LSP_DEFINITION_INCOMPLETE
session_20260802_075729_COMMERCIAL_F2750_V3p9_R04_20260802_080048_814861,session_20260802_075729,F2750_V3p9_RL49p6025_SINE,demo,COMMERCIAL,4,sine,49.6025,1.5152,0.1012,0.1038,2750.0,2753.0,0.10909090909090909,2.246596456521739,3.89,3.9,4.068257421183399,-2.255553733083082,24.75,0.2741067419109129,0.1928790551970987,0.915121805989232,4920.710250854492,1.1097212360272941,4.582452986719475,3.8647242859245092,5.002956160027628,2749.0,0.1452960406828914,4.060999840523562,28.25,3.5,0.229174219,0.23644325218429468,0.236466808354587,0.15125014453537486,0.15562302006335796,-34.67663501388902,3.793924578558443,0.07648655972095042,6.151594630199999,5.544162464799999,0.4807118265289841,0.290184238854692,0.0029223626679663927,0.18760522500632568,60.36552937546579,,1,1.5107160209539434,1.3509385670940546,3.07432464963257,0.059298982810924473,0.30757973150999995,0.27720812324,1,,VIN_SCOPE1_SCOPE2_MISMATCH;VIN_REFERENCE_DRIFT,raw\session_20260802_075729_COMMERCIAL_F2750_V3p9_R04_20260802_080048_814861_scope1.csv,raw\session_20260802_075729_COMMERCIAL_F2750_V3p9_R04_20260802_080048_814861_scope2.csv,processed\session_20260802_075729_COMMERCIAL_F2750_V3p9_R04_20260802_080048_814861_B1024.csv,preview\session_20260802_075729_COMMERCIAL_F2750_V3p9_R04_20260802_080048_814861_preview.svg,2026-08-02T08:00:48.908461,MEPI-FROZEN-PROTOCOL v1.1,primary-B-reprocess-v2-temperature-channel-swap,session_20260802_075729,session_20260802_075729_COMMERCIAL_F2750_V3p9_R04_20260802_080048_814861,/mnt/e/MEPI/MEPI_DATA/demo/session_20260802_075729/samples.csv,/mnt/e/MEPI/MEPI_DATA/demo/session_20260802_075729/raw/session_20260802_075729_COMMERCIAL_F2750_V3p9_R04_20260802_080048_814861_scope1.csv,/mnt/e/MEPI/MEPI_DATA/demo/session_20260802_075729/raw/session_20260802_075729_COMMERCIAL_F2750_V3p9_R04_20260802_080048_814861_scope2.csv,14af28c0c336e280aa2825337341409cf43c0a52f36d546cc67581496abdd703,c20a2bcbcd2037bdc6f65cc9c2536edb5af4acbaa215e54f7aec2f27a194f275,34.67663501388903,WARNING,,TEMPERATURE_CALIBRATION_PENDING;VIN_REFERENCE_DRIFT;VIN_SCOPE1_SCOPE2_MISMATCH,LEGACY_DATA_NOT_GROUND_TRUTH,raw Scope #2 CH1 primary Vin,28.25,24.75,28.25,28.25,SWAPPED_CORE_ROOM_CHANNELS_PHYSICALLY_VERIFIED,2026-09-23,0,REFERENCE_BASED_CALIBRATION_NOT_FOUND,3.9,3.9,3.9,0.0,EXACT_FROZEN_LABEL,NOT_GENERATED_LSP_DEFINITION_INCOMPLETE
session_20260802_075729_COMMERCIAL_F2750_V3p9_R05_20260802_080052_636868,session_20260802_075729,F2750_V3p9_RL49p6025_SINE,demo,COMMERCIAL,5,sine,49.6025,1.5152,0.1012,0.1038,2750.0,2753.0,0.10909090909090909,2.246596456521739,3.89,3.9,4.06906155372531,-2.2495915102740955,25.75,0.27468976474927587,0.19323255170752654,0.8273311722169808,8250.850555419922,1.1098320907527546,4.603124774429734,3.85061843319062,5.368390663314033,2751.0,0.0726480203414457,4.046264676670854,28.25,2.5,0.229382353,0.23546232887279625,0.23548228107629326,0.15138750857972544,0.1547650475184794,-34.76225316594144,3.800218609480709,0.07661344911003899,5.9513986286,5.7387705233999995,0.478896124267618,0.29114785504447344,0.0029285862053773084,0.18481968301776727,60.795617314658706,,1,1.3926940402701697,1.4647342966587085,2.5821437772667335,0.05957026305770151,0.29756993143,0.28693852617,1,,VIN_SCOPE1_SCOPE2_MISMATCH;VIN_REFERENCE_DRIFT,raw\session_20260802_075729_COMMERCIAL_F2750_V3p9_R05_20260802_080052_636868_scope1.csv,raw\session_20260802_075729_COMMERCIAL_F2750_V3p9_R05_20260802_080052_636868_scope2.csv,processed\session_20260802_075729_COMMERCIAL_F2750_V3p9_R05_20260802_080052_636868_B1024.csv,preview\session_20260802_075729_COMMERCIAL_F2750_V3p9_R05_20260802_080052_636868_preview.svg,2026-08-02T08:00:52.730468,MEPI-FROZEN-PROTOCOL v1.1,primary-B-reprocess-v2-temperature-channel-swap,session_20260802_075729,session_20260802_075729_COMMERCIAL_F2750_V3p9_R05_20260802_080052_636868,/mnt/e/MEPI/MEPI_DATA/demo/session_20260802_075729/samples.csv,/mnt/e/MEPI/MEPI_DATA/demo/session_20260802_075729/raw/session_20260802_075729_COMMERCIAL_F2750_V3p9_R05_20260802_080052_636868_scope1.csv,/mnt/e/MEPI/MEPI_DATA/demo/session_20260802_075729/raw/session_20260802_075729_COMMERCIAL_F2750_V3p9_R05_20260802_080052_636868_scope2.csv,a9fdc590279718b154f6ba0a211639fcd8a0371448b79eef8cc92cf19eb375c4,8a5202829d9a659128257cd6b5d3ccb013b0a65422a72c5b02d9badebb91269c,34.76225316594145,WARNING,,TEMPERATURE_CALIBRATION_PENDING;VIN_REFERENCE_DRIFT;VIN_SCOPE1_SCOPE2_MISMATCH,LEGACY_DATA_NOT_GROUND_TRUTH,raw Scope #2 CH1 primary Vin,28.25,25.75,28.25,28.25,SWAPPED_CORE_ROOM_CHANNELS_PHYSICALLY_VERIFIED,2026-09-23,0,REFERENCE_BASED_CALIBRATION_NOT_FOUND,3.9,3.9,3.9,0.0,EXACT_FROZEN_LABEL,NOT_GENERATED_LSP_DEFINITION_INCOMPLETE
session_20260802_075729_COMMERCIAL_F2500_V3p9_R01_20260802_080104_102888,session_20260802_075729,F2500_V3p9_RL49p6025_SINE,demo,COMMERCIAL,1,sine,49.6025,1.5152,0.1012,0.1038,2500.0,2498.8,0.04799999999999272,2.0375592344861655,3.89,3.9,4.05999025506261,-2.4789402718942517,25.0,0.30116603157159716,0.211711132566313,1.0527191400240543,6980.442944335938,1.1092791941219755,4.3699294360572685,3.8253537046204813,5.7792392518569855,2502.5,0.14785214785214057,4.024377533516555,28.25,3.25,0.23802055,0.24357845129267297,0.24358322733012872,0.15708853616684265,0.1609688489968321,-35.758674244951145,3.7812332699511493,0.07623069945972782,6.119916470800001,5.731896108000001,0.48763724108757217,0.2882460569887699,0.0031004871976025813,0.19629069690119966,59.1107554349003,,1,1.9438233385835593,2.2085557236130797,2.281770519180635,0.062221841005840904,0.30599582354000004,0.28659480540000004,1,,VIN_SCOPE1_SCOPE2_MISMATCH;VIN_REFERENCE_DRIFT,raw\session_20260802_075729_COMMERCIAL_F2500_V3p9_R01_20260802_080104_102888_scope1.csv,raw\session_20260802_075729_COMMERCIAL_F2500_V3p9_R01_20260802_080104_102888_scope2.csv,processed\session_20260802_075729_COMMERCIAL_F2500_V3p9_R01_20260802_080104_102888_B1024.csv,preview\session_20260802_075729_COMMERCIAL_F2500_V3p9_R01_20260802_080104_102888_preview.svg,2026-08-02T08:01:04.196488,MEPI-FROZEN-PROTOCOL v1.1,primary-B-reprocess-v2-temperature-channel-swap,session_20260802_075729,session_20260802_075729_COMMERCIAL_F2500_V3p9_R01_20260802_080104_102888,/mnt/e/MEPI/MEPI_DATA/demo/session_20260802_075729/samples.csv,/mnt/e/MEPI/MEPI_DATA/demo/session_20260802_075729/raw/session_20260802_075729_COMMERCIAL_F2500_V3p9_R01_20260802_080104_102888_scope1.csv,/mnt/e/MEPI/MEPI_DATA/demo/session_20260802_075729/raw/session_20260802_075729_COMMERCIAL_F2500_V3p9_R01_20260802_080104_102888_scope2.csv,575e8b111b018d67a03798b134fe46cbb126467d79e782bb63bb56589acfa6eb,4e24f039394ae85892a59df7c3a63e750deccdfd962f37e2da4302d8f8e12881,35.758674244951145,WARNING,,TEMPERATURE_CALIBRATION_PENDING;VIN_REFERENCE_DRIFT;VIN_SCOPE1_SCOPE2_MISMATCH,LEGACY_DATA_NOT_GROUND_TRUTH,raw Scope #2 CH1 primary Vin,28.25,25.0,28.25,28.25,SWAPPED_CORE_ROOM_CHANNELS_PHYSICALLY_VERIFIED,2026-09-23,0,REFERENCE_BASED_CALIBRATION_NOT_FOUND,3.9,3.9,3.9,0.0,EXACT_FROZEN_LABEL,NOT_GENERATED_LSP_DEFINITION_INCOMPLETE
session_20260802_075729_COMMERCIAL_F2500_V3p9_R02_20260802_080107_893694,session_20260802_075729,F2500_V3p9_RL49p6025_SINE,demo,COMMERCIAL,2,sine,49.6025,1.5152,0.1012,0.1038,2500.0,2505.6,0.22399999999999637,2.0375592344861655,3.89,3.9,4.059842716922423,-2.30605033569494,25.5,0.30082127538236136,0.2116508107174387,0.893557954628499,4908.058483886718,1.1093400662262414,4.366136681810892,3.8399896565257197,5.415309797109223,2506.3,0.027929617364252993,4.039408542124388,28.0,2.5,0.238201447,0.24435611152247544,0.24436167502109074,0.15720792436642028,0.16116684266103484,-36.01061904642199,3.785226507400699,0.0763112042215755,5.947740332199999,5.7295242796000005,0.4883190210736052,0.28885519303117574,0.0031055592546958685,0.1963582687877336,59.152967745574685,,1,1.3206072600050636,1.7310194434737864,2.5187274769304606,0.06203179391256902,0.29738701660999994,0.28647621398,1,,VIN_SCOPE1_SCOPE2_MISMATCH;VIN_REFERENCE_DRIFT,raw\session_20260802_075729_COMMERCIAL_F2500_V3p9_R02_20260802_080107_893694_scope1.csv,raw\session_20260802_075729_COMMERCIAL_F2500_V3p9_R02_20260802_080107_893694_scope2.csv,processed\session_20260802_075729_COMMERCIAL_F2500_V3p9_R02_20260802_080107_893694_B1024.csv,preview\session_20260802_075729_COMMERCIAL_F2500_V3p9_R02_20260802_080107_893694_preview.svg,2026-08-02T08:01:07.987295,MEPI-FROZEN-PROTOCOL v1.1,primary-B-reprocess-v2-temperature-channel-swap,session_20260802_075729,session_20260802_075729_COMMERCIAL_F2500_V3p9_R02_20260802_080107_893694,/mnt/e/MEPI/MEPI_DATA/demo/session_20260802_075729/samples.csv,/mnt/e/MEPI/MEPI_DATA/demo/session_20260802_075729/raw/session_20260802_075729_COMMERCIAL_F2500_V3p9_R02_20260802_080107_893694_scope1.csv,/mnt/e/MEPI/MEPI_DATA/demo/session_20260802_075729/raw/session_20260802_075729_COMMERCIAL_F2500_V3p9_R02_20260802_080107_893694_scope2.csv,aa5054f9e50ea12e257c441ffa7ea46477c14880db13daf2b49298234d02981c,77e094e15cd68f3c9b340adda395ab02170872c895cdb22c8127ddeb9b5e86f8,36.01061904642193,WARNING,,TEMPERATURE_CALIBRATION_PENDING;VIN_REFERENCE_DRIFT;VIN_SCOPE1_SCOPE2_MISMATCH,LEGACY_DATA_NOT_GROUND_TRUTH,raw Scope #2 CH1 primary Vin,28.0,25.5,28.0,28.0,SWAPPED_CORE_ROOM_CHANNELS_PHYSICALLY_VERIFIED,2026-09-23,0,REFERENCE_BASED_CALIBRATION_NOT_FOUND,3.9,3.9,3.9,0.0,EXACT_FROZEN_LABEL,NOT_GENERATED_LSP_DEFINITION_INCOMPLETE
session_20260802_075729_COMMERCIAL_F2500_V3p9_R03_20260802_080111_700101,session_20260802_075729,F2500_V3p9_RL49p6025_SINE,demo,COMMERCIAL,3,sine,49.6025,1.5152,0.1012,0.1038,2500.0,2506.3,0.2520000000000073,2.0375592344861655,3.89,3.9,4.050793960343685,-2.377791651753538,25.0,0.2988481550135873,0.21070666094052376,0.6852261674729816,11378.85287475586,1.1097831595195156,4.133520831457198,3.8346602539473147,5.335588739201929,2502.5,0.1516179228344644,4.034199549952289,27.75,2.75,0.23804619,0.24428076914566293,0.24428566005962427,0.15710545802534318,0.16116684266103484,-35.67135951136149,3.770078000577177,0.07600580617059981,5.934474011399999,5.7355544182000004,0.4894121870765813,0.2865478177599114,0.0030974714550014316,0.19976689786166846,58.549383388173275,,1,1.213595478317228,1.2893608490436097,2.552218566965993,0.062077517755311035,0.29672370056999997,0.28677772091000003,1,,VIN_SCOPE1_SCOPE2_MISMATCH;VIN_REFERENCE_DRIFT,raw\session_20260802_075729_COMMERCIAL_F2500_V3p9_R03_20260802_080111_700101_scope1.csv,raw\session_20260802_075729_COMMERCIAL_F2500_V3p9_R03_20260802_080111_700101_scope2.csv,processed\session_20260802_075729_COMMERCIAL_F2500_V3p9_R03_20260802_080111_700101_B1024.csv,preview\session_20260802_075729_COMMERCIAL_F2500_V3p9_R03_20260802_080111_700101_preview.svg,2026-08-02T08:01:11.793701,MEPI-FROZEN-PROTOCOL v1.1,primary-B-reprocess-v2-temperature-channel-swap,session_20260802_075729,session_20260802_075729_COMMERCIAL_F2500_V3p9_R03_20260802_080111_700101,/mnt/e/MEPI/MEPI_DATA/demo/session_20260802_075729/samples.csv,/mnt/e/MEPI/MEPI_DATA/demo/session_20260802_075729/raw/session_20260802_075729_COMMERCIAL_F2500_V3p9_R03_20260802_080111_700101_scope1.csv,/mnt/e/MEPI/MEPI_DATA/demo/session_20260802_075729/raw/session_20260802_075729_COMMERCIAL_F2500_V3p9_R03_20260802_080111_700101_scope2.csv,c673d2824c5b04ed1444943875fdc167ba61cc4d2c7b7b7091d10682f0001239,4c12cd5268e2a00fb3c2c1f87c5f779e6ca01798d67b49a75a9d24fabb2e1833,35.671359511361466,WARNING,,TEMPERATURE_CALIBRATION_PENDING;VIN_REFERENCE_DRIFT;VIN_SCOPE1_SCOPE2_MISMATCH,LEGACY_DATA_NOT_GROUND_TRUTH,raw Scope #2 CH1 primary Vin,27.75,25.0,27.75,27.75,SWAPPED_CORE_ROOM_CHANNELS_PHYSICALLY_VERIFIED,2026-09-23,0,REFERENCE_BASED_CALIBRATION_NOT_FOUND,3.9,3.9,3.9,0.0,EXACT_FROZEN_LABEL,NOT_GENERATED_LSP_DEFINITION_INCOMPLETE
session_20260802_075729_COMMERCIAL_F2500_V3p9_R04_20260802_080115_537708,session_20260802_075729,F2500_V3p9_RL49p6025_SINE,demo,COMMERCIAL,4,sine,49.6025,1.5152,0.1012,0.1038,2500.0,2505.0,0.2,2.0375592344861655,3.89,3.9,4.060084513603247,-2.366998116150745,25.5,0.3019793060427105,0.2121000108955909,1.0502926152129977,8879.188385009766,1.1096345365159384,4.372352534788359,3.8369711058493485,5.4952897410478965,2502.5,0.0998003992015968,4.034937682676379,27.75,2.25,0.238349062,0.24299281291506244,0.2429990744289697,0.15730534714889122,0.16050686378035903,-35.86376907948247,3.7834735116734612,0.0762758633470785,6.146609650999999,5.5317804912,0.4891454546843169,0.28858770855369614,0.003108100351638998,0.19744964577898177,58.99834206574482,,1,1.4789904753312517,1.583588756798856,1.9110651296035066,0.06211906616566481,0.30733048254999995,0.27658902456,1,,VIN_SCOPE1_SCOPE2_MISMATCH;VIN_REFERENCE_DRIFT,raw\session_20260802_075729_COMMERCIAL_F2500_V3p9_R04_20260802_080115_537708_scope1.csv,raw\session_20260802_075729_COMMERCIAL_F2500_V3p9_R04_20260802_080115_537708_scope2.csv,processed\session_20260802_075729_COMMERCIAL_F2500_V3p9_R04_20260802_080115_537708_B1024.csv,preview\session_20260802_075729_COMMERCIAL_F2500_V3p9_R04_20260802_080115_537708_preview.svg,2026-08-02T08:01:15.646908,MEPI-FROZEN-PROTOCOL v1.1,primary-B-reprocess-v2-temperature-channel-swap,session_20260802_075729,session_20260802_075729_COMMERCIAL_F2500_V3p9_R04_20260802_080115_537708,/mnt/e/MEPI/MEPI_DATA/demo/session_20260802_075729/samples.csv,/mnt/e/MEPI/MEPI_DATA/demo/session_20260802_075729/raw/session_20260802_075729_COMMERCIAL_F2500_V3p9_R04_20260802_080115_537708_scope1.csv,/mnt/e/MEPI/MEPI_DATA/demo/session_20260802_075729/raw/session_20260802_075729_COMMERCIAL_F2500_V3p9_R04_20260802_080115_537708_scope2.csv,71e14c27d670bfa42a0ce4784cba68989b41b0a2b203c2facea4624f94fbf636,eb5fc310ac53e35f21698e4bfa02f923e9fefc6f3f344b479cc57124de39a65d,35.863769079482445,WARNING,,TEMPERATURE_CALIBRATION_PENDING;VIN_REFERENCE_DRIFT;VIN_SCOPE1_SCOPE2_MISMATCH,LEGACY_DATA_NOT_GROUND_TRUTH,raw Scope #2 CH1 primary Vin,27.75,25.5,27.75,27.75,SWAPPED_CORE_ROOM_CHANNELS_PHYSICALLY_VERIFIED,2026-09-23,0,REFERENCE_BASED_CALIBRATION_NOT_FOUND,3.9,3.9,3.9,0.0,EXACT_FROZEN_LABEL,NOT_GENERATED_LSP_DEFINITION_INCOMPLETE
session_20260802_075729_COMMERCIAL_F2500_V3p9_R05_20260802_080119_344115,session_20260802_075729,F2500_V3p9_RL49p6025_SINE,demo,COMMERCIAL,5,sine,49.6025,1.5152,0.1012,0.1038,2500.0,2503.8,0.15200000000000727,2.0375592344861655,3.89,3.9,4.060824023733442,-2.5778430560206234,25.25,0.3019383230453059,0.21212450044523876,0.9683449741753889,4968.879277038574,1.1096195450324136,4.391363077980786,3.827135126382146,5.754716185323818,2503.8,0.0,4.025868834695614,28.25,3.0,0.238311122,0.24286705917538196,0.24288457789460557,0.15728030755015837,0.16030887011615627,-35.75950197272729,3.783761422985303,0.07628166771806467,6.1263084176000016,5.736881037000001,0.4884548239008258,0.2886316315925964,0.003107395104217278,0.19671579720401208,59.0907526079012,,1,1.5596104332400957,1.129971178436505,1.8758975345816589,0.06226880267624087,0.3063154208800001,0.28684405185000006,1,,VIN_SCOPE1_SCOPE2_MISMATCH;VIN_REFERENCE_DRIFT,raw\session_20260802_075729_COMMERCIAL_F2500_V3p9_R05_20260802_080119_344115_scope1.csv,raw\session_20260802_075729_COMMERCIAL_F2500_V3p9_R05_20260802_080119_344115_scope2.csv,processed\session_20260802_075729_COMMERCIAL_F2500_V3p9_R05_20260802_080119_344115_B1024.csv,preview\session_20260802_075729_COMMERCIAL_F2500_V3p9_R05_20260802_080119_344115_preview.svg,2026-08-02T08:01:19.422115,MEPI-FROZEN-PROTOCOL v1.1,primary-B-reprocess-v2-temperature-channel-swap,session_20260802_075729,session_20260802_075729_COMMERCIAL_F2500_V3p9_R05_20260802_080119_344115,/mnt/e/MEPI/MEPI_DATA/demo/session_20260802_075729/samples.csv,/mnt/e/MEPI/MEPI_DATA/demo/session_20260802_075729/raw/session_20260802_075729_COMMERCIAL_F2500_V3p9_R05_20260802_080119_344115_scope1.csv,/mnt/e/MEPI/MEPI_DATA/demo/session_20260802_075729/raw/session_20260802_075729_COMMERCIAL_F2500_V3p9_R05_20260802_080119_344115_scope2.csv,5f889b15ce4cbf6215b0e3f98e98a2671390c66d123470a6ac78ff3c7df23f7a,e973c8cccae03fb7b5ae3b1ac87977a64bec9923075a011828c41e8c81dd4e01,35.759501972727286,WARNING,,TEMPERATURE_CALIBRATION_PENDING;VIN_REFERENCE_DRIFT;VIN_SCOPE1_SCOPE2_MISMATCH,LEGACY_DATA_NOT_GROUND_TRUTH,raw Scope #2 CH1 primary Vin,28.25,25.25,28.25,28.25,SWAPPED_CORE_ROOM_CHANNELS_PHYSICALLY_VERIFIED,2026-09-23,0,REFERENCE_BASED_CALIBRATION_NOT_FOUND,3.9,3.9,3.9,0.0,EXACT_FROZEN_LABEL,NOT_GENERATED_LSP_DEFINITION_INCOMPLETE
session_20260802_075729_COMMERCIAL_F2250_V3p9_R01_20260802_080130_778935,session_20260802_075729,F2250_V3p9_RL49p6025_SINE,demo,COMMERCIAL,1,sine,49.6025,1.5152,0.1012,0.1038,2250.0,2257.8,0.3466666666666747,1.8275020077075093,3.89,3.9,4.023383947184867,-2.426219612663137,25.5,0.3310315326761213,0.23334095844813815,0.7754212099465483,4878.122353363037,1.1095942834502388,3.4288932438263733,3.7993634544487227,5.567962085569129,2251.7,0.27017450615645155,4.00218946287566,28.0,2.5,0.248392586,0.2542009955858458,0.25417507966555575,0.16393386087645195,0.1682946145723337,-37.394632794710624,3.741817147885505,0.07543605963178278,6.1115546494,5.737524269199999,0.4948320693839552,0.2822679414991183,0.0033103644329057365,0.2092537634519311,57.04317867888592,,1,1.5473581451058447,1.5041580026524517,2.2849672844354596,0.06537742150179242,0.30557773247000003,0.2868762134599999,1,,VIN_SCOPE1_SCOPE2_MISMATCH;VIN_REFERENCE_DRIFT,raw\session_20260802_075729_COMMERCIAL_F2250_V3p9_R01_20260802_080130_778935_scope1.csv,raw\session_20260802_075729_COMMERCIAL_F2250_V3p9_R01_20260802_080130_778935_scope2.csv,processed\session_20260802_075729_COMMERCIAL_F2250_V3p9_R01_20260802_080130_778935_B1024.csv,preview\session_20260802_075729_COMMERCIAL_F2250_V3p9_R01_20260802_080130_778935_preview.svg,2026-08-02T08:01:30.872535,MEPI-FROZEN-PROTOCOL v1.1,primary-B-reprocess-v2-temperature-channel-swap,session_20260802_075729,session_20260802_075729_COMMERCIAL_F2250_V3p9_R01_20260802_080130_778935,/mnt/e/MEPI/MEPI_DATA/demo/session_20260802_075729/samples.csv,/mnt/e/MEPI/MEPI_DATA/demo/session_20260802_075729/raw/session_20260802_075729_COMMERCIAL_F2250_V3p9_R01_20260802_080130_778935_scope1.csv,/mnt/e/MEPI/MEPI_DATA/demo/session_20260802_075729/raw/session_20260802_075729_COMMERCIAL_F2250_V3p9_R01_20260802_080130_778935_scope2.csv,f71e58808bdcf9d06d1f7ff6f8438ad7d87847ae6925c224f71a9c9b90634b51,96b1518f6407f4cd39470d0f3511eafa778c752e0f4e2391c3e5463fd6ce1677,37.3946327947106,WARNING,,TEMPERATURE_CALIBRATION_PENDING;VIN_REFERENCE_DRIFT;VIN_SCOPE1_SCOPE2_MISMATCH,LEGACY_DATA_NOT_GROUND_TRUTH,raw Scope #2 CH1 primary Vin,28.0,25.5,28.0,28.0,SWAPPED_CORE_ROOM_CHANNELS_PHYSICALLY_VERIFIED,2026-09-23,0,REFERENCE_BASED_CALIBRATION_NOT_FOUND,3.9,3.9,3.9,0.0,EXACT_FROZEN_LABEL,NOT_GENERATED_LSP_DEFINITION_INCOMPLETE
session_20260802_075729_COMMERCIAL_F2250_V3p9_R02_20260802_080134_600941,session_20260802_075729,F2250_V3p9_RL49p6025_SINE,demo,COMMERCIAL,2,sine,49.6025,1.5152,0.1012,0.1038,2250.0,2253.8,0.16888888888889697,1.8275020077075093,3.89,3.9,4.021480840020381,-2.5552311149923606,25.25,0.3330361843669607,0.23410239406177788,0.9367107847971701,4891.945532226563,1.1095320390863188,3.379970180471916,3.795183929082722,5.62720350885682,2255.8,0.088660342228921,3.997118380857704,28.0,2.75,0.248216322,0.253273708684026,0.25324712481509787,0.1638175303590285,0.167766631467793,-37.83725547784666,3.7414127414123564,0.07542790668640403,6.1101878166,5.539780483799999,0.4910054465595997,0.28220693113457435,0.00330637825851288,0.2054921371665125,57.47531582632235,,1,1.4524333788647326,1.7796996769658866,1.9968068183245147,0.06540297562336915,0.30550939083,0.27698902418999993,1,,VIN_SCOPE1_SCOPE2_MISMATCH;VIN_REFERENCE_DRIFT,raw\session_20260802_075729_COMMERCIAL_F2250_V3p9_R02_20260802_080134_600941_scope1.csv,raw\session_20260802_075729_COMMERCIAL_F2250_V3p9_R02_20260802_080134_600941_scope2.csv,processed\session_20260802_075729_COMMERCIAL_F2250_V3p9_R02_20260802_080134_600941_B1024.csv,preview\session_20260802_075729_COMMERCIAL_F2250_V3p9_R02_20260802_080134_600941_preview.svg,2026-08-02T08:01:34.694541,MEPI-FROZEN-PROTOCOL v1.1,primary-B-reprocess-v2-temperature-channel-swap,session_20260802_075729,session_20260802_075729_COMMERCIAL_F2250_V3p9_R02_20260802_080134_600941,/mnt/e/MEPI/MEPI_DATA/demo/session_20260802_075729/samples.csv,/mnt/e/MEPI/MEPI_DATA/demo/session_20260802_075729/raw/session_20260802_075729_COMMERCIAL_F2250_V3p9_R02_20260802_080134_600941_scope1.csv,/mnt/e/MEPI/MEPI_DATA/demo/session_20260802_075729/raw/session_20260802_075729_COMMERCIAL_F2250_V3p9_R02_20260802_080134_600941_scope2.csv,ffb273bb01004b4fc7c5e8b6bb709734d149a3ed73725ea51386b9e91e6e3ca7,a91c05f4e04c7c592cdf82dc9a49b082427d0ea434f394f33f496ca58e1f3847,37.83725547784663,WARNING,,TEMPERATURE_CALIBRATION_PENDING;VIN_REFERENCE_DRIFT;VIN_SCOPE1_SCOPE2_MISMATCH,LEGACY_DATA_NOT_GROUND_TRUTH,raw Scope #2 CH1 primary Vin,28.0,25.25,28.0,28.0,SWAPPED_CORE_ROOM_CHANNELS_PHYSICALLY_VERIFIED,2026-09-23,0,REFERENCE_BASED_CALIBRATION_NOT_FOUND,3.9,3.9,3.9,0.0,EXACT_FROZEN_LABEL,NOT_GENERATED_LSP_DEFINITION_INCOMPLETE
session_20260802_075729_COMMERCIAL_F2250_V3p9_R03_20260802_080138_422948,session_20260802_075729,F2250_V3p9_RL49p6025_SINE,demo,COMMERCIAL,3,sine,49.6025,1.5152,0.1012,0.1038,2250.0,2254.3,0.1911111111111192,1.8275020077075093,3.89,3.9,4.015210008522,-2.6887552579870024,25.5,0.3335065862956945,0.23426020032560027,0.9702117876492724,4889.014844894409,1.109512311297621,3.218766285912723,3.792244997083329,5.553009953786922,2255.3,0.04433999911320002,3.9948384648724344,27.75,2.25,0.248205198,0.25415145638166897,0.25412946728628427,0.16381018875395986,0.1682286166842661,-36.894716612810505,3.7366429883030765,0.07533174715595134,6.1458458477999995,5.536805609999999,0.49680519409849067,0.2814878448069058,0.003304630054537503,0.21201271923704734,56.659601821936945,,1,1.4775740898847995,1.7178219742623089,2.3396515079336235,0.06545072857658148,0.30729229239,0.2768402805,1,,VIN_SCOPE1_SCOPE2_MISMATCH;VIN_REFERENCE_DRIFT,raw\session_20260802_075729_COMMERCIAL_F2250_V3p9_R03_20260802_080138_422948_scope1.csv,raw\session_20260802_075729_COMMERCIAL_F2250_V3p9_R03_20260802_080138_422948_scope2.csv,processed\session_20260802_075729_COMMERCIAL_F2250_V3p9_R03_20260802_080138_422948_B1024.csv,preview\session_20260802_075729_COMMERCIAL_F2250_V3p9_R03_20260802_080138_422948_preview.svg,2026-08-02T08:01:38.516548,MEPI-FROZEN-PROTOCOL v1.1,primary-B-reprocess-v2-temperature-channel-swap,session_20260802_075729,session_20260802_075729_COMMERCIAL_F2250_V3p9_R03_20260802_080138_422948,/mnt/e/MEPI/MEPI_DATA/demo/session_20260802_075729/samples.csv,/mnt/e/MEPI/MEPI_DATA/demo/session_20260802_075729/raw/session_20260802_075729_COMMERCIAL_F2250_V3p9_R03_20260802_080138_422948_scope1.csv,/mnt/e/MEPI/MEPI_DATA/demo/session_20260802_075729/raw/session_20260802_075729_COMMERCIAL_F2250_V3p9_R03_20260802_080138_422948_scope2.csv,c6fd542f41de991b4fb662085d3e276051c3f76ce76edce2d930b9b4fa1647fa,ca006c379146a2d8f31e4c0b06cbb9e4f0f0088160e57c98dbfb313a3cb36b16,36.89471661281049,WARNING,,TEMPERATURE_CALIBRATION_PENDING;VIN_REFERENCE_DRIFT;VIN_SCOPE1_SCOPE2_MISMATCH,LEGACY_DATA_NOT_GROUND_TRUTH,raw Scope #2 CH1 primary Vin,27.75,25.5,27.75,27.75,SWAPPED_CORE_ROOM_CHANNELS_PHYSICALLY_VERIFIED,2026-09-23,0,REFERENCE_BASED_CALIBRATION_NOT_FOUND,3.9,3.9,3.9,0.0,EXACT_FROZEN_LABEL,NOT_GENERATED_LSP_DEFINITION_INCOMPLETE
session_20260802_075729_COMMERCIAL_F2250_V3p9_R04_20260802_080142_229355,session_20260802_075729,F2250_V3p9_RL49p6025_SINE,demo,COMMERCIAL,4,sine,49.6025,1.5152,0.1012,0.1038,2250.0,2253.8,0.16888888888889697,1.8275020077075093,3.89,3.9,4.0220761404465115,-2.647427874095627,25.75,0.333318948492888,0.23442547125628324,0.907618946422232,4850.624561595917,1.1096102802483365,3.3952735333300037,3.796426495056007,5.610277814518756,2252.3,0.06655426390984115,3.9988835779969203,28.5,2.75,0.248353148,0.2534472605160776,0.25342017175229953,0.16390783262935585,0.16756863780359027,-38.881439580275234,3.741023193433755,0.07542005329234928,6.102911451600001,5.530373459999998,0.4843992817422415,0.2821481686166885,0.003309250237570836,0.19894186288798216,58.247024562440444,,1,1.3486263779372478,1.4670324310528322,2.0099299971539577,0.06541761004023752,0.30514557258,0.2765186729999999,1,,VIN_SCOPE1_SCOPE2_MISMATCH;VIN_REFERENCE_DRIFT,raw\session_20260802_075729_COMMERCIAL_F2250_V3p9_R04_20260802_080142_229355_scope1.csv,raw\session_20260802_075729_COMMERCIAL_F2250_V3p9_R04_20260802_080142_229355_scope2.csv,processed\session_20260802_075729_COMMERCIAL_F2250_V3p9_R04_20260802_080142_229355_B1024.csv,preview\session_20260802_075729_COMMERCIAL_F2250_V3p9_R04_20260802_080142_229355_preview.svg,2026-08-02T08:01:42.338555,MEPI-FROZEN-PROTOCOL v1.1,primary-B-reprocess-v2-temperature-channel-swap,session_20260802_075729,session_20260802_075729_COMMERCIAL_F2250_V3p9_R04_20260802_080142_229355,/mnt/e/MEPI/MEPI_DATA/demo/session_20260802_075729/samples.csv,/mnt/e/MEPI/MEPI_DATA/demo/session_20260802_075729/raw/session_20260802_075729_COMMERCIAL_F2250_V3p9_R04_20260802_080142_229355_scope1.csv,/mnt/e/MEPI/MEPI_DATA/demo/session_20260802_075729/raw/session_20260802_075729_COMMERCIAL_F2250_V3p9_R04_20260802_080142_229355_scope2.csv,584076632b33465c7dcf72b76faa4c56aa126420550dfca0433f2a03b4a41795,4a496e302455d28201f1b23b648efbc9a8232df0c8e823773e08359bd551d39d,38.88143958027519,WARNING,,TEMPERATURE_CALIBRATION_PENDING;VIN_REFERENCE_DRIFT;VIN_SCOPE1_SCOPE2_MISMATCH,LEGACY_DATA_NOT_GROUND_TRUTH,raw Scope #2 CH1 primary Vin,28.5,25.75,28.5,28.5,SWAPPED_CORE_ROOM_CHANNELS_PHYSICALLY_VERIFIED,2026-09-23,0,REFERENCE_BASED_CALIBRATION_NOT_FOUND,3.9,3.9,3.9,0.0,EXACT_FROZEN_LABEL,NOT_GENERATED_LSP_DEFINITION_INCOMPLETE
session_20260802_075729_COMMERCIAL_F2250_V3p9_R05_20260802_080146_051361,session_20260802_075729,F2250_V3p9_RL49p6025_SINE,demo,COMMERCIAL,5,sine,49.6025,1.5152,0.1012,0.1038,2250.0,2256.3,0.2800000000000081,1.8275020077075093,3.89,3.9,4.01693238293504,-2.590344154424813,25.0,0.33294457607098593,0.23441381137898015,0.8867925464940568,9016.730612182617,1.1092849856068212,3.2630432631113098,3.7956801119867767,5.507990920837806,2254.8,0.06648052120728626,3.9979901662379684,27.75,2.75,0.248331814,0.2536351146396198,0.25360595796070196,0.1638937526399155,0.167766631467793,-36.62448423746658,3.7382932569340324,0.07536501702402162,5.9517604008,5.7341473579999995,0.499264779711435,0.2817365349496186,0.0033079217551336792,0.21422032300668276,56.43028436984011,,1,1.2293388982834825,1.442299915426129,2.090917358645327,0.0654248531681495,0.29758802003999996,0.28670736789999995,1,,VIN_SCOPE1_SCOPE2_MISMATCH;VIN_REFERENCE_DRIFT,raw\session_20260802_075729_COMMERCIAL_F2250_V3p9_R05_20260802_080146_051361_scope1.csv,raw\session_20260802_075729_COMMERCIAL_F2250_V3p9_R05_20260802_080146_051361_scope2.csv,processed\session_20260802_075729_COMMERCIAL_F2250_V3p9_R05_20260802_080146_051361_B1024.csv,preview\session_20260802_075729_COMMERCIAL_F2250_V3p9_R05_20260802_080146_051361_preview.svg,2026-08-02T08:01:46.144962,MEPI-FROZEN-PROTOCOL v1.1,primary-B-reprocess-v2-temperature-channel-swap,session_20260802_075729,session_20260802_075729_COMMERCIAL_F2250_V3p9_R05_20260802_080146_051361,/mnt/e/MEPI/MEPI_DATA/demo/session_20260802_075729/samples.csv,/mnt/e/MEPI/MEPI_DATA/demo/session_20260802_075729/raw/session_20260802_075729_COMMERCIAL_F2250_V3p9_R05_20260802_080146_051361_scope1.csv,/mnt/e/MEPI/MEPI_DATA/demo/session_20260802_075729/raw/session_20260802_075729_COMMERCIAL_F2250_V3p9_R05_20260802_080146_051361_scope2.csv,f2e5376d861b41b0a276a93b22cd6d0fa9fd48749432ae8e46b7b0093228b111,7b20c48b419903dc3cf8aac335d91d4461935ab3ead6cd2742f84abb1e1e4391,36.624484237466504,WARNING,,TEMPERATURE_CALIBRATION_PENDING;VIN_REFERENCE_DRIFT;VIN_SCOPE1_SCOPE2_MISMATCH,LEGACY_DATA_NOT_GROUND_TRUTH,raw Scope #2 CH1 primary Vin,27.75,25.0,27.75,27.75,SWAPPED_CORE_ROOM_CHANNELS_PHYSICALLY_VERIFIED,2026-09-23,0,REFERENCE_BASED_CALIBRATION_NOT_FOUND,3.9,3.9,3.9,0.0,EXACT_FROZEN_LABEL,NOT_GENERATED_LSP_DEFINITION_INCOMPLETE
session_20260802_075729_COMMERCIAL_F2000_V3p9_R01_20260802_080157_486182,session_20260802_075729,F2000_V3p9_RL49p6025_SINE,demo,COMMERCIAL,1,sine,49.6025,1.5152,0.1012,0.1038,2000.0,2003.2,0.16000000000000228,1.6159785241106714,3.89,3.9,4.051745850025067,-2.7808818717411623,25.25,0.37857115597324764,0.26664624590710934,0.7001850640290641,4981.774023437501,1.1095005669749143,4.157991003215467,3.8305476662931257,5.459330173204063,2003.6,0.019964064683562766,4.041734906919701,28.25,3.0,0.26036925,0.266729257923609,0.2667167009659309,0.1718382061774023,0.17634635691657866,-38.05221019504603,3.7603581299640174,0.07580985091404702,6.147815718999999,5.539016678599996,0.5183263219856479,0.2850721892159968,0.003584823409993785,0.2296693093596573,54.99859395986652,,1,1.3991372040662904,1.8903965206210689,2.384443301465834,0.06797180786734952,0.3073907859499999,0.2769508339299998,1,,VIN_SCOPE1_SCOPE2_MISMATCH;VIN_REFERENCE_DRIFT,raw\session_20260802_075729_COMMERCIAL_F2000_V3p9_R01_20260802_080157_486182_scope1.csv,raw\session_20260802_075729_COMMERCIAL_F2000_V3p9_R01_20260802_080157_486182_scope2.csv,processed\session_20260802_075729_COMMERCIAL_F2000_V3p9_R01_20260802_080157_486182_B1024.csv,preview\session_20260802_075729_COMMERCIAL_F2000_V3p9_R01_20260802_080157_486182_preview.svg,2026-08-02T08:01:57.579782,MEPI-FROZEN-PROTOCOL v1.1,primary-B-reprocess-v2-temperature-channel-swap,session_20260802_075729,session_20260802_075729_COMMERCIAL_F2000_V3p9_R01_20260802_080157_486182,/mnt/e/MEPI/MEPI_DATA/demo/session_20260802_075729/samples.csv,/mnt/e/MEPI/MEPI_DATA/demo/session_20260802_075729/raw/session_20260802_075729_COMMERCIAL_F2000_V3p9_R01_20260802_080157_486182_scope1.csv,/mnt/e/MEPI/MEPI_DATA/demo/session_20260802_075729/raw/session_20260802_075729_COMMERCIAL_F2000_V3p9_R01_20260802_080157_486182_scope2.csv,b3c06fcacedf09098d886d18d1365e5cac51a28894acc550aa6def5299017dc9,29cce7c1358a4f0a15bec6c299698efc6e24c5e7ef77ddca99915e4975325a68,38.05221019504602,WARNING,,TEMPERATURE_CALIBRATION_PENDING;VIN_REFERENCE_DRIFT;VIN_SCOPE1_SCOPE2_MISMATCH,LEGACY_DATA_NOT_GROUND_TRUTH,raw Scope #2 CH1 primary Vin,28.25,25.25,28.25,28.25,SWAPPED_CORE_ROOM_CHANNELS_PHYSICALLY_VERIFIED,2026-09-23,0,REFERENCE_BASED_CALIBRATION_NOT_FOUND,3.9,3.9,3.9,0.0,EXACT_FROZEN_LABEL,NOT_GENERATED_LSP_DEFINITION_INCOMPLETE
session_20260802_075729_COMMERCIAL_F2000_V3p9_R02_20260802_080201_308188,session_20260802_075729,F2000_V3p9_RL49p6025_SINE,demo,COMMERCIAL,2,sine,49.6025,1.5152,0.1012,0.1038,2000.0,2004.8,0.23999999999999772,1.6159785241106714,3.89,3.9,4.046496355355608,-2.7393097870356584,25.5,0.3766564098920071,0.2654903869703771,0.546981380420891,4909.826779651642,1.1099504957539092,4.023042554129523,3.820629009643329,5.581800300236579,2000.8,0.19952114924181963,4.032402272496228,28.25,2.75,0.260395798,0.26632123633280635,0.2663158129883665,0.1718557272967265,0.17575237592397042,-38.44554095135838,3.7562920790438366,0.07572787821266744,6.112358633600001,5.533509153799995,0.5142464222625313,0.284456029093039,0.0035841434273802177,0.226206249742112,55.31512068504378,,1,1.464824601709341,1.7119280480846084,2.224921457409301,0.06815521667839416,0.30561793168000007,0.2766754576899998,1,,VIN_SCOPE1_SCOPE2_MISMATCH;VIN_REFERENCE_DRIFT,raw\session_20260802_075729_COMMERCIAL_F2000_V3p9_R02_20260802_080201_308188_scope1.csv,raw\session_20260802_075729_COMMERCIAL_F2000_V3p9_R02_20260802_080201_308188_scope2.csv,processed\session_20260802_075729_COMMERCIAL_F2000_V3p9_R02_20260802_080201_308188_B1024.csv,preview\session_20260802_075729_COMMERCIAL_F2000_V3p9_R02_20260802_080201_308188_preview.svg,2026-08-02T08:02:01.417388,MEPI-FROZEN-PROTOCOL v1.1,primary-B-reprocess-v2-temperature-channel-swap,session_20260802_075729,session_20260802_075729_COMMERCIAL_F2000_V3p9_R02_20260802_080201_308188,/mnt/e/MEPI/MEPI_DATA/demo/session_20260802_075729/samples.csv,/mnt/e/MEPI/MEPI_DATA/demo/session_20260802_075729/raw/session_20260802_075729_COMMERCIAL_F2000_V3p9_R02_20260802_080201_308188_scope1.csv,/mnt/e/MEPI/MEPI_DATA/demo/session_20260802_075729/raw/session_20260802_075729_COMMERCIAL_F2000_V3p9_R02_20260802_080201_308188_scope2.csv,1ef4c4df8ec1ee3fe4da172e359ad69f954c8b475dc64d2e9d9164178977ab56,011b7e8415797481d7d7aff1d4beed667a36c72ca67de7ea78094718c8c3c934,38.44554095135838,WARNING,,TEMPERATURE_CALIBRATION_PENDING;VIN_REFERENCE_DRIFT;VIN_SCOPE1_SCOPE2_MISMATCH,LEGACY_DATA_NOT_GROUND_TRUTH,raw Scope #2 CH1 primary Vin,28.25,25.5,28.25,28.25,SWAPPED_CORE_ROOM_CHANNELS_PHYSICALLY_VERIFIED,2026-09-23,0,REFERENCE_BASED_CALIBRATION_NOT_FOUND,3.9,3.9,3.9,0.0,EXACT_FROZEN_LABEL,NOT_GENERATED_LSP_DEFINITION_INCOMPLETE
session_20260802_075729_COMMERCIAL_F2000_V3p9_R03_20260802_080205_130195,session_20260802_075729,F2000_V3p9_RL49p6025_SINE,demo,COMMERCIAL,3,sine,49.6025,1.5152,0.1012,0.1038,2000.0,2002.0,0.1,1.6159785241106714,3.89,3.9,4.052928099866143,-2.795999028996339,25.75,0.37837699265682545,0.26660838928429215,0.6915202715716954,4920.931640625,1.1096855666718188,4.188383029978092,3.8228017042324076,5.678028081508346,2003.2,0.05990415335463486,4.033849649076583,28.25,2.5,0.260433573,0.2656601919531341,0.26564439001531376,0.171880657998944,0.17522439281942978,-38.329407121007684,3.76270866750332,0.07585723839530911,5.948222736799999,5.734026726799996,0.5154405315430017,0.28542868840289526,0.0035870460921687093,0.22642479704793778,55.375677878580404,,1,1.3919947603801273,1.8529269382566356,1.9674076551356954,0.06812636206363035,0.29741113684,0.28670133633999983,1,,VIN_SCOPE1_SCOPE2_MISMATCH;VIN_REFERENCE_DRIFT,raw\session_20260802_075729_COMMERCIAL_F2000_V3p9_R03_20260802_080205_130195_scope1.csv,raw\session_20260802_075729_COMMERCIAL_F2000_V3p9_R03_20260802_080205_130195_scope2.csv,processed\session_20260802_075729_COMMERCIAL_F2000_V3p9_R03_20260802_080205_130195_B1024.csv,preview\session_20260802_075729_COMMERCIAL_F2000_V3p9_R03_20260802_080205_130195_preview.svg,2026-08-02T08:02:05.223795,MEPI-FROZEN-PROTOCOL v1.1,primary-B-reprocess-v2-temperature-channel-swap,session_20260802_075729,session_20260802_075729_COMMERCIAL_F2000_V3p9_R03_20260802_080205_130195,/mnt/e/MEPI/MEPI_DATA/demo/session_20260802_075729/samples.csv,/mnt/e/MEPI/MEPI_DATA/demo/session_20260802_075729/raw/session_20260802_075729_COMMERCIAL_F2000_V3p9_R03_20260802_080205_130195_scope1.csv,/mnt/e/MEPI/MEPI_DATA/demo/session_20260802_075729/raw/session_20260802_075729_COMMERCIAL_F2000_V3p9_R03_20260802_080205_130195_scope2.csv,2f4e1c0133370c1c6715aa22afed090d1f157c672fad8a40cd90e13226b5ca6c,56ae8ddc64fd3bcd70704b5843a35cd6d484261366c45b8588d992593320d0d3,38.32940712100772,WARNING,,TEMPERATURE_CALIBRATION_PENDING;VIN_REFERENCE_DRIFT;VIN_SCOPE1_SCOPE2_MISMATCH,LEGACY_DATA_NOT_GROUND_TRUTH,raw Scope #2 CH1 primary Vin,28.25,25.75,28.25,28.25,SWAPPED_CORE_ROOM_CHANNELS_PHYSICALLY_VERIFIED,2026-09-23,0,REFERENCE_BASED_CALIBRATION_NOT_FOUND,3.9,3.9,3.9,0.0,EXACT_FROZEN_LABEL,NOT_GENERATED_LSP_DEFINITION_INCOMPLETE
session_20260802_075729_COMMERCIAL_F2000_V3p9_R04_20260802_080208_936602,session_20260802_075729,F2000_V3p9_RL49p6025_SINE,demo,COMMERCIAL,4,sine,49.6025,1.5152,0.1012,0.1038,2000.0,2002.8,0.13999999999999774,1.6159785241106714,3.89,3.9,4.059994989273776,-2.541291210215159,25.25,0.37907100167390695,0.26687564317136964,0.7823426069299041,4917.366632080078,1.109468915127801,4.370051138143415,3.8130415434250335,6.082604695354759,2001.6,0.05991611743559245,4.023745095651878,28.0,2.75,0.26077449,0.26453667827983357,0.2645280538540459,0.1721056560190074,0.17469640971488912,-38.00608582859016,3.7658763518130183,0.07592109977950745,5.939298170999999,5.732941333199996,0.5170860002399249,0.28590947426328367,0.003595884701635336,0.2275806412750059,55.29244151468485,,1,1.664820154639865,1.7672325897700578,1.4221802074091998,0.06839015180667576,0.29696490854999996,0.2866470666599998,1,,VIN_SCOPE1_SCOPE2_MISMATCH;VIN_REFERENCE_DRIFT,raw\session_20260802_075729_COMMERCIAL_F2000_V3p9_R04_20260802_080208_936602_scope1.csv,raw\session_20260802_075729_COMMERCIAL_F2000_V3p9_R04_20260802_080208_936602_scope2.csv,processed\session_20260802_075729_COMMERCIAL_F2000_V3p9_R04_20260802_080208_936602_B1024.csv,preview\session_20260802_075729_COMMERCIAL_F2000_V3p9_R04_20260802_080208_936602_preview.svg,2026-08-02T08:02:09.030202,MEPI-FROZEN-PROTOCOL v1.1,primary-B-reprocess-v2-temperature-channel-swap,session_20260802_075729,session_20260802_075729_COMMERCIAL_F2000_V3p9_R04_20260802_080208_936602,/mnt/e/MEPI/MEPI_DATA/demo/session_20260802_075729/samples.csv,/mnt/e/MEPI/MEPI_DATA/demo/session_20260802_075729/raw/session_20260802_075729_COMMERCIAL_F2000_V3p9_R04_20260802_080208_936602_scope1.csv,/mnt/e/MEPI/MEPI_DATA/demo/session_20260802_075729/raw/session_20260802_075729_COMMERCIAL_F2000_V3p9_R04_20260802_080208_936602_scope2.csv,483184069855deb8d5519a80cf4e4fbf45018f5319f37fb832c96ef7ea85bc29,976f9b226fcbd23792ee691d030fc30180624eabe90653933ebffcd3d54857cf,38.00608582859019,WARNING,,TEMPERATURE_CALIBRATION_PENDING;VIN_REFERENCE_DRIFT;VIN_SCOPE1_SCOPE2_MISMATCH,LEGACY_DATA_NOT_GROUND_TRUTH,raw Scope #2 CH1 primary Vin,28.0,25.25,28.0,28.0,SWAPPED_CORE_ROOM_CHANNELS_PHYSICALLY_VERIFIED,2026-09-23,0,REFERENCE_BASED_CALIBRATION_NOT_FOUND,3.9,3.9,3.9,0.0,EXACT_FROZEN_LABEL,NOT_GENERATED_LSP_DEFINITION_INCOMPLETE
session_20260802_075729_COMMERCIAL_F2000_V3p9_R05_20260802_080212_758608,session_20260802_075729,F2000_V3p9_RL49p6025_SINE,demo,COMMERCIAL,5,sine,49.6025,1.5152,0.1012,0.1038,2000.0,2001.2,0.060000000000002274,1.6159785241106714,3.89,3.9,4.054292958093079,-2.736370208583173,25.25,0.37925329460556867,0.2672517711396534,0.6831270323608609,4996.037817382813,1.1096420144653096,4.223469359718952,3.8196079921359885,5.788554709363163,2000.0,0.05996402158705004,4.031002839546534,27.75,2.5,0.260643527,0.2659244305476654,0.265908194091961,0.17201922320485744,0.17562038014783526,-37.350679136752824,3.76529650982245,0.07590941000599667,6.1410217295999985,5.533830768999995,0.5223102824934484,0.2858214365582606,0.0035926904101328525,0.2328961555250549,54.722536802029325,,1,1.479225385041495,1.7213220446145219,1.9858662616253475,0.06823829239456679,0.3070510864799999,0.2766915384499998,1,,VIN_SCOPE1_SCOPE2_MISMATCH;VIN_REFERENCE_DRIFT,raw\session_20260802_075729_COMMERCIAL_F2000_V3p9_R05_20260802_080212_758608_scope1.csv,raw\session_20260802_075729_COMMERCIAL_F2000_V3p9_R05_20260802_080212_758608_scope2.csv,processed\session_20260802_075729_COMMERCIAL_F2000_V3p9_R05_20260802_080212_758608_B1024.csv,preview\session_20260802_075729_COMMERCIAL_F2000_V3p9_R05_20260802_080212_758608_preview.svg,2026-08-02T08:02:12.852209,MEPI-FROZEN-PROTOCOL v1.1,primary-B-reprocess-v2-temperature-channel-swap,session_20260802_075729,session_20260802_075729_COMMERCIAL_F2000_V3p9_R05_20260802_080212_758608,/mnt/e/MEPI/MEPI_DATA/demo/session_20260802_075729/samples.csv,/mnt/e/MEPI/MEPI_DATA/demo/session_20260802_075729/raw/session_20260802_075729_COMMERCIAL_F2000_V3p9_R05_20260802_080212_758608_scope1.csv,/mnt/e/MEPI/MEPI_DATA/demo/session_20260802_075729/raw/session_20260802_075729_COMMERCIAL_F2000_V3p9_R05_20260802_080212_758608_scope2.csv,dd3ac54455428afbbc309437f8df7edaa8cd2e32f2f6fdf2972f19b58e58f9a7,3c028b59cafbf9ce84d92f849d2c305cd5608d0acc5300fd81b12ae2654adf9a,37.35067913675284,WARNING,,TEMPERATURE_CALIBRATION_PENDING;VIN_REFERENCE_DRIFT;VIN_SCOPE1_SCOPE2_MISMATCH,LEGACY_DATA_NOT_GROUND_TRUTH,raw Scope #2 CH1 primary Vin,27.75,25.25,27.75,27.75,SWAPPED_CORE_ROOM_CHANNELS_PHYSICALLY_VERIFIED,2026-09-23,0,REFERENCE_BASED_CALIBRATION_NOT_FOUND,3.9,3.9,3.9,0.0,EXACT_FROZEN_LABEL,NOT_GENERATED_LSP_DEFINITION_INCOMPLETE
session_20260802_075729_COMMERCIAL_F1750_V3p9_R01_20260802_080224_209028,session_20260802_075729,F1750_V3p9_RL49p6025_SINE,demo,COMMERCIAL,1,sine,49.6025,1.5152,0.1012,0.1038,1750.0,1755.0,0.2857142857142857,1.4054112949604738,3.89,3.9,4.0968139679985605,-3.1105295238833492,25.25,0.42725825039849497,0.30077870555192426,1.0883342471463662,11153.84765625,1.109185582391153,5.316554447262826,3.848322248632483,6.065487017645606,1755.6,0.03417634996581847,4.070172471287396,28.25,3.0,0.276372412,0.28231954992458713,0.2823436009460701,0.1823999551214361,0.18618004223864837,-39.93964826725165,3.7967969238511396,0.07654446698959004,6.118147628599998,5.734066961599999,0.5381874521647391,0.29062379680390055,0.003975068008477734,0.24358858735236077,54.000478018380235,,1,1.558881439164667,1.9005980536820928,2.1065271342971865,0.07181633817131873,0.3059073814299999,0.28670334808,1,,VIN_SCOPE1_SCOPE2_MISMATCH;VIN_REFERENCE_DRIFT,raw\session_20260802_075729_COMMERCIAL_F1750_V3p9_R01_20260802_080224_209028_scope1.csv,raw\session_20260802_075729_COMMERCIAL_F1750_V3p9_R01_20260802_080224_209028_scope2.csv,processed\session_20260802_075729_COMMERCIAL_F1750_V3p9_R01_20260802_080224_209028_B1024.csv,preview\session_20260802_075729_COMMERCIAL_F1750_V3p9_R01_20260802_080224_209028_preview.svg,2026-08-02T08:02:24.302629,MEPI-FROZEN-PROTOCOL v1.1,primary-B-reprocess-v2-temperature-channel-swap,session_20260802_075729,session_20260802_075729_COMMERCIAL_F1750_V3p9_R01_20260802_080224_209028,/mnt/e/MEPI/MEPI_DATA/demo/session_20260802_075729/samples.csv,/mnt/e/MEPI/MEPI_DATA/demo/session_20260802_075729/raw/session_20260802_075729_COMMERCIAL_F1750_V3p9_R01_20260802_080224_209028_scope1.csv,/mnt/e/MEPI/MEPI_DATA/demo/session_20260802_075729/raw/session_20260802_075729_COMMERCIAL_F1750_V3p9_R01_20260802_080224_209028_scope2.csv,0c726a245766b26970fb1664851ac10f434f2cd7d50fd8e4e3dbcc2d57a69e72,a56f92f8f8747bbf267fb83dba8c8e3870bc87834af3f9c7dad89165b909b401,39.93964826725167,WARNING,,TEMPERATURE_CALIBRATION_PENDING;VIN_REFERENCE_DRIFT;VIN_SCOPE1_SCOPE2_MISMATCH,LEGACY_DATA_NOT_GROUND_TRUTH,raw Scope #2 CH1 primary Vin,28.25,25.25,28.25,28.25,SWAPPED_CORE_ROOM_CHANNELS_PHYSICALLY_VERIFIED,2026-09-23,0,REFERENCE_BASED_CALIBRATION_NOT_FOUND,3.9,3.9,3.9,0.0,EXACT_FROZEN_LABEL,NOT_GENERATED_LSP_DEFINITION_INCOMPLETE
session_20260802_075729_COMMERCIAL_F1750_V3p9_R02_20260802_080228_015435,session_20260802_075729,F1750_V3p9_RL49p6025_SINE,demo,COMMERCIAL,2,sine,49.6025,1.5152,0.1012,0.1038,1750.0,1754.4,0.2514285714285766,1.4054112949604738,3.89,3.9,4.098075122173625,-3.040853502985846,25.5,0.42810571208121795,0.3013134600085848,0.9519250854007936,6969.41396484375,1.1092284799579628,5.348974863075182,3.8531054513047223,5.977676435051953,1754.1,0.017099863201104758,4.074835546461012,28.0,2.5,0.276459628,0.28171813323265593,0.281750397405107,0.18245751583949313,0.18538806758183735,-39.818476164819344,3.793929626741342,0.07648666149370177,6.146288092600001,5.530574507999998,0.5399797222034957,0.2901850110914913,0.0039762751370492014,0.24581843597495515,53.73998303257262,,1,1.3736593730321545,1.9248695556863613,1.866583869598909,0.07174982140869937,0.30731440463000004,0.2765287253999999,1,,VIN_SCOPE1_SCOPE2_MISMATCH;VIN_REFERENCE_DRIFT,raw\session_20260802_075729_COMMERCIAL_F1750_V3p9_R02_20260802_080228_015435_scope1.csv,raw\session_20260802_075729_COMMERCIAL_F1750_V3p9_R02_20260802_080228_015435_scope2.csv,processed\session_20260802_075729_COMMERCIAL_F1750_V3p9_R02_20260802_080228_015435_B1024.csv,preview\session_20260802_075729_COMMERCIAL_F1750_V3p9_R02_20260802_080228_015435_preview.svg,2026-08-02T08:02:28.109035,MEPI-FROZEN-PROTOCOL v1.1,primary-B-reprocess-v2-temperature-channel-swap,session_20260802_075729,session_20260802_075729_COMMERCIAL_F1750_V3p9_R02_20260802_080228_015435,/mnt/e/MEPI/MEPI_DATA/demo/session_20260802_075729/samples.csv,/mnt/e/MEPI/MEPI_DATA/demo/session_20260802_075729/raw/session_20260802_075729_COMMERCIAL_F1750_V3p9_R02_20260802_080228_015435_scope1.csv,/mnt/e/MEPI/MEPI_DATA/demo/session_20260802_075729/raw/session_20260802_075729_COMMERCIAL_F1750_V3p9_R02_20260802_080228_015435_scope2.csv,5a5ac8bdbe40cc154729379e3b5448d9522c47207292f055f83f909056a58579,ccbdbe25f6a2ca0650d42d3d87893dc2a92e798b77b61b2029e75231c3fbfa09,39.818476164819366,WARNING,,TEMPERATURE_CALIBRATION_PENDING;VIN_REFERENCE_DRIFT;VIN_SCOPE1_SCOPE2_MISMATCH,LEGACY_DATA_NOT_GROUND_TRUTH,raw Scope #2 CH1 primary Vin,28.0,25.5,28.0,28.0,SWAPPED_CORE_ROOM_CHANNELS_PHYSICALLY_VERIFIED,2026-09-23,0,REFERENCE_BASED_CALIBRATION_NOT_FOUND,3.9,3.9,3.9,0.0,EXACT_FROZEN_LABEL,NOT_GENERATED_LSP_DEFINITION_INCOMPLETE
session_20260802_075729_COMMERCIAL_F1750_V3p9_R03_20260802_080231_837442,session_20260802_075729,F1750_V3p9_RL49p6025_SINE,demo,COMMERCIAL,3,sine,49.6025,1.5152,0.1012,0.1038,1750.0,1755.0,0.2857142857142857,1.4054112949604738,3.89,3.9,4.094592907594147,-2.9760333013324995,25.25,0.42755949541242444,0.300740292370937,0.9905325834130324,4870.033950805664,1.109312998109614,5.259457778769933,3.855854183118954,5.830585112195759,1753.8,0.06837606837607096,4.07853903744142,28.5,3.25,0.276174036,0.2827358987389787,0.28276010373934624,0.18226903115100315,0.18651003167898628,-39.547129345791205,3.7888657901761595,0.07638457316014635,5.940584542200001,5.530413697599998,0.5419320229062584,0.2894108961436866,0.00396769816448244,0.24855342859808938,53.40354212538349,,1,1.4634027876289908,1.8020460776279028,2.3208452723000645,0.07162460582900129,0.29702922711,0.27652068487999987,1,,VIN_SCOPE1_SCOPE2_MISMATCH;VIN_REFERENCE_DRIFT,raw\session_20260802_075729_COMMERCIAL_F1750_V3p9_R03_20260802_080231_837442_scope1.csv,raw\session_20260802_075729_COMMERCIAL_F1750_V3p9_R03_20260802_080231_837442_scope2.csv,processed\session_20260802_075729_COMMERCIAL_F1750_V3p9_R03_20260802_080231_837442_B1024.csv,preview\session_20260802_075729_COMMERCIAL_F1750_V3p9_R03_20260802_080231_837442_preview.svg,2026-08-02T08:02:31.946642,MEPI-FROZEN-PROTOCOL v1.1,primary-B-reprocess-v2-temperature-channel-swap,session_20260802_075729,session_20260802_075729_COMMERCIAL_F1750_V3p9_R03_20260802_080231_837442,/mnt/e/MEPI/MEPI_DATA/demo/session_20260802_075729/samples.csv,/mnt/e/MEPI/MEPI_DATA/demo/session_20260802_075729/raw/session_20260802_075729_COMMERCIAL_F1750_V3p9_R03_20260802_080231_837442_scope1.csv,/mnt/e/MEPI/MEPI_DATA/demo/session_20260802_075729/raw/session_20260802_075729_COMMERCIAL_F1750_V3p9_R03_20260802_080231_837442_scope2.csv,d870b5a4398a1b30a0f6e3f05760ad46bce2fbea5646e41602b7091aa7590ccb,da106a59de36a186505585b57c0aecb5c6fa06774ce8b1094e00888b9e7d3714,39.547129345791205,WARNING,,TEMPERATURE_CALIBRATION_PENDING;VIN_REFERENCE_DRIFT;VIN_SCOPE1_SCOPE2_MISMATCH,LEGACY_DATA_NOT_GROUND_TRUTH,raw Scope #2 CH1 primary Vin,28.5,25.25,28.5,28.5,SWAPPED_CORE_ROOM_CHANNELS_PHYSICALLY_VERIFIED,2026-09-23,0,REFERENCE_BASED_CALIBRATION_NOT_FOUND,3.9,3.9,3.9,0.0,EXACT_FROZEN_LABEL,NOT_GENERATED_LSP_DEFINITION_INCOMPLETE
session_20260802_075729_COMMERCIAL_F1750_V3p9_R04_20260802_080235_659449,session_20260802_075729,F1750_V3p9_RL49p6025_SINE,demo,COMMERCIAL,4,sine,49.6025,1.5152,0.1012,0.1038,1750.0,1755.9,0.33714285714286235,1.4054112949604738,3.89,3.9,4.0915398675699075,-2.9563896341948843,25.0,0.426654432861306,0.30018290734908254,0.9293093484536091,4875.197298431397,1.1092519270635792,5.180973459380675,3.8491628729702114,5.923857580389831,1752.8,0.1765476393872166,4.070999982294189,28.0,3.0,0.276070872,0.28230508274432536,0.28232680582126174,0.18220094508975712,0.18611404435058074,-39.009945104031985,3.792904001081528,0.07646598459919415,6.116820945199999,5.531740692000001,0.5449522544164612,0.290028138932922,0.003966478518345161,0.2509576369651941,53.22083477633948,,1,1.3633333912374064,1.8927426539873362,2.2083239464630773,0.07172231498402941,0.30584104725999994,0.27658703460000006,1,,VIN_SCOPE1_SCOPE2_MISMATCH;VIN_REFERENCE_DRIFT,raw\session_20260802_075729_COMMERCIAL_F1750_V3p9_R04_20260802_080235_659449_scope1.csv,raw\session_20260802_075729_COMMERCIAL_F1750_V3p9_R04_20260802_080235_659449_scope2.csv,processed\session_20260802_075729_COMMERCIAL_F1750_V3p9_R04_20260802_080235_659449_B1024.csv,preview\session_20260802_075729_COMMERCIAL_F1750_V3p9_R04_20260802_080235_659449_preview.svg,2026-08-02T08:02:35.753049,MEPI-FROZEN-PROTOCOL v1.1,primary-B-reprocess-v2-temperature-channel-swap,session_20260802_075729,session_20260802_075729_COMMERCIAL_F1750_V3p9_R04_20260802_080235_659449,/mnt/e/MEPI/MEPI_DATA/demo/session_20260802_075729/samples.csv,/mnt/e/MEPI/MEPI_DATA/demo/session_20260802_075729/raw/session_20260802_075729_COMMERCIAL_F1750_V3p9_R04_20260802_080235_659449_scope1.csv,/mnt/e/MEPI/MEPI_DATA/demo/session_20260802_075729/raw/session_20260802_075729_COMMERCIAL_F1750_V3p9_R04_20260802_080235_659449_scope2.csv,ec31b9133ed0b022ea1859e45b36139b7ecf9d1627c53e09fc775e899621f5cf,80e2638ce489872f3f3387120fbf8b07c7e3a570415b8e8b9c0ff1b4cef594a3,39.00994510403198,WARNING,,TEMPERATURE_CALIBRATION_PENDING;VIN_REFERENCE_DRIFT;VIN_SCOPE1_SCOPE2_MISMATCH,LEGACY_DATA_NOT_GROUND_TRUTH,raw Scope #2 CH1 primary Vin,28.0,25.0,28.0,28.0,SWAPPED_CORE_ROOM_CHANNELS_PHYSICALLY_VERIFIED,2026-09-23,0,REFERENCE_BASED_CALIBRATION_NOT_FOUND,3.9,3.9,3.9,0.0,EXACT_FROZEN_LABEL,NOT_GENERATED_LSP_DEFINITION_INCOMPLETE
session_20260802_075729_COMMERCIAL_F1750_V3p9_R05_20260802_080239_465855,session_20260802_075729,F1750_V3p9_RL49p6025_SINE,demo,COMMERCIAL,5,sine,49.6025,1.5152,0.1012,0.1038,1750.0,1757.2,0.41142857142857403,1.4054112949604738,3.89,3.9,4.090043011255128,-2.8697613511769973,25.75,0.4258637150946498,0.2997423654341718,0.8713234473032607,4877.6135375976555,1.1093920621420688,5.142493862599804,3.8477110241392025,5.924925152353498,1756.9,0.017072615524695797,4.070377352700799,28.25,2.5,0.275987363,0.2820563741277066,0.28209217697589273,0.18214583091341074,0.18571805702217525,-39.46389557794904,3.79016088076112,0.07641068254142674,6.119554630799999,5.7300065997999985,0.541069666411875,0.2896087798407723,0.003963568788165813,0.2474973177829369,53.52522934085816,,1,1.2117308796509765,1.6914306277568505,2.1517014626865945,0.07172767426362096,0.30597773153999996,0.2865003299899999,1,,VIN_SCOPE1_SCOPE2_MISMATCH;VIN_REFERENCE_DRIFT,raw\session_20260802_075729_COMMERCIAL_F1750_V3p9_R05_20260802_080239_465855_scope1.csv,raw\session_20260802_075729_COMMERCIAL_F1750_V3p9_R05_20260802_080239_465855_scope2.csv,processed\session_20260802_075729_COMMERCIAL_F1750_V3p9_R05_20260802_080239_465855_B1024.csv,preview\session_20260802_075729_COMMERCIAL_F1750_V3p9_R05_20260802_080239_465855_preview.svg,2026-08-02T08:02:39.575055,MEPI-FROZEN-PROTOCOL v1.1,primary-B-reprocess-v2-temperature-channel-swap,session_20260802_075729,session_20260802_075729_COMMERCIAL_F1750_V3p9_R05_20260802_080239_465855,/mnt/e/MEPI/MEPI_DATA/demo/session_20260802_075729/samples.csv,/mnt/e/MEPI/MEPI_DATA/demo/session_20260802_075729/raw/session_20260802_075729_COMMERCIAL_F1750_V3p9_R05_20260802_080239_465855_scope1.csv,/mnt/e/MEPI/MEPI_DATA/demo/session_20260802_075729/raw/session_20260802_075729_COMMERCIAL_F1750_V3p9_R05_20260802_080239_465855_scope2.csv,a33a8d4c946181937a02cd6f188979bf91bf2c1a394dc77e02b297cd6bbab26a,19e7ecf26e59a59d4d966a8ba103ccede0446a6f930c4577badb01a72a38a006,39.46389557794907,WARNING,,TEMPERATURE_CALIBRATION_PENDING;VIN_REFERENCE_DRIFT;VIN_SCOPE1_SCOPE2_MISMATCH,LEGACY_DATA_NOT_GROUND_TRUTH,raw Scope #2 CH1 primary Vin,28.25,25.75,28.25,28.25,SWAPPED_CORE_ROOM_CHANNELS_PHYSICALLY_VERIFIED,2026-09-23,0,REFERENCE_BASED_CALIBRATION_NOT_FOUND,3.9,3.9,3.9,0.0,EXACT_FROZEN_LABEL,NOT_GENERATED_LSP_DEFINITION_INCOMPLETE
session_20260802_075729_COMMERCIAL_F1500_V3p9_R01_20260802_080251_103476,session_20260802_075729,F1500_V3p9_RL49p6025_SINE,demo,COMMERCIAL,1,sine,49.6025,1.5152,0.1012,0.1038,1500.0,1505.3,0.3533333333333303,1.1944615640316203,3.89,3.9,4.063898635769096,-3.3870628611305276,25.5,0.5011986534227617,0.35361378297518187,0.5962724241936272,4938.519130706786,1.109490092279025,4.470401947792012,3.804067386764085,6.393644928002732,1502.0,0.2192254035740354,4.03317000020242,28.25,2.75,0.29915655,0.30465749661979896,0.30467540849931074,0.1974370050158395,0.20109556494192185,-42.08403055812693,3.749539002861967,0.07559173434528435,6.160599633599999,5.734991567199999,0.5574114222114291,0.2834341562216242,0.004538039389379863,0.2694392266004251,50.848286369366164,,1,1.4053856278797319,1.7222072482130992,1.8056166944297827,0.07864123307617753,0.30802998167999995,0.2867495783599999,1,,VIN_SCOPE1_SCOPE2_MISMATCH;VIN_REFERENCE_DRIFT,raw\session_20260802_075729_COMMERCIAL_F1500_V3p9_R01_20260802_080251_103476_scope1.csv,raw\session_20260802_075729_COMMERCIAL_F1500_V3p9_R01_20260802_080251_103476_scope2.csv,processed\session_20260802_075729_COMMERCIAL_F1500_V3p9_R01_20260802_080251_103476_B1024.csv,preview\session_20260802_075729_COMMERCIAL_F1500_V3p9_R01_20260802_080251_103476_preview.svg,2026-08-02T08:02:51.197076,MEPI-FROZEN-PROTOCOL v1.1,primary-B-reprocess-v2-temperature-channel-swap,session_20260802_075729,session_20260802_075729_COMMERCIAL_F1500_V3p9_R01_20260802_080251_103476,/mnt/e/MEPI/MEPI_DATA/demo/session_20260802_075729/samples.csv,/mnt/e/MEPI/MEPI_DATA/demo/session_20260802_075729/raw/session_20260802_075729_COMMERCIAL_F1500_V3p9_R01_20260802_080251_103476_scope1.csv,/mnt/e/MEPI/MEPI_DATA/demo/session_20260802_075729/raw/session_20260802_075729_COMMERCIAL_F1500_V3p9_R01_20260802_080251_103476_scope2.csv,77d13b11823bdfb88e95e6d41157f1a21015382e8d7ae7474e3ef9da22806948,0eb5f7033049b58b9a5cfb78b3f596915cb2dcecac73e56e1d0b519fc8743582,42.084030558126976,WARNING,,TEMPERATURE_CALIBRATION_PENDING;VIN_REFERENCE_DRIFT;VIN_SCOPE1_SCOPE2_MISMATCH,LEGACY_DATA_NOT_GROUND_TRUTH,raw Scope #2 CH1 primary Vin,28.25,25.5,28.25,28.25,SWAPPED_CORE_ROOM_CHANNELS_PHYSICALLY_VERIFIED,2026-09-23,0,REFERENCE_BASED_CALIBRATION_NOT_FOUND,3.9,3.9,3.9,0.0,EXACT_FROZEN_LABEL,NOT_GENERATED_LSP_DEFINITION_INCOMPLETE
session_20260802_075729_COMMERCIAL_F1500_V3p9_R02_20260802_080254_909882,session_20260802_075729,F1500_V3p9_RL49p6025_SINE,demo,COMMERCIAL,2,sine,49.6025,1.5152,0.1012,0.1038,1500.0,1503.5,0.23333333333333334,1.1944615640316203,3.89,3.9,4.049891946546004,-3.4595115915199552,25.25,0.5012365534068408,0.35299714521806824,0.8750235023720029,7059.998825073243,1.1092029919009398,4.110332816092346,3.804794880347078,6.051940877285586,1505.6,0.1394792773644998,4.034943852681553,28.25,3.0,0.298912233,0.30572467539888365,0.3057415452962544,0.19727576095564942,0.2017555438225977,-42.12561101690935,3.7406370478116884,0.07541226849073511,6.1041174812,5.535921179999999,0.5566974775384258,0.2820899253759658,0.004528785519895573,0.27007876664256447,50.672032254088066,,1,1.664323658037058,2.2175245754601667,2.2282932805457474,0.0785619836023152,0.30520587406,0.2767960589999999,1,,VIN_SCOPE1_SCOPE2_MISMATCH;VIN_REFERENCE_DRIFT,raw\session_20260802_075729_COMMERCIAL_F1500_V3p9_R02_20260802_080254_909882_scope1.csv,raw\session_20260802_075729_COMMERCIAL_F1500_V3p9_R02_20260802_080254_909882_scope2.csv,processed\session_20260802_075729_COMMERCIAL_F1500_V3p9_R02_20260802_080254_909882_B1024.csv,preview\session_20260802_075729_COMMERCIAL_F1500_V3p9_R02_20260802_080254_909882_preview.svg,2026-08-02T08:02:55.003483,MEPI-FROZEN-PROTOCOL v1.1,primary-B-reprocess-v2-temperature-channel-swap,session_20260802_075729,session_20260802_075729_COMMERCIAL_F1500_V3p9_R02_20260802_080254_909882,/mnt/e/MEPI/MEPI_DATA/demo/session_20260802_075729/samples.csv,/mnt/e/MEPI/MEPI_DATA/demo/session_20260802_075729/raw/session_20260802_075729_COMMERCIAL_F1500_V3p9_R02_20260802_080254_909882_scope1.csv,/mnt/e/MEPI/MEPI_DATA/demo/session_20260802_075729/raw/session_20260802_075729_COMMERCIAL_F1500_V3p9_R02_20260802_080254_909882_scope2.csv,35dabb255f6c6fd37437e18b27f9af16b8f5030f0ed811809989dfd71e4e7971,4b5e1d42404771eb5b9147699f800f3bc180af4eac482444b5a0a41353f0fe6b,42.12561101690935,WARNING,,TEMPERATURE_CALIBRATION_PENDING;VIN_REFERENCE_DRIFT;VIN_SCOPE1_SCOPE2_MISMATCH,LEGACY_DATA_NOT_GROUND_TRUTH,raw Scope #2 CH1 primary Vin,28.25,25.25,28.25,28.25,SWAPPED_CORE_ROOM_CHANNELS_PHYSICALLY_VERIFIED,2026-09-23,0,REFERENCE_BASED_CALIBRATION_NOT_FOUND,3.9,3.9,3.9,0.0,EXACT_FROZEN_LABEL,NOT_GENERATED_LSP_DEFINITION_INCOMPLETE
session_20260802_075729_COMMERCIAL_F1500_V3p9_R03_20260802_080258_747489,session_20260802_075729,F1500_V3p9_RL49p6025_SINE,demo,COMMERCIAL,3,sine,49.6025,1.5152,0.1012,0.1038,1500.0,1503.8,0.2533333333333303,1.1944615640316203,3.89,3.9,4.058474240403567,-3.313608493140311,25.0,0.4995466466966718,0.35281341541870215,0.6512554634107496,6766.778753662109,1.1094003490228364,4.330957336852293,3.80571705726809,6.22788684031016,1503.5,0.019949461364540132,4.035055464123299,27.75,2.75,0.299264354,0.3046215240891637,0.3046419852598612,0.19750815337909186,0.20109556494192185,-42.46471437421976,3.743592409783678,0.07547184939839077,6.159273014199999,5.7439965892,0.5544946247600814,0.2825358425601526,0.004539003235260818,0.267419778964668,50.95375679834591,,1,1.5927221855830773,2.1691409455643993,1.758631503529487,0.07863547118629612,0.30796365071,0.28719982946,1,,VIN_SCOPE1_SCOPE2_MISMATCH;VIN_REFERENCE_DRIFT,raw\session_20260802_075729_COMMERCIAL_F1500_V3p9_R03_20260802_080258_747489_scope1.csv,raw\session_20260802_075729_COMMERCIAL_F1500_V3p9_R03_20260802_080258_747489_scope2.csv,processed\session_20260802_075729_COMMERCIAL_F1500_V3p9_R03_20260802_080258_747489_B1024.csv,preview\session_20260802_075729_COMMERCIAL_F1500_V3p9_R03_20260802_080258_747489_preview.svg,2026-08-02T08:02:58.841089,MEPI-FROZEN-PROTOCOL v1.1,primary-B-reprocess-v2-temperature-channel-swap,session_20260802_075729,session_20260802_075729_COMMERCIAL_F1500_V3p9_R03_20260802_080258_747489,/mnt/e/MEPI/MEPI_DATA/demo/session_20260802_075729/samples.csv,/mnt/e/MEPI/MEPI_DATA/demo/session_20260802_075729/raw/session_20260802_075729_COMMERCIAL_F1500_V3p9_R03_20260802_080258_747489_scope1.csv,/mnt/e/MEPI/MEPI_DATA/demo/session_20260802_075729/raw/session_20260802_075729_COMMERCIAL_F1500_V3p9_R03_20260802_080258_747489_scope2.csv,e8a7de667d51f4a254264d45d55e97c4848c85bf1b4a169e9a04c0a71412f99d,33fa77b874c9c99487b519c2c033bcf0af65e4a16188d0b1fc083e2e87849da6,42.46471437421978,WARNING,,TEMPERATURE_CALIBRATION_PENDING;VIN_REFERENCE_DRIFT;VIN_SCOPE1_SCOPE2_MISMATCH,LEGACY_DATA_NOT_GROUND_TRUTH,raw Scope #2 CH1 primary Vin,27.75,25.0,27.75,27.75,SWAPPED_CORE_ROOM_CHANNELS_PHYSICALLY_VERIFIED,2026-09-23,0,REFERENCE_BASED_CALIBRATION_NOT_FOUND,3.9,3.9,3.9,0.0,EXACT_FROZEN_LABEL,NOT_GENERATED_LSP_DEFINITION_INCOMPLETE
session_20260802_075729_COMMERCIAL_F1500_V3p9_R04_20260802_080302_569496,session_20260802_075729,F1500_V3p9_RL49p6025_SINE,demo,COMMERCIAL,4,sine,49.6025,1.5152,0.1012,0.1038,1500.0,1506.0,0.4,1.1944615640316203,3.89,3.9,4.067449852348227,-3.449001537721427,25.5,0.5019753017123207,0.35371302280834793,0.7235028997006181,10892.670776367188,1.1095850814804065,4.5616928624227056,3.807016758340988,6.402859370396331,1506.0,0.0,4.0362770737701394,27.75,2.25,0.299295157,0.3050741852381899,0.30509182119113437,0.1975284827085533,0.201227560718057,-42.22820948965232,3.7574974547774196,0.07575217891794607,6.158991647999999,5.540142352599998,0.5568320247745895,0.28463861947802604,0.00454421630289445,0.26764918899366896,51.117501654695644,,1,1.4723049987924464,2.054503755418091,1.8943026050132343,0.07861671644713897,0.3079495823999999,0.2770071176299999,1,,VIN_SCOPE1_SCOPE2_MISMATCH;VIN_REFERENCE_DRIFT,raw\session_20260802_075729_COMMERCIAL_F1500_V3p9_R04_20260802_080302_569496_scope1.csv,raw\session_20260802_075729_COMMERCIAL_F1500_V3p9_R04_20260802_080302_569496_scope2.csv,processed\session_20260802_075729_COMMERCIAL_F1500_V3p9_R04_20260802_080302_569496_B1024.csv,preview\session_20260802_075729_COMMERCIAL_F1500_V3p9_R04_20260802_080302_569496_preview.svg,2026-08-02T08:03:02.694296,MEPI-FROZEN-PROTOCOL v1.1,primary-B-reprocess-v2-temperature-channel-swap,session_20260802_075729,session_20260802_075729_COMMERCIAL_F1500_V3p9_R04_20260802_080302_569496,/mnt/e/MEPI/MEPI_DATA/demo/session_20260802_075729/samples.csv,/mnt/e/MEPI/MEPI_DATA/demo/session_20260802_075729/raw/session_20260802_075729_COMMERCIAL_F1500_V3p9_R04_20260802_080302_569496_scope1.csv,/mnt/e/MEPI/MEPI_DATA/demo/session_20260802_075729/raw/session_20260802_075729_COMMERCIAL_F1500_V3p9_R04_20260802_080302_569496_scope2.csv,9872d747833e0f753ed25568a482aaaabc3ef691d435dd8cf88f2e8d329088bd,566af49acb97294e3b8edd5be0df937c240dd13d301b434db057372e968f6ff6,42.228209489652336,WARNING,,TEMPERATURE_CALIBRATION_PENDING;VIN_REFERENCE_DRIFT;VIN_SCOPE1_SCOPE2_MISMATCH,LEGACY_DATA_NOT_GROUND_TRUTH,raw Scope #2 CH1 primary Vin,27.75,25.5,27.75,27.75,SWAPPED_CORE_ROOM_CHANNELS_PHYSICALLY_VERIFIED,2026-09-23,0,REFERENCE_BASED_CALIBRATION_NOT_FOUND,3.9,3.9,3.9,0.0,EXACT_FROZEN_LABEL,NOT_GENERATED_LSP_DEFINITION_INCOMPLETE
session_20260802_075729_COMMERCIAL_F1500_V3p9_R05_20260802_080306_375903,session_20260802_075729,F1500_V3p9_RL49p6025_SINE,demo,COMMERCIAL,5,sine,49.6025,1.5152,0.1012,0.1038,1500.0,1504.7,0.31333333333333635,1.1944615640316203,3.89,3.9,4.052418624739855,-3.3988153604828857,25.25,0.4996848108785912,0.35249364744374634,0.6457140259072451,7243.756579589844,1.1093436158161947,4.175285983030414,3.800043857240212,6.227756578723712,1505.3,0.03985916428618276,4.028883442473249,28.0,2.75,0.298556498,0.303976993875555,0.30399828383837507,0.1970409833685322,0.20076557550158394,-41.743137220369476,3.7410618174107637,0.07542083196231568,6.1076149458,5.536283053399999,0.5586809027168108,0.2821539946915725,0.004519550828221584,0.27200735719701674,50.503604708785474,,1,1.5080367053644514,2.0446819448905766,1.7831928023388774,0.07856659270686063,0.30538074729,0.27681415267,1,,VIN_SCOPE1_SCOPE2_MISMATCH;VIN_REFERENCE_DRIFT,raw\session_20260802_075729_COMMERCIAL_F1500_V3p9_R05_20260802_080306_375903_scope1.csv,raw\session_20260802_075729_COMMERCIAL_F1500_V3p9_R05_20260802_080306_375903_scope2.csv,processed\session_20260802_075729_COMMERCIAL_F1500_V3p9_R05_20260802_080306_375903_B1024.csv,preview\session_20260802_075729_COMMERCIAL_F1500_V3p9_R05_20260802_080306_375903_preview.svg,2026-08-02T08:03:06.469503,MEPI-FROZEN-PROTOCOL v1.1,primary-B-reprocess-v2-temperature-channel-swap,session_20260802_075729,session_20260802_075729_COMMERCIAL_F1500_V3p9_R05_20260802_080306_375903,/mnt/e/MEPI/MEPI_DATA/demo/session_20260802_075729/samples.csv,/mnt/e/MEPI/MEPI_DATA/demo/session_20260802_075729/raw/session_20260802_075729_COMMERCIAL_F1500_V3p9_R05_20260802_080306_375903_scope1.csv,/mnt/e/MEPI/MEPI_DATA/demo/session_20260802_075729/raw/session_20260802_075729_COMMERCIAL_F1500_V3p9_R05_20260802_080306_375903_scope2.csv,4d0c715d0f02750853003eb608dea45779c31bdf86c9a8ca40adef7ca681d6e4,ace91e8b22f2875d1fb99bca39d7216f660a72e2b37d03f0ec255b9f1360622e,41.743137220369476,WARNING,,TEMPERATURE_CALIBRATION_PENDING;VIN_REFERENCE_DRIFT;VIN_SCOPE1_SCOPE2_MISMATCH,LEGACY_DATA_NOT_GROUND_TRUTH,raw Scope #2 CH1 primary Vin,28.0,25.25,28.0,28.0,SWAPPED_CORE_ROOM_CHANNELS_PHYSICALLY_VERIFIED,2026-09-23,0,REFERENCE_BASED_CALIBRATION_NOT_FOUND,3.9,3.9,3.9,0.0,EXACT_FROZEN_LABEL,NOT_GENERATED_LSP_DEFINITION_INCOMPLETE
session_20260802_075729_COMMERCIAL_F1250_V3p9_R01_20260802_080317_841923,session_20260802_075729,F1250_V3p9_RL49p6025_SINE,demo,COMMERCIAL,1,sine,49.6025,1.5152,0.1012,0.1038,1250.0,1251.7,0.13600000000000365,0.9823643277667982,3.89,3.9,3.9742415151320682,-4.060146925729568,25.5,0.6004281634018014,0.4241481362798259,0.5331875296113491,4902.431185150147,1.1097377487493147,2.165591648638975,3.725630147506221,6.255567676982955,1253.8,0.16749082788322772,3.962896477714599,28.25,2.75,0.336429328,0.34126347069330526,0.3412234608959878,0.22203625131995777,0.2255807814149947,-46.37614218650887,3.656074771092795,0.07370746980682012,5.9390166941999984,5.5281624769999995,0.570719888458237,0.269480020801799,0.005553093523034767,0.29568677413340316,47.21756263475975,,1,1.7291604306787014,2.252220827316432,1.416542674047201,0.090301322106595,0.29695083470999994,0.27640812384999996,1,,VIN_SCOPE1_SCOPE2_MISMATCH;VIN_REFERENCE_DRIFT,raw\session_20260802_075729_COMMERCIAL_F1250_V3p9_R01_20260802_080317_841923_scope1.csv,raw\session_20260802_075729_COMMERCIAL_F1250_V3p9_R01_20260802_080317_841923_scope2.csv,processed\session_20260802_075729_COMMERCIAL_F1250_V3p9_R01_20260802_080317_841923_B1024.csv,preview\session_20260802_075729_COMMERCIAL_F1250_V3p9_R01_20260802_080317_841923_preview.svg,2026-08-02T08:03:17.935523,MEPI-FROZEN-PROTOCOL v1.1,primary-B-reprocess-v2-temperature-channel-swap,session_20260802_075729,session_20260802_075729_COMMERCIAL_F1250_V3p9_R01_20260802_080317_841923,/mnt/e/MEPI/MEPI_DATA/demo/session_20260802_075729/samples.csv,/mnt/e/MEPI/MEPI_DATA/demo/session_20260802_075729/raw/session_20260802_075729_COMMERCIAL_F1250_V3p9_R01_20260802_080317_841923_scope1.csv,/mnt/e/MEPI/MEPI_DATA/demo/session_20260802_075729/raw/session_20260802_075729_COMMERCIAL_F1250_V3p9_R01_20260802_080317_841923_scope2.csv,ee81b9ab0f5e9fbfd2867bba76999af1abe4de072862802deda2697e768a924a,d5134e82bbf012113e9ffe401a1e7e6a48537d270ae47f34c188c7f6d5abca16,46.37614218650885,WARNING,,TEMPERATURE_CALIBRATION_PENDING;VIN_REFERENCE_DRIFT;VIN_SCOPE1_SCOPE2_MISMATCH,LEGACY_DATA_NOT_GROUND_TRUTH,raw Scope #2 CH1 primary Vin,28.25,25.5,28.25,28.25,SWAPPED_CORE_ROOM_CHANNELS_PHYSICALLY_VERIFIED,2026-09-23,0,REFERENCE_BASED_CALIBRATION_NOT_FOUND,3.9,3.9,3.9,0.0,EXACT_FROZEN_LABEL,NOT_GENERATED_LSP_DEFINITION_INCOMPLETE
session_20260802_075729_COMMERCIAL_F1250_V3p9_R02_20260802_080321_632729,session_20260802_075729,F1250_V3p9_RL49p6025_SINE,demo,COMMERCIAL,2,sine,49.6025,1.5152,0.1012,0.1038,1250.0,1252.3,0.18399999999999636,0.9823643277667982,3.89,3.9,3.9881126310410364,-4.123288737011537,25.25,0.6027517930244812,0.425559881960423,0.5637046490154789,5439.29595336914,1.1097347480964264,2.5221756051684276,3.7241094163609487,6.61975322926595,1253.6,0.10370134014039203,3.9608969734307147,28.0,2.75,0.336544055,0.3402531579026124,0.340214220176269,0.22211196871700103,0.2248548046462513,-46.48695259690957,3.66989041302476,0.07398599693613749,6.119032029200001,5.5297302639999995,0.5695223737634513,0.2715205008540102,0.005560766836396439,0.29244110607304463,47.675124518775284,,1,1.6455218539390912,2.376977806839121,1.0901009487982523,0.09036900299477706,0.30595160146000006,0.27648651319999995,1,,VIN_SCOPE1_SCOPE2_MISMATCH;VIN_REFERENCE_DRIFT,raw\session_20260802_075729_COMMERCIAL_F1250_V3p9_R02_20260802_080321_632729_scope1.csv,raw\session_20260802_075729_COMMERCIAL_F1250_V3p9_R02_20260802_080321_632729_scope2.csv,processed\session_20260802_075729_COMMERCIAL_F1250_V3p9_R02_20260802_080321_632729_B1024.csv,preview\session_20260802_075729_COMMERCIAL_F1250_V3p9_R02_20260802_080321_632729_preview.svg,2026-08-02T08:03:21.726329,MEPI-FROZEN-PROTOCOL v1.1,primary-B-reprocess-v2-temperature-channel-swap,session_20260802_075729,session_20260802_075729_COMMERCIAL_F1250_V3p9_R02_20260802_080321_632729,/mnt/e/MEPI/MEPI_DATA/demo/session_20260802_075729/samples.csv,/mnt/e/MEPI/MEPI_DATA/demo/session_20260802_075729/raw/session_20260802_075729_COMMERCIAL_F1250_V3p9_R02_20260802_080321_632729_scope1.csv,/mnt/e/MEPI/MEPI_DATA/demo/session_20260802_075729/raw/session_20260802_075729_COMMERCIAL_F1250_V3p9_R02_20260802_080321_632729_scope2.csv,3aeaace16f5976ecf9af177b4af611b6740696dcf65dd1ca4c42f8febf5a8e50,eee20f53fa89b9820cd8ad61d2504ad664f7074400105c27aba20456e2d60780,46.486952596909624,WARNING,,TEMPERATURE_CALIBRATION_PENDING;VIN_REFERENCE_DRIFT;VIN_SCOPE1_SCOPE2_MISMATCH,LEGACY_DATA_NOT_GROUND_TRUTH,raw Scope #2 CH1 primary Vin,28.0,25.25,28.0,28.0,SWAPPED_CORE_ROOM_CHANNELS_PHYSICALLY_VERIFIED,2026-09-23,0,REFERENCE_BASED_CALIBRATION_NOT_FOUND,3.9,3.9,3.9,0.0,EXACT_FROZEN_LABEL,NOT_GENERATED_LSP_DEFINITION_INCOMPLETE
session_20260802_075729_COMMERCIAL_F1250_V3p9_R03_20260802_080325_454736,session_20260802_075729,F1250_V3p9_RL49p6025_SINE,demo,COMMERCIAL,3,sine,49.6025,1.5152,0.1012,0.1038,1250.0,1253.9,0.31200000000000727,0.9823643277667982,3.89,3.9,3.9878758402590746,-3.8485727984394162,25.25,0.6030430809660174,0.4252057349938412,0.5506157958738765,4909.698869323731,1.1096849979945098,2.5160884385366074,3.726300842146044,6.559256320679181,1252.2,0.13557699976075008,3.9634293136466923,28.0,2.75,0.336601648,0.3412611475920966,0.34122331360922303,0.22214997888067578,0.22518479408658923,-46.437198028872515,3.667968335227102,0.07394724732074194,5.941187574999999,5.527881056599999,0.5704761284444541,0.2712361616496886,0.005561880728507986,0.29367808606625745,47.545576076825846,,1,1.4762704626624272,2.229352708783681,1.3653765232208686,0.09033131307941983,0.29705937874999994,0.27639405282999996,1,,VIN_SCOPE1_SCOPE2_MISMATCH;VIN_REFERENCE_DRIFT,raw\session_20260802_075729_COMMERCIAL_F1250_V3p9_R03_20260802_080325_454736_scope1.csv,raw\session_20260802_075729_COMMERCIAL_F1250_V3p9_R03_20260802_080325_454736_scope2.csv,processed\session_20260802_075729_COMMERCIAL_F1250_V3p9_R03_20260802_080325_454736_B1024.csv,preview\session_20260802_075729_COMMERCIAL_F1250_V3p9_R03_20260802_080325_454736_preview.svg,2026-08-02T08:03:25.548336,MEPI-FROZEN-PROTOCOL v1.1,primary-B-reprocess-v2-temperature-channel-swap,session_20260802_075729,session_20260802_075729_COMMERCIAL_F1250_V3p9_R03_20260802_080325_454736,/mnt/e/MEPI/MEPI_DATA/demo/session_20260802_075729/samples.csv,/mnt/e/MEPI/MEPI_DATA/demo/session_20260802_075729/raw/session_20260802_075729_COMMERCIAL_F1250_V3p9_R03_20260802_080325_454736_scope1.csv,/mnt/e/MEPI/MEPI_DATA/demo/session_20260802_075729/raw/session_20260802_075729_COMMERCIAL_F1250_V3p9_R03_20260802_080325_454736_scope2.csv,4e97c78de0bbca38028e4de86a86ae01799926429c0a5107d711f5dca46dd7d2,9954bd1cea29939bc89e3e53e5dbb7d5c104b41f59b78bcac4e894c9e09c8f74,46.437198028872515,WARNING,,TEMPERATURE_CALIBRATION_PENDING;VIN_REFERENCE_DRIFT;VIN_SCOPE1_SCOPE2_MISMATCH,LEGACY_DATA_NOT_GROUND_TRUTH,raw Scope #2 CH1 primary Vin,28.0,25.25,28.0,28.0,SWAPPED_CORE_ROOM_CHANNELS_PHYSICALLY_VERIFIED,2026-09-23,0,REFERENCE_BASED_CALIBRATION_NOT_FOUND,3.9,3.9,3.9,0.0,EXACT_FROZEN_LABEL,NOT_GENERATED_LSP_DEFINITION_INCOMPLETE
session_20260802_075729_COMMERCIAL_F1250_V3p9_R04_20260802_080329_261143,session_20260802_075729,F1250_V3p9_RL49p6025_SINE,demo,COMMERCIAL,4,sine,49.6025,1.5152,0.1012,0.1038,1250.0,1252.0,0.16,0.9823643277667982,3.89,3.9,3.981702643661798,-4.019729693025208,25.25,0.6026744182927359,0.42515863588966935,0.6519479224913565,10014.31884765625,1.109597347641056,2.357394438606125,3.7251843817845196,6.442426389765579,1253.8,0.14356356675705492,3.962002959129708,27.75,2.5,0.337168515,0.3404879133718324,0.34044819228166995,0.22252409912882787,0.22478880675818375,-46.06367773569657,3.662712048160744,0.07384127913231679,5.934393632199999,5.5294890726,0.575169334982667,0.27045934272953726,0.005577090920445837,0.2991329013326839,47.022559493316464,,1,1.7552858417393065,2.39135838547885,0.9748946266434421,0.09051055745017439,0.29671968160999995,0.27647445363,1,,VIN_SCOPE1_SCOPE2_MISMATCH;VIN_REFERENCE_DRIFT,raw\session_20260802_075729_COMMERCIAL_F1250_V3p9_R04_20260802_080329_261143_scope1.csv,raw\session_20260802_075729_COMMERCIAL_F1250_V3p9_R04_20260802_080329_261143_scope2.csv,processed\session_20260802_075729_COMMERCIAL_F1250_V3p9_R04_20260802_080329_261143_B1024.csv,preview\session_20260802_075729_COMMERCIAL_F1250_V3p9_R04_20260802_080329_261143_preview.svg,2026-08-02T08:03:29.354743,MEPI-FROZEN-PROTOCOL v1.1,primary-B-reprocess-v2-temperature-channel-swap,session_20260802_075729,session_20260802_075729_COMMERCIAL_F1250_V3p9_R04_20260802_080329_261143,/mnt/e/MEPI/MEPI_DATA/demo/session_20260802_075729/samples.csv,/mnt/e/MEPI/MEPI_DATA/demo/session_20260802_075729/raw/session_20260802_075729_COMMERCIAL_F1250_V3p9_R04_20260802_080329_261143_scope1.csv,/mnt/e/MEPI/MEPI_DATA/demo/session_20260802_075729/raw/session_20260802_075729_COMMERCIAL_F1250_V3p9_R04_20260802_080329_261143_scope2.csv,f903d00bc20bbb2dd2faac0b0e2d4dec13b34138e2b2a9bbef27f40b80a80ea7,63f38c1f47c2b3dd577b45dd4d7e56aff4d868bd995b59ab51e8de640a672fea,46.063677735696615,WARNING,,TEMPERATURE_CALIBRATION_PENDING;VIN_REFERENCE_DRIFT;VIN_SCOPE1_SCOPE2_MISMATCH,LEGACY_DATA_NOT_GROUND_TRUTH,raw Scope #2 CH1 primary Vin,27.75,25.25,27.75,27.75,SWAPPED_CORE_ROOM_CHANNELS_PHYSICALLY_VERIFIED,2026-09-23,0,REFERENCE_BASED_CALIBRATION_NOT_FOUND,3.9,3.9,3.9,0.0,EXACT_FROZEN_LABEL,NOT_GENERATED_LSP_DEFINITION_INCOMPLETE
session_20260802_075729_COMMERCIAL_F1250_V3p9_R05_20260802_080333_067549,session_20260802_075729,F1250_V3p9_RL49p6025_SINE,demo,COMMERCIAL,5,sine,49.6025,1.5152,0.1012,0.1038,1250.0,1254.1,0.32799999999999274,0.9823643277667982,3.89,3.9,3.9884410742375165,-4.099349427846684,25.25,0.6027313531920129,0.42577784978481387,0.5561493948710418,5645.057427978515,1.1096557689835105,2.5306188750010254,3.7224165601073373,6.6698870355268465,1254.1,0.0,3.9600568552251114,28.5,3.25,0.336472878,0.34150190406745,0.3414606023240032,0.22206499340021116,0.22498680042238645,-45.65898976935261,3.6688405530212305,0.07396483147061601,6.132700409400001,5.540343306799999,0.5777462331840486,0.27136517319677694,0.0055583302183028595,0.3008227297689688,46.96961357951944,,1,1.4675560638873466,2.3105913971856773,1.4726202131091939,0.09039097923804024,0.30663502047,0.2770171653399999,1,,VIN_SCOPE1_SCOPE2_MISMATCH;VIN_REFERENCE_DRIFT,raw\session_20260802_075729_COMMERCIAL_F1250_V3p9_R05_20260802_080333_067549_scope1.csv,raw\session_20260802_075729_COMMERCIAL_F1250_V3p9_R05_20260802_080333_067549_scope2.csv,processed\session_20260802_075729_COMMERCIAL_F1250_V3p9_R05_20260802_080333_067549_B1024.csv,preview\session_20260802_075729_COMMERCIAL_F1250_V3p9_R05_20260802_080333_067549_preview.svg,2026-08-02T08:03:33.161150,MEPI-FROZEN-PROTOCOL v1.1,primary-B-reprocess-v2-temperature-channel-swap,session_20260802_075729,session_20260802_075729_COMMERCIAL_F1250_V3p9_R05_20260802_080333_067549,/mnt/e/MEPI/MEPI_DATA/demo/session_20260802_075729/samples.csv,/mnt/e/MEPI/MEPI_DATA/demo/session_20260802_075729/raw/session_20260802_075729_COMMERCIAL_F1250_V3p9_R05_20260802_080333_067549_scope1.csv,/mnt/e/MEPI/MEPI_DATA/demo/session_20260802_075729/raw/session_20260802_075729_COMMERCIAL_F1250_V3p9_R05_20260802_080333_067549_scope2.csv,26555bc6abb5b55809c3d10787e6e48a8b1e7b718a82068e2374520592d225ed,14f45882a91b92f36f89be59ac332a39086f6df473677729ed3bfc4f1dbcb753,45.65898976935257,WARNING,,TEMPERATURE_CALIBRATION_PENDING;VIN_REFERENCE_DRIFT;VIN_SCOPE1_SCOPE2_MISMATCH,LEGACY_DATA_NOT_GROUND_TRUTH,raw Scope #2 CH1 primary Vin,28.5,25.25,28.5,28.5,SWAPPED_CORE_ROOM_CHANNELS_PHYSICALLY_VERIFIED,2026-09-23,0,REFERENCE_BASED_CALIBRATION_NOT_FOUND,3.9,3.9,3.9,0.0,EXACT_FROZEN_LABEL,NOT_GENERATED_LSP_DEFINITION_INCOMPLETE
session_20260802_075729_COMMERCIAL_F1000_V3p9_R01_20260802_080344_533570,session_20260802_075729,F1000_V3p9_RL49p6025_SINE,demo,COMMERCIAL,1,sine,49.6025,1.5152,0.1012,0.1038,1000.0,1002.2,0.22000000000000455,0.7714145968379442,3.89,3.9,4.005251395305213,-5.692849803663061,25.75,0.7275983626986999,0.5105744816254609,1.6034854661577826,4801.46410522461,1.108100173541808,2.9627608047615506,3.7421626240517347,6.5685957081716015,1003.3,0.10963819395992316,4.003683040777968,28.0,2.25,0.410909003,0.4174609212173609,0.41749097964171333,0.2711912638595565,0.275409186906019,-52.264103288400726,3.659920601901275,0.07378500281036793,5.951117205400004,5.539097107399994,0.6211061588076644,0.27004725189700907,0.00800783452649041,0.34305107238416493,43.478437311814446,,1,1.9459810687543844,3.3725051253255485,1.5694686339154333,0.10980522341786945,0.2975558602700002,0.2769548553699997,0,VOUT_THD,VIN_SCOPE1_SCOPE2_MISMATCH;VIN_REFERENCE_DRIFT,raw\session_20260802_075729_COMMERCIAL_F1000_V3p9_R01_20260802_080344_533570_scope1.csv,raw\session_20260802_075729_COMMERCIAL_F1000_V3p9_R01_20260802_080344_533570_scope2.csv,processed\session_20260802_075729_COMMERCIAL_F1000_V3p9_R01_20260802_080344_533570_B1024.csv,preview\session_20260802_075729_COMMERCIAL_F1000_V3p9_R01_20260802_080344_533570_preview.svg,2026-08-02T08:03:44.627170,MEPI-FROZEN-PROTOCOL v1.1,primary-B-reprocess-v2-temperature-channel-swap,session_20260802_075729,session_20260802_075729_COMMERCIAL_F1000_V3p9_R01_20260802_080344_533570,/mnt/e/MEPI/MEPI_DATA/demo/session_20260802_075729/samples.csv,/mnt/e/MEPI/MEPI_DATA/demo/session_20260802_075729/raw/session_20260802_075729_COMMERCIAL_F1000_V3p9_R01_20260802_080344_533570_scope1.csv,/mnt/e/MEPI/MEPI_DATA/demo/session_20260802_075729/raw/session_20260802_075729_COMMERCIAL_F1000_V3p9_R01_20260802_080344_533570_scope2.csv,cbedba8725a1601a33be41859861cc15828968d7cb62557630435f6719097f78,b05408a1be6e0802d40bd23f9c0fb6f5f7f200d2363bce5049b94eba397b64c0,52.26410328840076,HARD_FAIL,VOUT_THD,TEMPERATURE_CALIBRATION_PENDING;VIN_REFERENCE_DRIFT;VIN_SCOPE1_SCOPE2_MISMATCH,LEGACY_DATA_NOT_GROUND_TRUTH,raw Scope #2 CH1 primary Vin,28.0,25.75,28.0,28.0,SWAPPED_CORE_ROOM_CHANNELS_PHYSICALLY_VERIFIED,2026-09-23,0,REFERENCE_BASED_CALIBRATION_NOT_FOUND,3.9,3.9,3.9,0.0,EXACT_FROZEN_LABEL,NOT_GENERATED_LSP_DEFINITION_INCOMPLETE
session_20260802_075729_COMMERCIAL_F1000_V3p9_R02_20260802_080348_339976,session_20260802_075729,F1000_V3p9_RL49p6025_SINE,demo,COMMERCIAL,2,sine,49.6025,1.5152,0.1012,0.1038,1000.0,1003.5,0.35,0.7714145968379442,3.89,3.9,4.00571905568984,-5.561068479895738,25.75,0.7254692361930211,0.5098798900282229,1.5267883270678662,4739.644912719727,1.1081605431600137,2.9747829226180227,3.7220583286461464,7.081393455209487,1004.0,0.049800796812749,3.9834270124433333,27.5,1.75,0.410821688,0.41470913990440866,0.41473796752250464,0.2711336378035903,0.2731652587117212,-52.15118228037099,3.6603737646206342,0.07379413869503824,5.943961405800003,5.538172505999994,0.6192097957159426,0.2701141292620944,0.008004811769535256,0.34109085468431294,43.62239278688786,,1,1.9022607345111477,3.1062479842400283,0.9373923866989551,0.11037486565919347,0.29719807029000017,0.2769086252999997,0,VOUT_THD,VIN_SCOPE1_SCOPE2_MISMATCH;VIN_REFERENCE_DRIFT,raw\session_20260802_075729_COMMERCIAL_F1000_V3p9_R02_20260802_080348_339976_scope1.csv,raw\session_20260802_075729_COMMERCIAL_F1000_V3p9_R02_20260802_080348_339976_scope2.csv,processed\session_20260802_075729_COMMERCIAL_F1000_V3p9_R02_20260802_080348_339976_B1024.csv,preview\session_20260802_075729_COMMERCIAL_F1000_V3p9_R02_20260802_080348_339976_preview.svg,2026-08-02T08:03:48.433576,MEPI-FROZEN-PROTOCOL v1.1,primary-B-reprocess-v2-temperature-channel-swap,session_20260802_075729,session_20260802_075729_COMMERCIAL_F1000_V3p9_R02_20260802_080348_339976,/mnt/e/MEPI/MEPI_DATA/demo/session_20260802_075729/samples.csv,/mnt/e/MEPI/MEPI_DATA/demo/session_20260802_075729/raw/session_20260802_075729_COMMERCIAL_F1000_V3p9_R02_20260802_080348_339976_scope1.csv,/mnt/e/MEPI/MEPI_DATA/demo/session_20260802_075729/raw/session_20260802_075729_COMMERCIAL_F1000_V3p9_R02_20260802_080348_339976_scope2.csv,166ab293f240aed0f7e942383a5a2d36b07b2f4d1f2826d95283a4d1f6dc29f7,ce29c3667b4c27450afd86ad76ccfd313dd79d6ef02e777af0ddd1caa19ec09f,52.15118228037104,HARD_FAIL,VOUT_THD,TEMPERATURE_CALIBRATION_PENDING;VIN_REFERENCE_DRIFT;VIN_SCOPE1_SCOPE2_MISMATCH,LEGACY_DATA_NOT_GROUND_TRUTH,raw Scope #2 CH1 primary Vin,27.5,25.75,27.5,27.5,SWAPPED_CORE_ROOM_CHANNELS_PHYSICALLY_VERIFIED,2026-09-23,0,REFERENCE_BASED_CALIBRATION_NOT_FOUND,3.9,3.9,3.9,0.0,EXACT_FROZEN_LABEL,NOT_GENERATED_LSP_DEFINITION_INCOMPLETE
session_20260802_075729_COMMERCIAL_F1000_V3p9_R03_20260802_080352_161983,session_20260802_075729,F1000_V3p9_RL49p6025_SINE,demo,COMMERCIAL,3,sine,49.6025,1.5152,0.1012,0.1038,1000.0,1002.1,0.21000000000000227,0.7714145968379442,3.89,3.9,4.012051375805786,-5.496506589482111,25.5,0.7272752511589999,0.5105841422077237,1.696939384230146,4764.806903076172,1.107955343780216,3.1375675014346114,3.7325208787066932,6.967271126805279,1003.0,0.08973080757726593,3.9939664329906877,27.5,2.0,0.410168454,0.41643936300920315,0.4164696701802507,0.2707025171594509,0.27461721224920804,-51.96306686031811,3.6628489653360377,0.07384403942011063,5.952082007800003,5.537690178199993,0.6225791872771946,0.2704795633861858,0.00798193649898986,0.344117687392019,43.445005697846845,,1,2.144258579431113,3.3283279647370914,1.505839641067875,0.10989046473656215,0.2976041003900002,0.27688450890999966,0,VOUT_THD,VIN_SCOPE1_SCOPE2_MISMATCH;VIN_REFERENCE_DRIFT,raw\session_20260802_075729_COMMERCIAL_F1000_V3p9_R03_20260802_080352_161983_scope1.csv,raw\session_20260802_075729_COMMERCIAL_F1000_V3p9_R03_20260802_080352_161983_scope2.csv,processed\session_20260802_075729_COMMERCIAL_F1000_V3p9_R03_20260802_080352_161983_B1024.csv,preview\session_20260802_075729_COMMERCIAL_F1000_V3p9_R03_20260802_080352_161983_preview.svg,2026-08-02T08:03:52.271183,MEPI-FROZEN-PROTOCOL v1.1,primary-B-reprocess-v2-temperature-channel-swap,session_20260802_075729,session_20260802_075729_COMMERCIAL_F1000_V3p9_R03_20260802_080352_161983,/mnt/e/MEPI/MEPI_DATA/demo/session_20260802_075729/samples.csv,/mnt/e/MEPI/MEPI_DATA/demo/session_20260802_075729/raw/session_20260802_075729_COMMERCIAL_F1000_V3p9_R03_20260802_080352_161983_scope1.csv,/mnt/e/MEPI/MEPI_DATA/demo/session_20260802_075729/raw/session_20260802_075729_COMMERCIAL_F1000_V3p9_R03_20260802_080352_161983_scope2.csv,e9da49ce87f5b3b1e270827da4b7ed78e4e381516397a6dd261d4c945cbd53fe,49926752d92b03c2abe05efe647cc4893caeaf3b08307adc0e18a73c7e037f40,51.96306686031814,HARD_FAIL,VOUT_THD,TEMPERATURE_CALIBRATION_PENDING;VIN_REFERENCE_DRIFT;VIN_SCOPE1_SCOPE2_MISMATCH,LEGACY_DATA_NOT_GROUND_TRUTH,raw Scope #2 CH1 primary Vin,27.5,25.5,27.5,27.5,SWAPPED_CORE_ROOM_CHANNELS_PHYSICALLY_VERIFIED,2026-09-23,0,REFERENCE_BASED_CALIBRATION_NOT_FOUND,3.9,3.9,3.9,0.0,EXACT_FROZEN_LABEL,NOT_GENERATED_LSP_DEFINITION_INCOMPLETE
session_20260802_075729_COMMERCIAL_F1000_V3p9_R04_20260802_080355_983990,session_20260802_075729,F1000_V3p9_RL49p6025_SINE,demo,COMMERCIAL,4,sine,49.6025,1.5152,0.1012,0.1038,1000.0,1004.7,0.4700000000000045,0.7714145968379442,3.89,3.9,3.999906812023569,-5.4701477649051435,25.75,0.724715354864145,0.5094560207452894,1.4258564296264769,4757.822341918945,1.1083149907591983,2.8253679183439586,3.7184087725281643,7.037614942659307,1003.0,0.16920473773266104,3.9788989611632863,28.25,2.5,0.410475254,0.4141903695646433,0.41420971782974253,0.27090499868004225,0.2731652587117212,-52.40551434578412,3.6533484376358705,0.07365250617682316,5.946132236400003,5.543800632199994,0.6145440832383303,0.2690782683690632,0.00799010224789915,0.337475712621368,43.78502302896799,,1,1.5331189108165253,2.7806674455204097,0.8969584610449144,0.11039002947513923,0.2973066118200002,0.27719003160999967,1,,VIN_SCOPE1_SCOPE2_MISMATCH;VIN_REFERENCE_DRIFT,raw\session_20260802_075729_COMMERCIAL_F1000_V3p9_R04_20260802_080355_983990_scope1.csv,raw\session_20260802_075729_COMMERCIAL_F1000_V3p9_R04_20260802_080355_983990_scope2.csv,processed\session_20260802_075729_COMMERCIAL_F1000_V3p9_R04_20260802_080355_983990_B1024.csv,preview\session_20260802_075729_COMMERCIAL_F1000_V3p9_R04_20260802_080355_983990_preview.svg,2026-08-02T08:03:56.077590,MEPI-FROZEN-PROTOCOL v1.1,primary-B-reprocess-v2-temperature-channel-swap,session_20260802_075729,session_20260802_075729_COMMERCIAL_F1000_V3p9_R04_20260802_080355_983990,/mnt/e/MEPI/MEPI_DATA/demo/session_20260802_075729/samples.csv,/mnt/e/MEPI/MEPI_DATA/demo/session_20260802_075729/raw/session_20260802_075729_COMMERCIAL_F1000_V3p9_R04_20260802_080355_983990_scope1.csv,/mnt/e/MEPI/MEPI_DATA/demo/session_20260802_075729/raw/session_20260802_075729_COMMERCIAL_F1000_V3p9_R04_20260802_080355_983990_scope2.csv,8babf3cecec3b4200151c36f743896d0ddf5335e837f8224122f9a2f71bda9d3,e469531f9b84ba5a3acc7ffc6aa41081ad831820abd10fd09ed9d64155242a85,52.40551434578412,WARNING,,TEMPERATURE_CALIBRATION_PENDING;VIN_REFERENCE_DRIFT;VIN_SCOPE1_SCOPE2_MISMATCH,LEGACY_DATA_NOT_GROUND_TRUTH,raw Scope #2 CH1 primary Vin,28.25,25.75,28.25,28.25,SWAPPED_CORE_ROOM_CHANNELS_PHYSICALLY_VERIFIED,2026-09-23,0,REFERENCE_BASED_CALIBRATION_NOT_FOUND,3.9,3.9,3.9,0.0,EXACT_FROZEN_LABEL,NOT_GENERATED_LSP_DEFINITION_INCOMPLETE
session_20260802_075729_COMMERCIAL_F1000_V3p9_R05_20260802_080359_790396,session_20260802_075729,F1000_V3p9_RL49p6025_SINE,demo,COMMERCIAL,5,sine,49.6025,1.5152,0.1012,0.1038,1000.0,1003.4,0.33999999999999775,0.7714145968379442,3.89,3.9,4.009281608370974,-5.528152747288912,25.25,0.7266079716112017,0.5108121651506703,1.375174233757699,4735.344934082031,1.108349028007211,3.066365253752374,3.7362201581347523,6.8107326176862735,1004.5,0.10950721752115707,3.9971768854584546,28.25,3.0,0.410654679,0.4170043886614139,0.4170510640959998,0.2710234153907075,0.2747492080253432,-55.28098606758585,3.6616822808689147,0.0738205187413722,5.9530468736000035,5.544202647399993,0.5767304774828953,0.27030728543983423,0.007999168479908513,0.29842402356315256,46.86890948083301,,1,1.6220372120989464,3.1057434468767755,1.5226961236059178,0.10991179898911875,0.29765234368000015,0.27721013236999964,0,VOUT_THD,VIN_SCOPE1_SCOPE2_MISMATCH;VIN_REFERENCE_DRIFT,raw\session_20260802_075729_COMMERCIAL_F1000_V3p9_R05_20260802_080359_790396_scope1.csv,raw\session_20260802_075729_COMMERCIAL_F1000_V3p9_R05_20260802_080359_790396_scope2.csv,processed\session_20260802_075729_COMMERCIAL_F1000_V3p9_R05_20260802_080359_790396_B1024.csv,preview\session_20260802_075729_COMMERCIAL_F1000_V3p9_R05_20260802_080359_790396_preview.svg,2026-08-02T08:03:59.899597,MEPI-FROZEN-PROTOCOL v1.1,primary-B-reprocess-v2-temperature-channel-swap,session_20260802_075729,session_20260802_075729_COMMERCIAL_F1000_V3p9_R05_20260802_080359_790396,/mnt/e/MEPI/MEPI_DATA/demo/session_20260802_075729/samples.csv,/mnt/e/MEPI/MEPI_DATA/demo/session_20260802_075729/raw/session_20260802_075729_COMMERCIAL_F1000_V3p9_R05_20260802_080359_790396_scope1.csv,/mnt/e/MEPI/MEPI_DATA/demo/session_20260802_075729/raw/session_20260802_075729_COMMERCIAL_F1000_V3p9_R05_20260802_080359_790396_scope2.csv,9a5515891d90b9e748c0a5c3116ed932682dbc224bb40d1badd2cc4c1042a58c,9bb45c833d1a6ef20d2a27e320ec99955bdd680a436aa6d365fa128bacc6a217,55.28098606758587,HARD_FAIL,VOUT_THD,TEMPERATURE_CALIBRATION_PENDING;VIN_REFERENCE_DRIFT;VIN_SCOPE1_SCOPE2_MISMATCH,LEGACY_DATA_NOT_GROUND_TRUTH,raw Scope #2 CH1 primary Vin,28.25,25.25,28.25,28.25,SWAPPED_CORE_ROOM_CHANNELS_PHYSICALLY_VERIFIED,2026-09-23,0,REFERENCE_BASED_CALIBRATION_NOT_FOUND,3.9,3.9,3.9,0.0,EXACT_FROZEN_LABEL,NOT_GENERATED_LSP_DEFINITION_INCOMPLETE
